pair_id	parabricks_support	parabricks_read_ids	parabricks_status	run_accession	assembly
1810013L24Rik:Pmm2	0	[]	not_detected_in_200000_pair_pilot	SRR37513722	GRCm39
Abca3:Nup205	0	[]	not_detected_in_200000_pair_pilot	SRR37513722	GRCm39
Abcc5:Oas1a	0	[]	not_detected_in_200000_pair_pilot	SRR37513722	GRCm39
Abr:Pitpna	0	[]	not_detected_in_200000_pair_pilot	SRR37513722	GRCm39
Acod1:Cd86	0	[]	not_detected_in_200000_pair_pilot	SRR37513722	GRCm39
Acsl4:Tmem164	0	[]	not_detected_in_200000_pair_pilot	SRR37513722	GRCm39
Actr3:Pla2g4a	0	[]	not_detected_in_200000_pair_pilot	SRR37513722	GRCm39
Adam8:Tyrobp	0	[]	not_detected_in_200000_pair_pilot	SRR37513722	GRCm39
Adprm:Emc2	0	[]	not_detected_in_200000_pair_pilot	SRR37513722	GRCm39
Afg3l2:Cndp2	0	[]	not_detected_in_200000_pair_pilot	SRR37513722	GRCm39
Agl:Brk1	0	[]	not_detected_in_200000_pair_pilot	SRR37513722	GRCm39
Ammecr1:Rab9	0	[]	not_detected_in_200000_pair_pilot	SRR37513722	GRCm39
Ampd3:Hapln3	0	[]	not_detected_in_200000_pair_pilot	SRR37513722	GRCm39
Ankrd33b:Chd4	0	[]	not_detected_in_200000_pair_pilot	SRR37513722	GRCm39
Aoah:Sirt5	0	[]	not_detected_in_200000_pair_pilot	SRR37513722	GRCm39
Aopep:Sdha	0	[]	not_detected_in_200000_pair_pilot	SRR37513722	GRCm39
Appbp2:Bcas3	0	[]	not_detected_in_200000_pair_pilot	SRR37513722	GRCm39
Arhgap30:Csnk1g3	0	[]	not_detected_in_200000_pair_pilot	SRR37513722	GRCm39
Arl5b:4930455G09Rik	0	[]	not_detected_in_200000_pair_pilot	SRR37513722	GRCm39
Arrb1:Cnot7	0	[]	not_detected_in_200000_pair_pilot	SRR37513722	GRCm39
Asl:Cct6a	0	[]	not_detected_in_200000_pair_pilot	SRR37513722	GRCm39
Atp1b3:Mthfs	0	[]	not_detected_in_200000_pair_pilot	SRR37513722	GRCm39
Atp6v0a1:Akr1a1	0	[]	not_detected_in_200000_pair_pilot	SRR37513722	GRCm39
Atxn7l1:Mir99ahg	0	[]	not_detected_in_200000_pair_pilot	SRR37513722	GRCm39
Babam2:Mrpl33	0	[]	not_detected_in_200000_pair_pilot	SRR37513722	GRCm39
Cacna1d:Ninj1	0	[]	not_detected_in_200000_pair_pilot	SRR37513722	GRCm39
Ccdc97:Ddrgk1	0	[]	not_detected_in_200000_pair_pilot	SRR37513722	GRCm39
Cd36:Ppp1cb	0	[]	not_detected_in_200000_pair_pilot	SRR37513722	GRCm39
Cdk18:Spcs2	0	[]	not_detected_in_200000_pair_pilot	SRR37513722	GRCm39
Chchd3:1810058I24Rik	0	[]	not_detected_in_200000_pair_pilot	SRR37513722	GRCm39
Chd1:Ttc27	0	[]	not_detected_in_200000_pair_pilot	SRR37513722	GRCm39
Clcn7:Psmb9	0	[]	not_detected_in_200000_pair_pilot	SRR37513722	GRCm39
Cltc:Cfl1	0	[]	not_detected_in_200000_pair_pilot	SRR37513722	GRCm39
Copb2:Gch1	0	[]	not_detected_in_200000_pair_pilot	SRR37513722	GRCm39
Cpq:Mdfic	0	[]	not_detected_in_200000_pair_pilot	SRR37513722	GRCm39
Ctcf:Lamp1	0	[]	not_detected_in_200000_pair_pilot	SRR37513722	GRCm39
Cyb5a:2610001J05Rik	0	[]	not_detected_in_200000_pair_pilot	SRR37513722	GRCm39
Dcp1a:Nmd3	0	[]	not_detected_in_200000_pair_pilot	SRR37513722	GRCm39
Dcstamp:Degs1	0	[]	not_detected_in_200000_pair_pilot	SRR37513722	GRCm39
Dennd4c:Fbxl4	0	[]	not_detected_in_200000_pair_pilot	SRR37513722	GRCm39
Disp1:Mtarc2	0	[]	not_detected_in_200000_pair_pilot	SRR37513722	GRCm39
Dnajc5:Dpep2	0	[]	not_detected_in_200000_pair_pilot	SRR37513722	GRCm39
Dnase2a:Kdm3b	0	[]	not_detected_in_200000_pair_pilot	SRR37513722	GRCm39
Dnmt3a:Ethe1	0	[]	not_detected_in_200000_pair_pilot	SRR37513722	GRCm39
Dtx2:Fam53a	0	[]	not_detected_in_200000_pair_pilot	SRR37513722	GRCm39
Eif3a:Dennd10	0	[]	not_detected_in_200000_pair_pilot	SRR37513722	GRCm39
Emc3:Ndufa7	0	[]	not_detected_in_200000_pair_pilot	SRR37513722	GRCm39
Epb41l1:Dlgap4	0	[]	not_detected_in_200000_pair_pilot	SRR37513722	GRCm39
Eprs:Exo1	0	[]	not_detected_in_200000_pair_pilot	SRR37513722	GRCm39
Exoc1:Npm1	0	[]	not_detected_in_200000_pair_pilot	SRR37513722	GRCm39
Fbxw11:Rtn4	0	[]	not_detected_in_200000_pair_pilot	SRR37513722	GRCm39
Foxo3:Copz1	0	[]	not_detected_in_200000_pair_pilot	SRR37513722	GRCm39
Fubp1:Pgd	0	[]	not_detected_in_200000_pair_pilot	SRR37513722	GRCm39
Gab2:Mapk1	0	[]	not_detected_in_200000_pair_pilot	SRR37513722	GRCm39
Gatm:Snx5	0	[]	not_detected_in_200000_pair_pilot	SRR37513722	GRCm39
Gna11:4932438A13Rik	0	[]	not_detected_in_200000_pair_pilot	SRR37513722	GRCm39
Golga4:Bcl2a1b	0	[]	not_detected_in_200000_pair_pilot	SRR37513722	GRCm39
Gpnmb:Arf2	0	[]	not_detected_in_200000_pair_pilot	SRR37513722	GRCm39
Gsdmd:Tmem106a	0	[]	not_detected_in_200000_pair_pilot	SRR37513722	GRCm39
H2-Q7:Tmem179b	0	[]	not_detected_in_200000_pair_pilot	SRR37513722	GRCm39
Hmbox1:Emc4	0	[]	not_detected_in_200000_pair_pilot	SRR37513722	GRCm39
Hnrnpll:Galm	0	[]	not_detected_in_200000_pair_pilot	SRR37513722	GRCm39
Hsd17b4:Wdr36	0	[]	not_detected_in_200000_pair_pilot	SRR37513722	GRCm39
Ifngr2:Parp14	0	[]	not_detected_in_200000_pair_pilot	SRR37513722	GRCm39
Il7r:Pygm	0	[]	not_detected_in_200000_pair_pilot	SRR37513722	GRCm39
Iqgap1:Dusp10	0	[]	not_detected_in_200000_pair_pilot	SRR37513722	GRCm39
Itgav:AI182371	0	[]	not_detected_in_200000_pair_pilot	SRR37513722	GRCm39
Itsn1:Gm34342	0	[]	not_detected_in_200000_pair_pilot	SRR37513722	GRCm39
Kansl1:Lsm12	0	[]	not_detected_in_200000_pair_pilot	SRR37513722	GRCm39
Kat5:Capg	0	[]	not_detected_in_200000_pair_pilot	SRR37513722	GRCm39
Knstrn:Ralgapa2	0	[]	not_detected_in_200000_pair_pilot	SRR37513722	GRCm39
Large1:Rpia	0	[]	not_detected_in_200000_pair_pilot	SRR37513722	GRCm39
Ldlrad3:1700012C14Rik	0	[]	not_detected_in_200000_pair_pilot	SRR37513722	GRCm39
Lncpint:Gt(ROSA)26Sor	0	[]	not_detected_in_200000_pair_pilot	SRR37513722	GRCm39
Lrp1:Mndal	0	[]	not_detected_in_200000_pair_pilot	SRR37513722	GRCm39
Map3k2:St14	0	[]	not_detected_in_200000_pair_pilot	SRR37513722	GRCm39
Mapkapk3:Rftn1	0	[]	not_detected_in_200000_pair_pilot	SRR37513722	GRCm39
Marchf8:Dcp1b	0	[]	not_detected_in_200000_pair_pilot	SRR37513722	GRCm39
Med15:Eif4g1	0	[]	not_detected_in_200000_pair_pilot	SRR37513722	GRCm39
Mertk:Laptm4a	0	[]	not_detected_in_200000_pair_pilot	SRR37513722	GRCm39
Mink1:Crat	0	[]	not_detected_in_200000_pair_pilot	SRR37513722	GRCm39
Mink1:Tmem65	0	[]	not_detected_in_200000_pair_pilot	SRR37513722	GRCm39
Mpdu1:Hk3	0	[]	not_detected_in_200000_pair_pilot	SRR37513722	GRCm39
Ms4a7:Cog6	0	[]	not_detected_in_200000_pair_pilot	SRR37513722	GRCm39
Mtx1:1810009A15Rik	0	[]	not_detected_in_200000_pair_pilot	SRR37513722	GRCm39
Myo1b:Atp6v1h	0	[]	not_detected_in_200000_pair_pilot	SRR37513722	GRCm39
Myo1g:Jmjd1c	0	[]	not_detected_in_200000_pair_pilot	SRR37513722	GRCm39
Nav1:Cd84	0	[]	not_detected_in_200000_pair_pilot	SRR37513722	GRCm39
Nckap1l:Fuca1	0	[]	not_detected_in_200000_pair_pilot	SRR37513722	GRCm39
Nedd4l:Lman1	0	[]	not_detected_in_200000_pair_pilot	SRR37513722	GRCm39
Nfat5:Arhgap10	0	[]	not_detected_in_200000_pair_pilot	SRR37513722	GRCm39
Nod1:Lyn	0	[]	not_detected_in_200000_pair_pilot	SRR37513722	GRCm39
Npc1:Slx4	0	[]	not_detected_in_200000_pair_pilot	SRR37513722	GRCm39
Npepps:Mocs2	0	[]	not_detected_in_200000_pair_pilot	SRR37513722	GRCm39
Nudt3:Anks1	0	[]	not_detected_in_200000_pair_pilot	SRR37513722	GRCm39
Ogdh:Rabep1	0	[]	not_detected_in_200000_pair_pilot	SRR37513722	GRCm39
Osbpl8:Spty2d1	0	[]	not_detected_in_200000_pair_pilot	SRR37513722	GRCm39
Osbpl9:Acot7	0	[]	not_detected_in_200000_pair_pilot	SRR37513722	GRCm39
Pacc1:Atf3	0	[]	not_detected_in_200000_pair_pilot	SRR37513722	GRCm39
Parp11:Lyn	0	[]	not_detected_in_200000_pair_pilot	SRR37513722	GRCm39
Pdap1:Atp5j2	0	[]	not_detected_in_200000_pair_pilot	SRR37513722	GRCm39
Pgap2:Tnip3	0	[]	not_detected_in_200000_pair_pilot	SRR37513722	GRCm39
Pigt:Cd63	0	[]	not_detected_in_200000_pair_pilot	SRR37513722	GRCm39
Pik3ap1:Prdx1	0	[]	not_detected_in_200000_pair_pilot	SRR37513722	GRCm39
Pkp4:Hacd1	0	[]	not_detected_in_200000_pair_pilot	SRR37513722	GRCm39
Plekhm2:Map4	0	[]	not_detected_in_200000_pair_pilot	SRR37513722	GRCm39
Pmm2:Morf4l1	0	[]	not_detected_in_200000_pair_pilot	SRR37513722	GRCm39
Por:Ctsl	0	[]	not_detected_in_200000_pair_pilot	SRR37513722	GRCm39
Ppard:Mapk14	0	[]	not_detected_in_200000_pair_pilot	SRR37513722	GRCm39
Ppp2r5c:Ddx24	0	[]	not_detected_in_200000_pair_pilot	SRR37513722	GRCm39
Prpf39:Mrps9	0	[]	not_detected_in_200000_pair_pilot	SRR37513722	GRCm39
Psmc2:Pmpcb	0	[]	not_detected_in_200000_pair_pilot	SRR37513722	GRCm39
Ptpn6:Ptms	0	[]	not_detected_in_200000_pair_pilot	SRR37513722	GRCm39
Ptprj:Tlcd2	0	[]	not_detected_in_200000_pair_pilot	SRR37513722	GRCm39
Rab31:Ppp4r1	0	[]	not_detected_in_200000_pair_pilot	SRR37513722	GRCm39
Rac1:Reep5	0	[]	not_detected_in_200000_pair_pilot	SRR37513722	GRCm39
Rasa3:Rab20	0	[]	not_detected_in_200000_pair_pilot	SRR37513722	GRCm39
Rbks:Babam2	0	[]	not_detected_in_200000_pair_pilot	SRR37513722	GRCm39
Rcbtb2:Itm2b	0	[]	not_detected_in_200000_pair_pilot	SRR37513722	GRCm39
Ric1:Ppcdc	0	[]	not_detected_in_200000_pair_pilot	SRR37513722	GRCm39
Rnf130:Abhd12	0	[]	not_detected_in_200000_pair_pilot	SRR37513722	GRCm39
Rnf130:Plcl2	0	[]	not_detected_in_200000_pair_pilot	SRR37513722	GRCm39
Rtf1:Rmdn3	0	[]	not_detected_in_200000_pair_pilot	SRR37513722	GRCm39
Runx1:Mrps6	0	[]	not_detected_in_200000_pair_pilot	SRR37513722	GRCm39
Sec22b:Rap1a	0	[]	not_detected_in_200000_pair_pilot	SRR37513722	GRCm39
Septin7:Tmem120a	0	[]	not_detected_in_200000_pair_pilot	SRR37513722	GRCm39
Sf3b1:Gpnmb	0	[]	not_detected_in_200000_pair_pilot	SRR37513722	GRCm39
Sh3gl1:Nnt	0	[]	not_detected_in_200000_pair_pilot	SRR37513722	GRCm39
Sh3pxd2b:Rab2a	0	[]	not_detected_in_200000_pair_pilot	SRR37513722	GRCm39
Sh3tc1:C1qb	0	[]	not_detected_in_200000_pair_pilot	SRR37513722	GRCm39
Slc23a2:Ppp1r1c	0	[]	not_detected_in_200000_pair_pilot	SRR37513722	GRCm39
Slc25a13:Sem1	0	[]	not_detected_in_200000_pair_pilot	SRR37513722	GRCm39
Smad4:Dym	0	[]	not_detected_in_200000_pair_pilot	SRR37513722	GRCm39
Snd1:Lmf1	0	[]	not_detected_in_200000_pair_pilot	SRR37513722	GRCm39
Snrnp200:Kansl2	0	[]	not_detected_in_200000_pair_pilot	SRR37513722	GRCm39
Soat1:Topbp1	0	[]	not_detected_in_200000_pair_pilot	SRR37513722	GRCm39
Sppl2a:Psma3	0	[]	not_detected_in_200000_pair_pilot	SRR37513722	GRCm39
Srpk1:Esd	0	[]	not_detected_in_200000_pair_pilot	SRR37513722	GRCm39
Ssh1:Ifi204	0	[]	not_detected_in_200000_pair_pilot	SRR37513722	GRCm39
Stau2:Eloc	0	[]	not_detected_in_200000_pair_pilot	SRR37513722	GRCm39
Stxbp3:Asb6	0	[]	not_detected_in_200000_pair_pilot	SRR37513722	GRCm39
Tanc2:Rnaset2b	0	[]	not_detected_in_200000_pair_pilot	SRR37513722	GRCm39
Tbc1d23:Xdh	0	[]	not_detected_in_200000_pair_pilot	SRR37513722	GRCm39
Tbxas1:Bpgm	0	[]	not_detected_in_200000_pair_pilot	SRR37513722	GRCm39
Tgm2:1110038F14Rik	0	[]	not_detected_in_200000_pair_pilot	SRR37513722	GRCm39
Tm9sf2:Mad1l1	0	[]	not_detected_in_200000_pair_pilot	SRR37513722	GRCm39
Tmcc3:Tnip3	0	[]	not_detected_in_200000_pair_pilot	SRR37513722	GRCm39
Tmem134:H2-Q4	0	[]	not_detected_in_200000_pair_pilot	SRR37513722	GRCm39
Tmem67:Chaserr	0	[]	not_detected_in_200000_pair_pilot	SRR37513722	GRCm39
Tnfrsf1b:Prxl2b	0	[]	not_detected_in_200000_pair_pilot	SRR37513722	GRCm39
Tomm70a:Ltn1	0	[]	not_detected_in_200000_pair_pilot	SRR37513722	GRCm39
Trappc10:Lyz2	0	[]	not_detected_in_200000_pair_pilot	SRR37513722	GRCm39
Trim25:Atox1	0	[]	not_detected_in_200000_pair_pilot	SRR37513722	GRCm39
Trim30c:Gm15133	0	[]	not_detected_in_200000_pair_pilot	SRR37513722	GRCm39
Tspan31:Nup88	0	[]	not_detected_in_200000_pair_pilot	SRR37513722	GRCm39
Txlng:Sms	0	[]	not_detected_in_200000_pair_pilot	SRR37513722	GRCm39
Ube2g1:Skap2	0	[]	not_detected_in_200000_pair_pilot	SRR37513722	GRCm39
Ubxn2b:Nsmaf	0	[]	not_detected_in_200000_pair_pilot	SRR37513722	GRCm39
Ufsp2:Oas1g	0	[]	not_detected_in_200000_pair_pilot	SRR37513722	GRCm39
Uty:Csnk1g3	0	[]	not_detected_in_200000_pair_pilot	SRR37513722	GRCm39
Uxt:Pi4k2a	0	[]	not_detected_in_200000_pair_pilot	SRR37513722	GRCm39
Vezt:Tmem19	0	[]	not_detected_in_200000_pair_pilot	SRR37513722	GRCm39
Vps13d:Cmpk1	0	[]	not_detected_in_200000_pair_pilot	SRR37513722	GRCm39
Vsir:Dctn6	0	[]	not_detected_in_200000_pair_pilot	SRR37513722	GRCm39
Wasl:Chchd3	0	[]	not_detected_in_200000_pair_pilot	SRR37513722	GRCm39
Wdr41:Tbca	0	[]	not_detected_in_200000_pair_pilot	SRR37513722	GRCm39
Wdyhv1:Prdx1	0	[]	not_detected_in_200000_pair_pilot	SRR37513722	GRCm39
Wwox:Maf	0	[]	not_detected_in_200000_pair_pilot	SRR37513722	GRCm39
Ypel2:Capg	0	[]	not_detected_in_200000_pair_pilot	SRR37513722	GRCm39
Zbtb17:Dhrs3	0	[]	not_detected_in_200000_pair_pilot	SRR37513722	GRCm39
Zcchc8:Sars	0	[]	not_detected_in_200000_pair_pilot	SRR37513722	GRCm39
Zfp266:Ly6a	0	[]	not_detected_in_200000_pair_pilot	SRR37513722	GRCm39
Zfp386:Gm20658	0	[]	not_detected_in_200000_pair_pilot	SRR37513722	GRCm39
Zfp704:Mrps28	0	[]	not_detected_in_200000_pair_pilot	SRR37513722	GRCm39
Zkscan17:Sp3os	0	[]	not_detected_in_200000_pair_pilot	SRR37513722	GRCm39
4833420G17Rik:Zfp951	0	[]	not_detected_in_200000_pair_pilot	SRR37513722	GRCm39
Abca1:Pgm1	0	[]	not_detected_in_200000_pair_pilot	SRR37513722	GRCm39
Abca3:Nek2	0	[]	not_detected_in_200000_pair_pilot	SRR37513722	GRCm39
Abcc5:Clic5	0	[]	not_detected_in_200000_pair_pilot	SRR37513722	GRCm39
Abl2:Soat1	0	[]	not_detected_in_200000_pair_pilot	SRR37513722	GRCm39
Acbd5:Eif6	0	[]	not_detected_in_200000_pair_pilot	SRR37513722	GRCm39
Acp2:Renbp	0	[]	not_detected_in_200000_pair_pilot	SRR37513722	GRCm39
Actr2:Nf1	0	[]	not_detected_in_200000_pair_pilot	SRR37513722	GRCm39
Adam10:Mta3	0	[]	not_detected_in_200000_pair_pilot	SRR37513722	GRCm39
Adgre1:Pals2	0	[]	not_detected_in_200000_pair_pilot	SRR37513722	GRCm39
Aff4:Cdc42se2	0	[]	not_detected_in_200000_pair_pilot	SRR37513722	GRCm39
Ankfy1:Ube2g1	0	[]	not_detected_in_200000_pair_pilot	SRR37513722	GRCm39
Aoah:Blcap	0	[]	not_detected_in_200000_pair_pilot	SRR37513722	GRCm39
Aopep:Akr1e1	0	[]	not_detected_in_200000_pair_pilot	SRR37513722	GRCm39
Ap5z1:Blvrb	0	[]	not_detected_in_200000_pair_pilot	SRR37513722	GRCm39
App:Opa1	0	[]	not_detected_in_200000_pair_pilot	SRR37513722	GRCm39
Arhgap10:Mrps28	0	[]	not_detected_in_200000_pair_pilot	SRR37513722	GRCm39
Arid5b:Nampt	0	[]	not_detected_in_200000_pair_pilot	SRR37513722	GRCm39
Arrb1:C2cd3	0	[]	not_detected_in_200000_pair_pilot	SRR37513722	GRCm39
Ash2l:Hgsnat	0	[]	not_detected_in_200000_pair_pilot	SRR37513722	GRCm39
Asph:Rab2a	0	[]	not_detected_in_200000_pair_pilot	SRR37513722	GRCm39
Atp2b1:Hnrnpdl	0	[]	not_detected_in_200000_pair_pilot	SRR37513722	GRCm39
Atp2b1:Spata6	0	[]	not_detected_in_200000_pair_pilot	SRR37513722	GRCm39
Atp8a1:Tmem33	0	[]	not_detected_in_200000_pair_pilot	SRR37513722	GRCm39
B4galt5:Zfas1	0	[]	not_detected_in_200000_pair_pilot	SRR37513722	GRCm39
Bbx:Ntan1	0	[]	not_detected_in_200000_pair_pilot	SRR37513722	GRCm39
Bin1:Ndufs8	0	[]	not_detected_in_200000_pair_pilot	SRR37513722	GRCm39
Birc6:Samhd1	0	[]	not_detected_in_200000_pair_pilot	SRR37513722	GRCm39
Btaf1:Atp8b4	0	[]	not_detected_in_200000_pair_pilot	SRR37513722	GRCm39
Btrc:Fbxw4	0	[]	not_detected_in_200000_pair_pilot	SRR37513722	GRCm39
Car5b:Gm20658	0	[]	not_detected_in_200000_pair_pilot	SRR37513722	GRCm39
Cd274:Lacc1	0	[]	not_detected_in_200000_pair_pilot	SRR37513722	GRCm39
Cd86:Atp5c1	0	[]	not_detected_in_200000_pair_pilot	SRR37513722	GRCm39
Cisd2:Ddrgk1	0	[]	not_detected_in_200000_pair_pilot	SRR37513722	GRCm39
Clic5:Tnip3	0	[]	not_detected_in_200000_pair_pilot	SRR37513722	GRCm39
Cog6:Dhx36	0	[]	not_detected_in_200000_pair_pilot	SRR37513722	GRCm39
Coro1b:Pitpnm1	0	[]	not_detected_in_200000_pair_pilot	SRR37513722	GRCm39
Csf2rb2:Ncf4	0	[]	not_detected_in_200000_pair_pilot	SRR37513722	GRCm39
Cux1:Cmtm7	0	[]	not_detected_in_200000_pair_pilot	SRR37513722	GRCm39
Cyrib:Pvt1	0	[]	not_detected_in_200000_pair_pilot	SRR37513722	GRCm39
Dennd1a:Zglp1	0	[]	not_detected_in_200000_pair_pilot	SRR37513722	GRCm39
Dhrs3:Tusc3	0	[]	not_detected_in_200000_pair_pilot	SRR37513722	GRCm39
Dnajc5:Tpd52l2	0	[]	not_detected_in_200000_pair_pilot	SRR37513722	GRCm39
Dram1:Krtcap2	0	[]	not_detected_in_200000_pair_pilot	SRR37513722	GRCm39
Ehd1:B2m	0	[]	not_detected_in_200000_pair_pilot	SRR37513722	GRCm39
Eif4g2:Nono	0	[]	not_detected_in_200000_pair_pilot	SRR37513722	GRCm39
Emilin2:Memo1	0	[]	not_detected_in_200000_pair_pilot	SRR37513722	GRCm39
Evl:H2-Oa	0	[]	not_detected_in_200000_pair_pilot	SRR37513722	GRCm39
Exoc6b:Chchd3	0	[]	not_detected_in_200000_pair_pilot	SRR37513722	GRCm39
Fkbp8:Pirb	0	[]	not_detected_in_200000_pair_pilot	SRR37513722	GRCm39
Frrs1:Blnk	0	[]	not_detected_in_200000_pair_pilot	SRR37513722	GRCm39
G3bp1:Skp1	0	[]	not_detected_in_200000_pair_pilot	SRR37513722	GRCm39
Gask1b:Sh3glb1	0	[]	not_detected_in_200000_pair_pilot	SRR37513722	GRCm39
Gle1:Stk38	0	[]	not_detected_in_200000_pair_pilot	SRR37513722	GRCm39
Gltp:Ankrd13a	0	[]	not_detected_in_200000_pair_pilot	SRR37513722	GRCm39
Gng12:Ipo8	0	[]	not_detected_in_200000_pair_pilot	SRR37513722	GRCm39
Gpatch8:Trp53	0	[]	not_detected_in_200000_pair_pilot	SRR37513722	GRCm39
Gramd1a:Xdh	0	[]	not_detected_in_200000_pair_pilot	SRR37513722	GRCm39
Gusb:Degs1	0	[]	not_detected_in_200000_pair_pilot	SRR37513722	GRCm39
Hexa:Clk3	0	[]	not_detected_in_200000_pair_pilot	SRR37513722	GRCm39
Hnrnph3:Ddx50	0	[]	not_detected_in_200000_pair_pilot	SRR37513722	GRCm39
Ifnar1:Necap2	0	[]	not_detected_in_200000_pair_pilot	SRR37513722	GRCm39
Igf2r:Oas2	0	[]	not_detected_in_200000_pair_pilot	SRR37513722	GRCm39
Inppl1:Il18bp	0	[]	not_detected_in_200000_pair_pilot	SRR37513722	GRCm39
Irgm1:Ifi47	0	[]	not_detected_in_200000_pair_pilot	SRR37513722	GRCm39
Itpr1:Ccdc91	0	[]	not_detected_in_200000_pair_pilot	SRR37513722	GRCm39
Jdp2:Rnaset2b	0	[]	not_detected_in_200000_pair_pilot	SRR37513722	GRCm39
Kansl1:Rilpl2	0	[]	not_detected_in_200000_pair_pilot	SRR37513722	GRCm39
Khsrp:Prmt1	0	[]	not_detected_in_200000_pair_pilot	SRR37513722	GRCm39
Kif16b:Taf4	0	[]	not_detected_in_200000_pair_pilot	SRR37513722	GRCm39
Kmt2e:Dmxl1	0	[]	not_detected_in_200000_pair_pilot	SRR37513722	GRCm39
Lamb3:Mul1	0	[]	not_detected_in_200000_pair_pilot	SRR37513722	GRCm39
Lcp1:Itm2b	0	[]	not_detected_in_200000_pair_pilot	SRR37513722	GRCm39
Lmf1:Srsf5	0	[]	not_detected_in_200000_pair_pilot	SRR37513722	GRCm39
Lpxn:Sem1	0	[]	not_detected_in_200000_pair_pilot	SRR37513722	GRCm39
Macf1:Capzb	0	[]	not_detected_in_200000_pair_pilot	SRR37513722	GRCm39
Malt1:Capg	0	[]	not_detected_in_200000_pair_pilot	SRR37513722	GRCm39
Map2k1:Hif1a	0	[]	not_detected_in_200000_pair_pilot	SRR37513722	GRCm39
Map3k1:Gm47283	0	[]	not_detected_in_200000_pair_pilot	SRR37513722	GRCm39
Mapkapk2:Arhgef2	0	[]	not_detected_in_200000_pair_pilot	SRR37513722	GRCm39
Marchf7:Mrpl15	0	[]	not_detected_in_200000_pair_pilot	SRR37513722	GRCm39
Mcub:Amy1	0	[]	not_detected_in_200000_pair_pilot	SRR37513722	GRCm39
Mef2a:Ftx	0	[]	not_detected_in_200000_pair_pilot	SRR37513722	GRCm39
Mef2d:Blvrb	0	[]	not_detected_in_200000_pair_pilot	SRR37513722	GRCm39
Mertk:Aopep	0	[]	not_detected_in_200000_pair_pilot	SRR37513722	GRCm39
Mia3:St6galnac4	0	[]	not_detected_in_200000_pair_pilot	SRR37513722	GRCm39
Mob1b:Ndufa10	0	[]	not_detected_in_200000_pair_pilot	SRR37513722	GRCm39
Ms4a6b:Nudt19	0	[]	not_detected_in_200000_pair_pilot	SRR37513722	GRCm39
Mtpn:Rab9	0	[]	not_detected_in_200000_pair_pilot	SRR37513722	GRCm39
Mx1:Wars	0	[]	not_detected_in_200000_pair_pilot	SRR37513722	GRCm39
Myo1e:Nbdy	0	[]	not_detected_in_200000_pair_pilot	SRR37513722	GRCm39
Napg:Garem1	0	[]	not_detected_in_200000_pair_pilot	SRR37513722	GRCm39
Nceh1:Siah2	0	[]	not_detected_in_200000_pair_pilot	SRR37513722	GRCm39
Ndor1:Cyhr1	0	[]	not_detected_in_200000_pair_pilot	SRR37513722	GRCm39
Nek7:Ube2d3	0	[]	not_detected_in_200000_pair_pilot	SRR37513722	GRCm39
Notch2:Rnf115	0	[]	not_detected_in_200000_pair_pilot	SRR37513722	GRCm39
Npc1:Ttc39c	0	[]	not_detected_in_200000_pair_pilot	SRR37513722	GRCm39
Nsd1:Tipin	0	[]	not_detected_in_200000_pair_pilot	SRR37513722	GRCm39
Oas3:Trim34a	0	[]	not_detected_in_200000_pair_pilot	SRR37513722	GRCm39
Osbpl8:Cpne2	0	[]	not_detected_in_200000_pair_pilot	SRR37513722	GRCm39
Osbpl8:Znhit6	0	[]	not_detected_in_200000_pair_pilot	SRR37513722	GRCm39
Oxr1:Wdr70	0	[]	not_detected_in_200000_pair_pilot	SRR37513722	GRCm39
P2rx4:2900089D17Rik	0	[]	not_detected_in_200000_pair_pilot	SRR37513722	GRCm39
Pag1:Ranbp9	0	[]	not_detected_in_200000_pair_pilot	SRR37513722	GRCm39
Papola:Gdap2	0	[]	not_detected_in_200000_pair_pilot	SRR37513722	GRCm39
Pcca:Lgals3	0	[]	not_detected_in_200000_pair_pilot	SRR37513722	GRCm39
Pea15a:Mtmr14	0	[]	not_detected_in_200000_pair_pilot	SRR37513722	GRCm39
Piezo1:Isca2	0	[]	not_detected_in_200000_pair_pilot	SRR37513722	GRCm39
Pigu:Dynlrb1	0	[]	not_detected_in_200000_pair_pilot	SRR37513722	GRCm39
Pik3r5:Spop	0	[]	not_detected_in_200000_pair_pilot	SRR37513722	GRCm39
Pip4p2:Slc44a1	0	[]	not_detected_in_200000_pair_pilot	SRR37513722	GRCm39
Plekhm2:4930455G09Rik	0	[]	not_detected_in_200000_pair_pilot	SRR37513722	GRCm39
Plxna1:Rpap1	0	[]	not_detected_in_200000_pair_pilot	SRR37513722	GRCm39
Polrmt:Ppp2r2a	0	[]	not_detected_in_200000_pair_pilot	SRR37513722	GRCm39
Ppm1b:Gbp5	0	[]	not_detected_in_200000_pair_pilot	SRR37513722	GRCm39
Prkn:Tnfrsf21	0	[]	not_detected_in_200000_pair_pilot	SRR37513722	GRCm39
Psap:Tspan3	0	[]	not_detected_in_200000_pair_pilot	SRR37513722	GRCm39
Pstpip1:Lix1l	0	[]	not_detected_in_200000_pair_pilot	SRR37513722	GRCm39
Ptprj:1110051M20Rik	0	[]	not_detected_in_200000_pair_pilot	SRR37513722	GRCm39
Rab11a:Cul1	0	[]	not_detected_in_200000_pair_pilot	SRR37513722	GRCm39
Rab8b:Ythdf3	0	[]	not_detected_in_200000_pair_pilot	SRR37513722	GRCm39
Rasa1:Ahnak	0	[]	not_detected_in_200000_pair_pilot	SRR37513722	GRCm39
Rb1:Itm2b	0	[]	not_detected_in_200000_pair_pilot	SRR37513722	GRCm39
Rhbdd1:Mrps9	0	[]	not_detected_in_200000_pair_pilot	SRR37513722	GRCm39
Rsu1:Mllt10	0	[]	not_detected_in_200000_pair_pilot	SRR37513722	GRCm39
Rufy3:Grsf1	0	[]	not_detected_in_200000_pair_pilot	SRR37513722	GRCm39
Sbds:Guf1	0	[]	not_detected_in_200000_pair_pilot	SRR37513722	GRCm39
Sema4d:Aldoa	0	[]	not_detected_in_200000_pair_pilot	SRR37513722	GRCm39
Sf3b1:Fpr2	0	[]	not_detected_in_200000_pair_pilot	SRR37513722	GRCm39
Sh3bp5:Dnajc15	0	[]	not_detected_in_200000_pair_pilot	SRR37513722	GRCm39
Slc16a10:Rpf2	0	[]	not_detected_in_200000_pair_pilot	SRR37513722	GRCm39
Slc17a5:Ifi204	0	[]	not_detected_in_200000_pair_pilot	SRR37513722	GRCm39
Slc25a39:Nup88	0	[]	not_detected_in_200000_pair_pilot	SRR37513722	GRCm39
Slc9a7:Amn1	0	[]	not_detected_in_200000_pair_pilot	SRR37513722	GRCm39
Smad3:Pnrc1	0	[]	not_detected_in_200000_pair_pilot	SRR37513722	GRCm39
Snapc3:N4bp2l2	0	[]	not_detected_in_200000_pair_pilot	SRR37513722	GRCm39
Snx5:Ctsc	0	[]	not_detected_in_200000_pair_pilot	SRR37513722	GRCm39
Sorl1:Mthfs	0	[]	not_detected_in_200000_pair_pilot	SRR37513722	GRCm39
Ssh1:Acadm	0	[]	not_detected_in_200000_pair_pilot	SRR37513722	GRCm39
St3gal1:Rab5c	0	[]	not_detected_in_200000_pair_pilot	SRR37513722	GRCm39
St8sia4:Fam174a	0	[]	not_detected_in_200000_pair_pilot	SRR37513722	GRCm39
Strn:Fez2	0	[]	not_detected_in_200000_pair_pilot	SRR37513722	GRCm39
Sympk:Tyrobp	0	[]	not_detected_in_200000_pair_pilot	SRR37513722	GRCm39
Tbc1d23:Sirt5	0	[]	not_detected_in_200000_pair_pilot	SRR37513722	GRCm39
Tbk1:Erp27	0	[]	not_detected_in_200000_pair_pilot	SRR37513722	GRCm39
Tcirg1:Sart1	0	[]	not_detected_in_200000_pair_pilot	SRR37513722	GRCm39
Tec:Clec4a1	0	[]	not_detected_in_200000_pair_pilot	SRR37513722	GRCm39
Tep1:Slc4a2	0	[]	not_detected_in_200000_pair_pilot	SRR37513722	GRCm39
Tiam1:Hcls1	0	[]	not_detected_in_200000_pair_pilot	SRR37513722	GRCm39
Tmbim6:Rmc1	0	[]	not_detected_in_200000_pair_pilot	SRR37513722	GRCm39
Tmem134:Gpnmb	0	[]	not_detected_in_200000_pair_pilot	SRR37513722	GRCm39
Tmem38b:Uty	0	[]	not_detected_in_200000_pair_pilot	SRR37513722	GRCm39
Tmx1:2700049A03Rik	0	[]	not_detected_in_200000_pair_pilot	SRR37513722	GRCm39
Tnfrsf1b:Dhrs3	0	[]	not_detected_in_200000_pair_pilot	SRR37513722	GRCm39
Tns3:Rab33b	0	[]	not_detected_in_200000_pair_pilot	SRR37513722	GRCm39
Tpm3:Ubr5	0	[]	not_detected_in_200000_pair_pilot	SRR37513722	GRCm39
Trim14:Uqcrh	0	[]	not_detected_in_200000_pair_pilot	SRR37513722	GRCm39
Trim25:Il27	0	[]	not_detected_in_200000_pair_pilot	SRR37513722	GRCm39
Trmt1:Ing1	0	[]	not_detected_in_200000_pair_pilot	SRR37513722	GRCm39
Twf2:Tap1	0	[]	not_detected_in_200000_pair_pilot	SRR37513722	GRCm39
Tyrobp:B2m	0	[]	not_detected_in_200000_pair_pilot	SRR37513722	GRCm39
Ubap2:Dcaf12	0	[]	not_detected_in_200000_pair_pilot	SRR37513722	GRCm39
Ubl3:Laptm4a	0	[]	not_detected_in_200000_pair_pilot	SRR37513722	GRCm39
Uhrf1bp1l:1810058I24Rik	0	[]	not_detected_in_200000_pair_pilot	SRR37513722	GRCm39
Uvrag:Gm47754	0	[]	not_detected_in_200000_pair_pilot	SRR37513722	GRCm39
Vegfb:Ppp1ca	0	[]	not_detected_in_200000_pair_pilot	SRR37513722	GRCm39
Vps13b:Cpq	0	[]	not_detected_in_200000_pair_pilot	SRR37513722	GRCm39
Vps8:2510009E07Rik	0	[]	not_detected_in_200000_pair_pilot	SRR37513722	GRCm39
Vti1a:Trir	0	[]	not_detected_in_200000_pair_pilot	SRR37513722	GRCm39
Vti1b:Lyz2	0	[]	not_detected_in_200000_pair_pilot	SRR37513722	GRCm39
Wdr91:Ier3ip1	0	[]	not_detected_in_200000_pair_pilot	SRR37513722	GRCm39
Wtap:Tcp1	0	[]	not_detected_in_200000_pair_pilot	SRR37513722	GRCm39
Ykt6:Map3k20	0	[]	not_detected_in_200000_pair_pilot	SRR37513722	GRCm39
Zc3h7a:Ppp4r1	0	[]	not_detected_in_200000_pair_pilot	SRR37513722	GRCm39
Zeb2:Tpst2	0	[]	not_detected_in_200000_pair_pilot	SRR37513722	GRCm39
Zfyve27:Prpf4b	0	[]	not_detected_in_200000_pair_pilot	SRR37513722	GRCm39
Acod1:Gm34643	0	[]	not_detected_in_200000_pair_pilot	SRR37513722	GRCm39
Clcc1:Sars	0	[]	not_detected_in_200000_pair_pilot	SRR37513722	GRCm39
Ctsb:Clec2d	0	[]	not_detected_in_200000_pair_pilot	SRR37513722	GRCm39
Klf6:Mitf	0	[]	not_detected_in_200000_pair_pilot	SRR37513722	GRCm39
Laptm4a:Nrp2	0	[]	not_detected_in_200000_pair_pilot	SRR37513722	GRCm39
Mrc1:Rsu1	0	[]	not_detected_in_200000_pair_pilot	SRR37513722	GRCm39
Mrpl4:Slc29a1	0	[]	not_detected_in_200000_pair_pilot	SRR37513722	GRCm39
Mrpl40:Sh3bgrl3	0	[]	not_detected_in_200000_pair_pilot	SRR37513722	GRCm39
Mrs2:Mrps28	0	[]	not_detected_in_200000_pair_pilot	SRR37513722	GRCm39
Ms4a6d:Lair1	0	[]	not_detected_in_200000_pair_pilot	SRR37513722	GRCm39
Ms4a7:Nsf	0	[]	not_detected_in_200000_pair_pilot	SRR37513722	GRCm39
Msrb1:Mir155hg	0	[]	not_detected_in_200000_pair_pilot	SRR37513722	GRCm39
Mt1:Paip2b	0	[]	not_detected_in_200000_pair_pilot	SRR37513722	GRCm39
Mx2:Slc30a7	0	[]	not_detected_in_200000_pair_pilot	SRR37513722	GRCm39
Myo5a:Pcid2	0	[]	not_detected_in_200000_pair_pilot	SRR37513722	GRCm39
Naglu:Arhgap9	0	[]	not_detected_in_200000_pair_pilot	SRR37513722	GRCm39
Ncaph2:Stx5a	0	[]	not_detected_in_200000_pair_pilot	SRR37513722	GRCm39
Nceh1:Atp6v1h	0	[]	not_detected_in_200000_pair_pilot	SRR37513722	GRCm39
Ncoa6:Armc7	0	[]	not_detected_in_200000_pair_pilot	SRR37513722	GRCm39
Ncstn:Setdb1	0	[]	not_detected_in_200000_pair_pilot	SRR37513722	GRCm39
Nf1:Arf6	0	[]	not_detected_in_200000_pair_pilot	SRR37513722	GRCm39
Nfkb1:Cisd2	0	[]	not_detected_in_200000_pair_pilot	SRR37513722	GRCm39
Nfkb1:Zranb2	0	[]	not_detected_in_200000_pair_pilot	SRR37513722	GRCm39
Niban2:Ptges2	0	[]	not_detected_in_200000_pair_pilot	SRR37513722	GRCm39
Nrp1:Spred1	0	[]	not_detected_in_200000_pair_pilot	SRR37513722	GRCm39
Nsdhl:Ahnak	0	[]	not_detected_in_200000_pair_pilot	SRR37513722	GRCm39
Nup153:Cd74	0	[]	not_detected_in_200000_pair_pilot	SRR37513722	GRCm39
Oas2:Rplp0	0	[]	not_detected_in_200000_pair_pilot	SRR37513722	GRCm39
Odf2l:Gtf2b	0	[]	not_detected_in_200000_pair_pilot	SRR37513722	GRCm39
Os9:Ube2d3	0	[]	not_detected_in_200000_pair_pilot	SRR37513722	GRCm39
Osbpl8:Mcl1	0	[]	not_detected_in_200000_pair_pilot	SRR37513722	GRCm39
Oxr1:Eif3h	0	[]	not_detected_in_200000_pair_pilot	SRR37513722	GRCm39
Oxr1:Tomm20	0	[]	not_detected_in_200000_pair_pilot	SRR37513722	GRCm39
P4hb:Oas1a	0	[]	not_detected_in_200000_pair_pilot	SRR37513722	GRCm39
Parp12:Os9	0	[]	not_detected_in_200000_pair_pilot	SRR37513722	GRCm39
Parp8:Usp25	0	[]	not_detected_in_200000_pair_pilot	SRR37513722	GRCm39
Pcbp2:F630028O10Rik	0	[]	not_detected_in_200000_pair_pilot	SRR37513722	GRCm39
Pcmt1:Gcn1	0	[]	not_detected_in_200000_pair_pilot	SRR37513722	GRCm39
Pdhx:Nsun2	0	[]	not_detected_in_200000_pair_pilot	SRR37513722	GRCm39
Pdia3:Ubac1	0	[]	not_detected_in_200000_pair_pilot	SRR37513722	GRCm39
Pdxk:Lyz2	0	[]	not_detected_in_200000_pair_pilot	SRR37513722	GRCm39
Pfkfb4:Anxa2	0	[]	not_detected_in_200000_pair_pilot	SRR37513722	GRCm39
Pgap2:Rhog	0	[]	not_detected_in_200000_pair_pilot	SRR37513722	GRCm39
Pik3r5:Rspry1	0	[]	not_detected_in_200000_pair_pilot	SRR37513722	GRCm39
Plaa:Oma1	0	[]	not_detected_in_200000_pair_pilot	SRR37513722	GRCm39
Plek:Pgk1	0	[]	not_detected_in_200000_pair_pilot	SRR37513722	GRCm39
Plekha2:Rftn1	0	[]	not_detected_in_200000_pair_pilot	SRR37513722	GRCm39
Pltp:Prdx1	0	[]	not_detected_in_200000_pair_pilot	SRR37513722	GRCm39
Pnkp:Tyrobp	0	[]	not_detected_in_200000_pair_pilot	SRR37513722	GRCm39
Polrmt:Rplp2	0	[]	not_detected_in_200000_pair_pilot	SRR37513722	GRCm39
Pot1b:Cd37	0	[]	not_detected_in_200000_pair_pilot	SRR37513722	GRCm39
Pphln1:Phf20l1	0	[]	not_detected_in_200000_pair_pilot	SRR37513722	GRCm39
Ppm1h:Idnk	0	[]	not_detected_in_200000_pair_pilot	SRR37513722	GRCm39
Ppp3ca:Gpr146	0	[]	not_detected_in_200000_pair_pilot	SRR37513722	GRCm39
Ppp3cb:Pirb	0	[]	not_detected_in_200000_pair_pilot	SRR37513722	GRCm39
Prcc:Pmvk	0	[]	not_detected_in_200000_pair_pilot	SRR37513722	GRCm39
Prmt9:Arhgap10	0	[]	not_detected_in_200000_pair_pilot	SRR37513722	GRCm39
Prrc2a:Lilr4b	0	[]	not_detected_in_200000_pair_pilot	SRR37513722	GRCm39
Psap:Lgals3	0	[]	not_detected_in_200000_pair_pilot	SRR37513722	GRCm39
Psmb1:Nmt2	0	[]	not_detected_in_200000_pair_pilot	SRR37513722	GRCm39
Psmc3:Rnf38	0	[]	not_detected_in_200000_pair_pilot	SRR37513722	GRCm39
Pspc1:9430038I01Rik	0	[]	not_detected_in_200000_pair_pilot	SRR37513722	GRCm39
Pspc1:Micu2	0	[]	not_detected_in_200000_pair_pilot	SRR37513722	GRCm39
Ptafr:Oas1g	0	[]	not_detected_in_200000_pair_pilot	SRR37513722	GRCm39
Ptbp3:Dtnbp1	0	[]	not_detected_in_200000_pair_pilot	SRR37513722	GRCm39
Pten:Pik3ap1	0	[]	not_detected_in_200000_pair_pilot	SRR37513722	GRCm39
Ptma:Cox17	0	[]	not_detected_in_200000_pair_pilot	SRR37513722	GRCm39
Pxk:Elf1	0	[]	not_detected_in_200000_pair_pilot	SRR37513722	GRCm39
Rab14:Gba	0	[]	not_detected_in_200000_pair_pilot	SRR37513722	GRCm39
Rab21:Wdr37	0	[]	not_detected_in_200000_pair_pilot	SRR37513722	GRCm39
Ralb:Lypla1	0	[]	not_detected_in_200000_pair_pilot	SRR37513722	GRCm39
Rassf3:Slfn2	0	[]	not_detected_in_200000_pair_pilot	SRR37513722	GRCm39
Rbks:Fam193a	0	[]	not_detected_in_200000_pair_pilot	SRR37513722	GRCm39
Rbl1:Hnrnpdl	0	[]	not_detected_in_200000_pair_pilot	SRR37513722	GRCm39
Reep5:Ctnnbl1	0	[]	not_detected_in_200000_pair_pilot	SRR37513722	GRCm39
Reps1:Arhgap18	0	[]	not_detected_in_200000_pair_pilot	SRR37513722	GRCm39
Rftn1:Tgif1	0	[]	not_detected_in_200000_pair_pilot	SRR37513722	GRCm39
Rgs1:Zfp36	0	[]	not_detected_in_200000_pair_pilot	SRR37513722	GRCm39
Rmdn1:Kras	0	[]	not_detected_in_200000_pair_pilot	SRR37513722	GRCm39
Rnaseh2b:Cd84	0	[]	not_detected_in_200000_pair_pilot	SRR37513722	GRCm39
Rnf130:Dynll2	0	[]	not_detected_in_200000_pair_pilot	SRR37513722	GRCm39
Rnf41:Rbms2	0	[]	not_detected_in_200000_pair_pilot	SRR37513722	GRCm39
Rplp2:Il1a	0	[]	not_detected_in_200000_pair_pilot	SRR37513722	GRCm39
Rsrp1:Tor1aip2	0	[]	not_detected_in_200000_pair_pilot	SRR37513722	GRCm39
Rtraf:Psmb2	0	[]	not_detected_in_200000_pair_pilot	SRR37513722	GRCm39
Runx1:Ubac2	0	[]	not_detected_in_200000_pair_pilot	SRR37513722	GRCm39
Samd8:Thap1	0	[]	not_detected_in_200000_pair_pilot	SRR37513722	GRCm39
Sbno1:Rhog	0	[]	not_detected_in_200000_pair_pilot	SRR37513722	GRCm39
Scarf1:Gm12185	0	[]	not_detected_in_200000_pair_pilot	SRR37513722	GRCm39
Scd2:Wdr26	0	[]	not_detected_in_200000_pair_pilot	SRR37513722	GRCm39
Scpep1:Gm9774	0	[]	not_detected_in_200000_pair_pilot	SRR37513722	GRCm39
Sdc3:H2-D1	0	[]	not_detected_in_200000_pair_pilot	SRR37513722	GRCm39
Sdf2:Rab8a	0	[]	not_detected_in_200000_pair_pilot	SRR37513722	GRCm39
Sec22b:Rnf13	0	[]	not_detected_in_200000_pair_pilot	SRR37513722	GRCm39
Sh3bgrl:Basp1	0	[]	not_detected_in_200000_pair_pilot	SRR37513722	GRCm39
Sh3bp2:Tnip2	0	[]	not_detected_in_200000_pair_pilot	SRR37513722	GRCm39
Slc16a10:Tpd52	0	[]	not_detected_in_200000_pair_pilot	SRR37513722	GRCm39
Slc28a2:Eml4	0	[]	not_detected_in_200000_pair_pilot	SRR37513722	GRCm39
Slc2a6:Bst2	0	[]	not_detected_in_200000_pair_pilot	SRR37513722	GRCm39
Slc37a3:Parp12	0	[]	not_detected_in_200000_pair_pilot	SRR37513722	GRCm39
Slc4a7:Psmd1	0	[]	not_detected_in_200000_pair_pilot	SRR37513722	GRCm39
Slc7a2:Mtus1	0	[]	not_detected_in_200000_pair_pilot	SRR37513722	GRCm39
Slc7a8:Gch1	0	[]	not_detected_in_200000_pair_pilot	SRR37513722	GRCm39
Smg1:Picalm	0	[]	not_detected_in_200000_pair_pilot	SRR37513722	GRCm39
Smu1:Chmp5	0	[]	not_detected_in_200000_pair_pilot	SRR37513722	GRCm39
Snd1:Mkln1	0	[]	not_detected_in_200000_pair_pilot	SRR37513722	GRCm39
Snrpd3:Ankrd40	0	[]	not_detected_in_200000_pair_pilot	SRR37513722	GRCm39
Sod2:Hk3	0	[]	not_detected_in_200000_pair_pilot	SRR37513722	GRCm39
Sp1:Nudt9	0	[]	not_detected_in_200000_pair_pilot	SRR37513722	GRCm39
Sp100:A630001G21Rik	0	[]	not_detected_in_200000_pair_pilot	SRR37513722	GRCm39
Spaca6:4933404O12Rik	0	[]	not_detected_in_200000_pair_pilot	SRR37513722	GRCm39
Spast:Memo1	0	[]	not_detected_in_200000_pair_pilot	SRR37513722	GRCm39
Spg11:Eif2s2	0	[]	not_detected_in_200000_pair_pilot	SRR37513722	GRCm39
Spg21:Acadm	0	[]	not_detected_in_200000_pair_pilot	SRR37513722	GRCm39
Spi1:Lgmn	0	[]	not_detected_in_200000_pair_pilot	SRR37513722	GRCm39
Sptlc2:Azi2	0	[]	not_detected_in_200000_pair_pilot	SRR37513722	GRCm39
Sptlc2:Ylpm1	0	[]	not_detected_in_200000_pair_pilot	SRR37513722	GRCm39
Srd5a1:Ndufs6	0	[]	not_detected_in_200000_pair_pilot	SRR37513722	GRCm39
Srek1:Tcp1	0	[]	not_detected_in_200000_pair_pilot	SRR37513722	GRCm39
St18:Nrf1	0	[]	not_detected_in_200000_pair_pilot	SRR37513722	GRCm39
Stambpl1:Sgms1	0	[]	not_detected_in_200000_pair_pilot	SRR37513722	GRCm39
Stimate:Tkt	0	[]	not_detected_in_200000_pair_pilot	SRR37513722	GRCm39
Stk10:C2cd2	0	[]	not_detected_in_200000_pair_pilot	SRR37513722	GRCm39
Strn3:Fam180a	0	[]	not_detected_in_200000_pair_pilot	SRR37513722	GRCm39
Stx12:Hnrnpdl	0	[]	not_detected_in_200000_pair_pilot	SRR37513722	GRCm39
Stxbp1:Galk2	0	[]	not_detected_in_200000_pair_pilot	SRR37513722	GRCm39
Syne3:1700028I16Rik	0	[]	not_detected_in_200000_pair_pilot	SRR37513722	GRCm39
Syngr1:Hnrnpdl	0	[]	not_detected_in_200000_pair_pilot	SRR37513722	GRCm39
Tapbp:Tap1	0	[]	not_detected_in_200000_pair_pilot	SRR37513722	GRCm39
Tars:Wdr70	0	[]	not_detected_in_200000_pair_pilot	SRR37513722	GRCm39
Tbcb:Prkar1a	0	[]	not_detected_in_200000_pair_pilot	SRR37513722	GRCm39
Tbxas1:Bola3	0	[]	not_detected_in_200000_pair_pilot	SRR37513722	GRCm39
Thada:Tcf20	0	[]	not_detected_in_200000_pair_pilot	SRR37513722	GRCm39
Thbs1:Slc24a3	0	[]	not_detected_in_200000_pair_pilot	SRR37513722	GRCm39
Tle3:Zbtb37	0	[]	not_detected_in_200000_pair_pilot	SRR37513722	GRCm39
Tlr1:Rpl39	0	[]	not_detected_in_200000_pair_pilot	SRR37513722	GRCm39
Tmem181a:Bin2	0	[]	not_detected_in_200000_pair_pilot	SRR37513722	GRCm39
Tmem63a:Aim2	0	[]	not_detected_in_200000_pair_pilot	SRR37513722	GRCm39
Tnfaip3:Lst1	0	[]	not_detected_in_200000_pair_pilot	SRR37513722	GRCm39
Tnfaip3:Traf1	0	[]	not_detected_in_200000_pair_pilot	SRR37513722	GRCm39
Tor1aip1:Fcgr3	0	[]	not_detected_in_200000_pair_pilot	SRR37513722	GRCm39
Tpd52l2:Cmtm7	0	[]	not_detected_in_200000_pair_pilot	SRR37513722	GRCm39
Trim2:Gbp7	0	[]	not_detected_in_200000_pair_pilot	SRR37513722	GRCm39
Trrap:Bri3	0	[]	not_detected_in_200000_pair_pilot	SRR37513722	GRCm39
Tsg101:Ecpas	0	[]	not_detected_in_200000_pair_pilot	SRR37513722	GRCm39
Tspan5:Eif4e	0	[]	not_detected_in_200000_pair_pilot	SRR37513722	GRCm39
Ttc7b:Wdr91	0	[]	not_detected_in_200000_pair_pilot	SRR37513722	GRCm39
Tut7:Tmem251	0	[]	not_detected_in_200000_pair_pilot	SRR37513722	GRCm39
Txnrd1:Ntpcr	0	[]	not_detected_in_200000_pair_pilot	SRR37513722	GRCm39
Tyrobp:Ostc	0	[]	not_detected_in_200000_pair_pilot	SRR37513722	GRCm39
Ubc:Bst2	0	[]	not_detected_in_200000_pair_pilot	SRR37513722	GRCm39
Ube2j2:Mmp12	0	[]	not_detected_in_200000_pair_pilot	SRR37513722	GRCm39
Ube2k:Babam2	0	[]	not_detected_in_200000_pair_pilot	SRR37513722	GRCm39
Ube4b:Oas1a	0	[]	not_detected_in_200000_pair_pilot	SRR37513722	GRCm39
Ubqln1:Rcc2	0	[]	not_detected_in_200000_pair_pilot	SRR37513722	GRCm39
Uqcc2:Actb	0	[]	not_detected_in_200000_pair_pilot	SRR37513722	GRCm39
Usp15:Qk	0	[]	not_detected_in_200000_pair_pilot	SRR37513722	GRCm39
Utrn:Pex7	0	[]	not_detected_in_200000_pair_pilot	SRR37513722	GRCm39
Vav3:Slc25a24	0	[]	not_detected_in_200000_pair_pilot	SRR37513722	GRCm39
Vps41:Mgmt	0	[]	not_detected_in_200000_pair_pilot	SRR37513722	GRCm39
Vps45:Ctsh	0	[]	not_detected_in_200000_pair_pilot	SRR37513722	GRCm39
Vrk2:Gm20717	0	[]	not_detected_in_200000_pair_pilot	SRR37513722	GRCm39
Washc4:Riok2	0	[]	not_detected_in_200000_pair_pilot	SRR37513722	GRCm39
Wdfy2:Gpi1	0	[]	not_detected_in_200000_pair_pilot	SRR37513722	GRCm39
Wipi2:Arpc1b	0	[]	not_detected_in_200000_pair_pilot	SRR37513722	GRCm39
Wwox:Rasa4	0	[]	not_detected_in_200000_pair_pilot	SRR37513722	GRCm39
Xpo6:Dusp12	0	[]	not_detected_in_200000_pair_pilot	SRR37513722	GRCm39
Yipf5:Airn	0	[]	not_detected_in_200000_pair_pilot	SRR37513722	GRCm39
Zc3h7a:Phf11b	0	[]	not_detected_in_200000_pair_pilot	SRR37513722	GRCm39
Zdhhc13:Mapk1ip1	0	[]	not_detected_in_200000_pair_pilot	SRR37513722	GRCm39
Zeb2:Gtdc1	0	[]	not_detected_in_200000_pair_pilot	SRR37513722	GRCm39
Zfp106:Ndrg3	0	[]	not_detected_in_200000_pair_pilot	SRR37513722	GRCm39
Zfp36l1:Marcksl1	0	[]	not_detected_in_200000_pair_pilot	SRR37513722	GRCm39
Zfp655:Atp5j2	0	[]	not_detected_in_200000_pair_pilot	SRR37513722	GRCm39
Zfp944:Ccdc171	0	[]	not_detected_in_200000_pair_pilot	SRR37513722	GRCm39
Zmiz1:Pinx1	0	[]	not_detected_in_200000_pair_pilot	SRR37513722	GRCm39
