pair_id	log_read_support	sample_count	is_interchromosomal	log_genomic_distance	hic_feature
1810013L24Rik:Pmm2	0.6931471805599453		0	12.029538310417822	1.889075422808494
4833420G17Rik:Zfp951	0.6931471805599453		1	0.0	
Abca1:Pgm1	0.6931471805599453		0	17.65768426098747	0.6775821669506834
Abca3:Nek2	0.6931471805599453		1	0.0	1.3628582066710981
Abca3:Nup205	0.6931471805599453		1	0.0	0.996160608482473
Abcc5:Clic5	0.6931471805599453		1	0.0	0.8629447288905319
Abcc5:Oas1a	0.6931471805599453		1	0.0	1.4714052697317155
Abl2:Soat1	0.6931471805599453		0	11.34398596766953	
Abr:Pitpna	0.6931471805599453		0	13.577165801554337	4.388297443936032
Acbd5:Eif6	0.6931471805599453		0	18.703271248845084	0.3375694990541434
Acod1:Cd86	0.6931471805599453		1	0.0	1.2548439045372037
Acod1:Gm34643	1.0986122886681098		0	10.022203486241112	
Acp2:Renbp	0.6931471805599453		1	0.0	3.6802484143349075
Acsl4:Tmem164	0.6931471805599453		0	12.580638586842769	2.2434344627805287
Actr2:Nf1	0.6931471805599453		0	17.89588477104309	1.2939942254911745
Actr3:Pla2g4a	0.6931471805599453		0	17.007709949770863	0.5380302179029823
Adam10:Mta3	0.6931471805599453		1	0.0	1.1099616793103768
Adam8:Tyrobp	0.6931471805599453		0	18.510903788013582	0.7573171585725017
Adgre1:Pals2	0.6931471805599453		1	0.0	1.7812605386239952
Adprm:Emc2	0.6931471805599453		1	0.0	0.9294485877068606
Aff4:Cdc42se2	0.6931471805599453		0	14.074504534000152	1.4526856535783375
Afg3l2:Cndp2	0.6931471805599453		0	16.654784850250397	0.734566520265373
Agl:Brk1	0.6931471805599453		1	0.0	1.1706632306167732
Ammecr1:Rab9	0.6931471805599453		0	16.972107748891837	0.6078431906611593
Ampd3:Hapln3	0.6931471805599453		0	17.26824505761992	0.8204849085465052
Ankfy1:Ube2g1	0.6931471805599453		0	8.167919362957816	
Ankrd33b:Chd4	0.6931471805599453		1	0.0	1.0264930048607444
Aoah:Blcap	0.6931471805599453		1	0.0	1.5374592577523603
Aoah:Sirt5	1.0986122886681098		0	16.92001588783016	2.3484411270180727
Aopep:Akr1e1	0.6931471805599453		0	17.883742723095484	
Aopep:Sdha	0.6931471805599453		0	16.213084324539604	0.8413800756887441
Ap5z1:Blvrb	0.6931471805599453		1	0.0	0.04879053514103184
App:Opa1	0.6931471805599453		0	17.827792785549693	1.0643009025835377
Appbp2:Bcas3	0.6931471805599453		0	11.67876188550432	
Arhgap10:Mrps28	0.6931471805599453		1	0.0	0.7085813328785868
Arhgap30:Csnk1g3	0.6931471805599453		1	0.0	0.5885752315379922
Arid5b:Nampt	0.6931471805599453		1	0.0	1.687788349096682
Arl5b:4930455G09Rik	0.6931471805599453		1	0.0	0.6267805648189771
Arrb1:C2cd3	0.6931471805599453		0	13.548236158489782	1.634203516938371
Arrb1:Cnot7	0.6931471805599453		1	0.0	1.532153096276244
Ash2l:Hgsnat	0.6931471805599453		0	11.479988964723963	
Asl:Cct6a	0.6931471805599453		0	12.013021734523134	1.7647285287940517
Asph:Rab2a	0.6931471805599453		0	13.641504729461612	1.9176918248906634
Atp1b3:Mthfs	0.6931471805599453		0	15.754963187763321	0.24276823650719198
Atp2b1:Hnrnpdl	0.6931471805599453		1	0.0	0.7789266258494312
Atp2b1:Spata6	0.6931471805599453		1	0.0	0.5118868774165053
Atp6v0a1:Akr1a1	0.6931471805599453		1	0.0	1.9691803074092054
Atp8a1:Tmem33	0.6931471805599453		0	12.696736377472211	2.834892337126358
Atxn7l1:Mir99ahg	0.6931471805599453		1	0.0	1.1520282519538618
B4galt5:Zfas1	0.6931471805599453		0	12.35700242955136	4.0786184273151225
Babam2:Mrpl33	0.6931471805599453		0	10.413342705547674	
Bbx:Ntan1	0.6931471805599453		0	17.408949381265522	0.8871347606371958
Bin1:Ndufs8	0.6931471805599453		1	0.0	
Birc6:Samhd1	0.6931471805599453		1	0.0	1.6925867986497785
Btaf1:Atp8b4	0.6931471805599453		1	0.0	1.5368750463281373
Cacna1d:Ninj1	0.6931471805599453		1	0.0	0.9743493343916428
Car5b:Gm20658	0.6931471805599453		1	0.0	0.5025668314531596
Ccdc97:Ddrgk1	0.6931471805599453		1	0.0	1.9183625728147362
Cd274:Lacc1	0.6931471805599453		1	0.0	1.0851548431075608
Cd36:Ppp1cb	0.6931471805599453		0	16.491202085507513	0.2586434810047063
Cd86:Atp5c1	0.6931471805599453		1	0.0	0.6964871241700775
Cdk18:Spcs2	0.6931471805599453		1	0.0	1.3988713429545114
Chchd3:1810058I24Rik	0.6931471805599453		0	14.600505111545768	1.0812764310954277
Chd1:Ttc27	0.6931471805599453		0	17.89358778836244	0.7942772241683308
Cisd2:Ddrgk1	0.6931471805599453		1	0.0	0.4057904379262582
Clcc1:Sars	0.6931471805599453		0	12.24867705061252	3.546533887705823
Clcn7:Psmb9	0.6931471805599453		0	16.014942031645692	1.029327580700699
Clic5:Tnip3	0.6931471805599453		1	0.0	1.3053716899254209
Cltc:Cfl1	0.6931471805599453		1	0.0	1.6927747316872432
Cog6:Dhx36	0.6931471805599453		0	16.061607518312087	0.33531036216153526
Copb2:Gch1	0.6931471805599453		1	0.0	0.41419838809612036
Coro1b:Pitpnm1	0.6931471805599453		0	10.453168438070792	
Cpq:Mdfic	0.6931471805599453		1	0.0	0.8079948511521445
Csf2rb2:Ncf4	0.6931471805599453		0	9.899881056942016	
Ctcf:Lamp1	0.6931471805599453		0	18.349591351299953	1.0276025222667813
Cux1:Cmtm7	0.6931471805599453		1	0.0	1.4836371753442439
Cyb5a:2610001J05Rik	0.6931471805599453		1	0.0	0.6560160571886964
Cyrib:Pvt1	0.6931471805599453		0	14.254411731648496	1.8597477715786455
Dcp1a:Nmd3	0.6931471805599453		1	0.0	1.1704376255517557
Dcstamp:Degs1	0.6931471805599453		1	0.0	0.5993957706365014
Dennd1a:Zglp1	0.6931471805599453		1	0.0	1.1202603429771412
Dennd4c:Fbxl4	0.6931471805599453		0	17.978023015918833	0.9305720295380684
Dhrs3:Tusc3	0.6931471805599453		1	0.0	1.16019433346318
Disp1:Mtarc2	0.6931471805599453		0	14.248707557810327	0.9943733834867446
Dnajc5:Dpep2	0.6931471805599453		1	0.0	
Dnajc5:Tpd52l2	0.6931471805599453		0	7.832014180505469	
Dnase2a:Kdm3b	0.6931471805599453		1	0.0	1.5189793808578214
Dnmt3a:Ethe1	0.6931471805599453		1	0.0	
Dram1:Krtcap2	0.6931471805599453		1	0.0	1.6064602545496336
Dtx2:Fam53a	0.6931471805599453		0	18.442801036327893	0.9791086235613671
Ehd1:B2m	1.0986122886681098		1	0.0	1.4540701959290714
Eif3a:Dennd10	0.6931471805599453		0	9.948843254256925	
Eif4g2:Nono	0.6931471805599453		1	0.0	1.191900034526789
Emc3:Ndufa7	0.6931471805599453		1	0.0	1.2681411379416674
Emilin2:Memo1	0.6931471805599453		0	14.87574889487546	0.7982896532969966
Epb41l1:Dlgap4	0.6931471805599453		0	11.16325450718426	3.331525500491413
Eprs:Exo1	0.6931471805599453		0	16.051334608515653	1.4283233101356958
Evl:H2-Oa	0.6931471805599453		1	0.0	0.9225784970491114
Exoc1:Npm1	0.6931471805599453		1	0.0	0.6789717156849088
Exoc6b:Chchd3	0.6931471805599453		0	17.75822327930802	0.46326991458738975
Fbxw11:Rtn4	0.6931471805599453		0	14.879667348453216	0.5868666293777416
Fkbp8:Pirb	0.6931471805599453		1	0.0	
Foxo3:Copz1	0.6931471805599453		1	0.0	
Frrs1:Blnk	0.6931471805599453		1	0.0	1.032520622309713
Fubp1:Pgd	0.6931471805599453		1	0.0	0.4487431991462193
G3bp1:Skp1	0.6931471805599453		0	14.9857694826582	1.1856837259619224
Gab2:Mapk1	0.6931471805599453		1	0.0	1.1845545003940487
Gask1b:Sh3glb1	0.6931471805599453		0	17.982731487797913	0.8925105657821318
Gatm:Snx5	0.6931471805599453		0	16.89052802157854	1.1545135269618951
Gle1:Stk38	0.6931471805599453		1	0.0	0.6349226416784657
Gltp:Ankrd13a	0.6931471805599453		0	11.334922569320291	
Gna11:4932438A13Rik	0.6931471805599453		1	0.0	1.7668783504187995
Gng12:Ipo8	0.6931471805599453		0	18.218244410668742	
Golga4:Bcl2a1b	0.6931471805599453		0	17.19123476914666	0.7790851909711888
Gpatch8:Trp53	0.6931471805599453		0	17.308498082880117	1.2777400859638055
Gpnmb:Arf2	0.6931471805599453		1	0.0	0.835357211867491
Gsdmd:Tmem106a	0.6931471805599453		1	0.0	1.3521163472762945
Gusb:Degs1	0.6931471805599453		1	0.0	1.1332264081300414
H2-Q7:Tmem179b	0.6931471805599453		1	0.0	0.1925169289728923
Hexa:Clk3	0.6931471805599453		0	14.388567606065491	1.0573822898895884
Hmbox1:Emc4	0.6931471805599453		1	0.0	0.7301592940644627
Hnrnph3:Ddx50	0.6931471805599453		0	12.803388760648422	3.369578385365603
Hnrnpll:Galm	0.6931471805599453		0	11.084263375257862	
Hsd17b4:Wdr36	0.6931471805599453		0	16.66393828005019	0.799320724874555
Ifnar1:Necap2	0.6931471805599453		1	0.0	1.8420307940162206
Ifngr2:Parp14	0.6931471805599453		0	17.834629418477437	0.7320878865081739
Igf2r:Oas2	0.6931471805599453		1	0.0	0.9257211781046736
Il7r:Pygm	0.6931471805599453		1	0.0	0.07580991683143318
Inppl1:Il18bp	0.6931471805599453		0	12.081965278382034	3.7073524616993514
Iqgap1:Dusp10	0.6931471805599453		1	0.0	1.5222101860586912
Irgm1:Ifi47	0.6931471805599453		0	12.230301736076653	
Itgav:AI182371	0.6931471805599453		0	17.69837633271022	1.5240448742883368
Itpr1:Ccdc91	0.6931471805599453		0	17.475199509755925	
Itsn1:Gm34342	0.6931471805599453		1	0.0	1.2569865137074563
Jdp2:Rnaset2b	0.6931471805599453		1	0.0	1.3916786664141245
Kansl1:Lsm12	0.6931471805599453		0	14.580017007881848	0.9216280015916134
Kansl1:Rilpl2	0.6931471805599453		1	0.0	1.0657778153768898
Kat5:Capg	0.6931471805599453		1	0.0	1.8633514062915528
Khsrp:Prmt1	0.6931471805599453		1	0.0	3.4444852311636516
Kif16b:Taf4	0.6931471805599453		0	17.421293552697552	
Klf6:Mitf	0.6931471805599453		1	0.0	1.6736732124642804
Kmt2e:Dmxl1	0.6931471805599453		1	0.0	0.8284412406474864
Knstrn:Ralgapa2	0.6931471805599453		0	17.12595728935107	0.43573595613909194
Lamb3:Mul1	0.6931471805599453		1	0.0	0.8309199420446916
Laptm4a:Nrp2	0.6931471805599453		1	0.0	1.4377190012003866
Large1:Rpia	0.6931471805599453		1	0.0	0.9087121481239611
Lcp1:Itm2b	0.6931471805599453		0	14.372730907698553	1.775422453367339
Ldlrad3:1700012C14Rik	0.6931471805599453		1	0.0	0.9072997062828703
Lmf1:Srsf5	0.6931471805599453		1	0.0	1.3351695212656312
Lncpint:Gt(ROSA)26Sor	0.6931471805599453		0	18.22036180550535	1.5332572513138463
Lpxn:Sem1	1.0986122886681098		1	0.0	1.2148831327486382
Lrp1:Mndal	0.6931471805599453		1	0.0	1.198210188552581
Macf1:Capzb	0.6931471805599453		0	16.54610850396614	1.0636955786516271
Malt1:Capg	0.6931471805599453		1	0.0	1.0103877050166052
Map2k1:Hif1a	0.6931471805599453		1	0.0	0.801712771962955
Map3k1:Gm47283	0.6931471805599453		1	0.0	
Map3k2:St14	0.6931471805599453		1	0.0	0.7574298016899483
Mapkapk2:Arhgef2	0.6931471805599453		1	0.0	3.5076253991170043
Mapkapk3:Rftn1	0.6931471805599453		1	0.0	1.0948751829171182
Marchf7:Mrpl15	0.6931471805599453		1	0.0	
Marchf8:Dcp1b	0.6931471805599453		0	14.8328093874516	0.1430688000589363
Mcub:Amy1	0.6931471805599453		0	16.60718240852684	0.5535657041870155
Med15:Eif4g1	0.6931471805599453		0	14.89266390841026	1.1235766263138633
Mef2a:Ftx	0.6931471805599453		1	0.0	0.4226725173693799
Mef2d:Blvrb	0.6931471805599453		1	0.0	1.7029965277517445
Mertk:Aopep	0.6931471805599453		1	0.0	1.3849756075141013
Mertk:Laptm4a	0.6931471805599453		1	0.0	1.7699495127500475
Mia3:St6galnac4	0.6931471805599453		1	0.0	0.46230066854089846
Mink1:Crat	0.6931471805599453		1	0.0	1.9881782797532646
Mink1:Tmem65	0.6931471805599453		1	0.0	1.7844816581569636
Mob1b:Ndufa10	0.6931471805599453		1	0.0	0.40836743889193067
Mpdu1:Hk3	0.6931471805599453		1	0.0	2.5480418323163603
Mrc1:Rsu1	0.6931471805599453		0	13.772580092179915	1.833361232300271
Mrpl4:Slc29a1	0.6931471805599453		1	0.0	1.5389818159400228
Mrs2:Mrps28	0.6931471805599453		1	0.0	0.5278988301201208
Ms4a6b:Nudt19	0.6931471805599453		1	0.0	0.5199362400291146
Ms4a6d:Lair1	0.6931471805599453		1	0.0	
Ms4a7:Cog6	0.6931471805599453		1	0.0	1.0735972008750865
Ms4a7:Nsf	0.6931471805599453		1	0.0	1.303916618177282
Mtpn:Rab9	0.6931471805599453		1	0.0	0.6383538034799657
Mtx1:1810009A15Rik	0.6931471805599453		1	0.0	0.6753818124500196
Mx1:Wars	0.6931471805599453		1	0.0	
Myo1b:Atp6v1h	0.6931471805599453		0	17.65617016299208	
Myo1e:Nbdy	0.6931471805599453		1	0.0	0.32683653591750883
Myo1g:Jmjd1c	0.6931471805599453		1	0.0	1.1223675895762344
Naglu:Arhgap9	0.6931471805599453		1	0.0	2.7664641026427015
Napg:Garem1	0.6931471805599453		0	17.545476963494288	2.495360185082111
Nav1:Cd84	0.6931471805599453		0	17.400456893870427	1.0822608525620296
Ncaph2:Stx5a	0.6931471805599453		1	0.0	2.443559647411635
Nceh1:Atp6v1h	0.6931471805599453		1	0.0	
Nceh1:Siah2	0.6931471805599453		0	17.25732520919196	0.682024929706415
Nckap1l:Fuca1	0.6931471805599453		1	0.0	
Ncoa6:Armc7	0.6931471805599453		1	0.0	1.6006172754179353
Ncstn:Setdb1	0.6931471805599453		1	0.0	3.1318382750215283
Ndor1:Cyhr1	0.6931471805599453		1	0.0	1.5763677826583546
Nedd4l:Lman1	0.6931471805599453		0	13.54489665863999	1.7335173076976675
Nek7:Ube2d3	0.6931471805599453		1	0.0	0.6097386334064447
Nf1:Arf6	0.6931471805599453		1	0.0	1.377808379053894
Nfat5:Arhgap10	0.6931471805599453		0	17.209197170953477	0.6602965830088958
Nfkb1:Cisd2	0.6931471805599453		0	11.98748743915772	
Nfkb1:Zranb2	0.6931471805599453		0	16.89936771333123	0.6402734942119591
Niban2:Ptges2	0.6931471805599453		0	13.061217494755068	2.945827708327506
Nod1:Lyn	0.6931471805599453		1	0.0	
Notch2:Rnf115	0.6931471805599453		0	14.01590939829535	2.4653284076743547
Npc1:Slx4	0.6931471805599453		1	0.0	
Npc1:Ttc39c	1.0986122886681098		0	12.803526322826743	2.849126889059113
Npepps:Mocs2	0.6931471805599453		1	0.0	-0.16540030204281866
Nrp1:Spred1	0.6931471805599453		1	0.0	
Nsd1:Tipin	0.6931471805599453		1	0.0	2.226013173001525
Nsdhl:Ahnak	0.6931471805599453		1	0.0	0.21877039625611444
Nudt3:Anks1	0.6931471805599453		0	12.563089531000237	2.7285137042719896
Oas2:Rplp0	0.6931471805599453		0	15.457727906070645	1.2157691574385905
Oas3:Trim34a	0.6931471805599453		1	0.0	0.5232226539510847
Odf2l:Gtf2b	0.6931471805599453		0	14.663515168544713	1.2454982651661364
Os9:Ube2d3	0.6931471805599453		1	0.0	0.6064362199139651
Osbpl8:Cpne2	0.6931471805599453		1	0.0	1.419270040389795
Osbpl8:Znhit6	0.6931471805599453		1	0.0	0.9901457206811133
Osbpl9:Acot7	0.6931471805599453		0	17.58142334226809	0.1968248556638901
Oxr1:Eif3h	0.6931471805599453		0	16.11061886935826	0.6837919211143884
Oxr1:Tomm20	0.6931471805599453		1	0.0	0.5697419003385668
Oxr1:Wdr70	0.6931471805599453		0	17.317523723618464	0.7075069823556542
P2rx4:2900089D17Rik	0.6931471805599453		0	16.87471985196327	0.40602993537164633
P4hb:Oas1a	0.6931471805599453		1	0.0	
Pacc1:Atf3	0.6931471805599453		0	11.58871915835435	2.910359647598824
Pag1:Ranbp9	0.6931471805599453		1	0.0	2.4095916809210145
Papola:Gdap2	0.6931471805599453		1	0.0	0.48816082752767176
Parp11:Lyn	0.6931471805599453		1	0.0	
Parp8:Usp25	0.6931471805599453		1	0.0	0.8083845614473546
Pcca:Lgals3	0.6931471805599453		0	18.134971657216937	0.5672588049584693
Pcmt1:Gcn1	0.6931471805599453		1	0.0	1.911166958635311
Pdap1:Atp5j2	0.6931471805599453		0	10.67961926320976	
Pdhx:Nsun2	0.6931471805599453		1	0.0	0.2384537064910967
Pdia3:Ubac1	0.6931471805599453		0	18.372881317839866	1.3505686810269926
Pdxk:Lyz2	0.6931471805599453		0	17.474251062583786	1.132610975931768
Pea15a:Mtmr14	0.6931471805599453		1	0.0	1.5330030506593413
Pfkfb4:Anxa2	0.6931471805599453		0	17.489828759746274	0.27257943640698884
Pgap2:Rhog	0.6931471805599453		0	6.322565239927284	
Pgap2:Tnip3	0.6931471805599453		1	0.0	0.9147356319979253
Piezo1:Isca2	0.6931471805599453		1	0.0	1.5811572014909299
Pigt:Cd63	0.6931471805599453		1	0.0	
Pigu:Dynlrb1	0.6931471805599453		0	10.23878052266729	
Pik3ap1:Prdx1	0.6931471805599453		1	0.0	2.0135120173169656
Pik3r5:Rspry1	0.6931471805599453		1	0.0	2.0154192654271124
Pik3r5:Spop	0.6931471805599453		0	17.10824008266173	1.3605155184935915
Pip4p2:Slc44a1	0.6931471805599453		0	17.46682411695799	0.18877987574861144
Pkp4:Hacd1	0.6931471805599453		0	17.620621822985136	0.7467951907849434
Plaa:Oma1	0.6931471805599453		0	15.97647782249145	0.6851027779287615
Plekha2:Rftn1	0.6931471805599453		1	0.0	0.9701943756903252
Plekhm2:4930455G09Rik	1.0986122886681098		0	12.774223335915433	2.710390960258127
Plekhm2:Map4	0.6931471805599453		1	0.0	1.3182445700777083
Plxna1:Rpap1	0.6931471805599453		1	0.0	0.4050807110213696
Pmm2:Morf4l1	0.6931471805599453		1	0.0	0.5179311610085482
Pnkp:Tyrobp	0.6931471805599453		0	16.48201308463758	1.5890492753099321
Polrmt:Rplp2	0.6931471805599453		1	0.0	1.7889503275332892
Por:Ctsl	0.6931471805599453		1	0.0	0.8319190937712836
Ppard:Mapk14	0.6931471805599453		0	12.873532719154134	2.9465946585110165
Pphln1:Phf20l1	0.6931471805599453		0	17.103031721937043	0.8309619893684529
Ppm1b:Gbp5	0.6931471805599453		1	0.0	0.9284211141893436
Ppm1h:Idnk	0.6931471805599453		1	0.0	0.4990424150675428
Ppp2r5c:Ddx24	0.6931471805599453		0	15.764482586108478	0.3579559070404075
Ppp3cb:Pirb	0.6931471805599453		1	0.0	
Prcc:Pmvk	0.6931471805599453		0	14.265906965820852	2.172019442345807
Prkn:Tnfrsf21	0.6931471805599453		0	17.250954732810513	0.35643121976268244
Prmt9:Arhgap10	0.6931471805599453		0	10.355995266977605	
Prpf39:Mrps9	0.6931471805599453		1	0.0	0.6519840818488091
Prrc2a:Lilr4b	0.6931471805599453		1	0.0	1.081436150875346
Psap:Lgals3	1.9459101490553132		1	0.0	1.3845197904995703
Psap:Tspan3	0.6931471805599453		1	0.0	1.3566434545610822
Psmb1:Nmt2	0.6931471805599453		1	0.0	
Psmc2:Pmpcb	0.6931471805599453		0	10.244662997427909	1.6418532351064128
Psmc3:Rnf38	0.6931471805599453		1	0.0	
Pspc1:9430038I01Rik	0.6931471805599453		1	0.0	-0.0003258574653341719
Pspc1:Micu2	0.6931471805599453		0	13.944735440872952	1.5731140460243878
Pstpip1:Lix1l	0.6931471805599453		1	0.0	1.5478325698079223
Ptafr:Oas1g	0.6931471805599453		1	0.0	1.9356827953251161
Ptbp3:Dtnbp1	0.6931471805599453		1	0.0	0.8966253886180375
Pten:Pik3ap1	0.6931471805599453		0	15.950535447329464	0.5497010624032715
Ptma:Cox17	0.6931471805599453		1	0.0	1.1499938026009393
Ptpn6:Ptms	0.6931471805599453		0	12.072358379042388	
Ptprj:1110051M20Rik	0.6931471805599453		0	13.450836563899568	1.3180522924220428
Ptprj:Tlcd2	0.6931471805599453		1	0.0	0.9024986984173579
Pxk:Elf1	0.6931471805599453		0	17.99522320743693	1.2208194901118046
Rab11a:Cul1	0.6931471805599453		1	0.0	1.670952010849313
Rab21:Wdr37	0.6931471805599453		1	0.0	0.8769515412049661
Rab31:Ppp4r1	0.6931471805599453		0	9.19238004659919	
Rab8b:Ythdf3	0.6931471805599453		1	0.0	1.0325185805330983
Rac1:Reep5	0.6931471805599453		1	0.0	0.7270602416138373
Ralb:Lypla1	0.6931471805599453		0	18.555905478314177	
Rasa1:Ahnak	0.6931471805599453		1	0.0	1.0277825258942428
Rasa3:Rab20	0.6931471805599453		0	14.55183168503574	0.8747199581396626
Rb1:Itm2b	1.3862943611198906		0	10.502461406828811	3.352846505972375
Rbks:Babam2	0.6931471805599453		0	4.060443010546419	3.038126142681772
Rbks:Fam193a	0.6931471805599453		0	14.798452702248305	1.25561128790871
Rbl1:Hnrnpdl	0.6931471805599453		1	0.0	1.1058494380249322
Rcbtb2:Itm2b	0.6931471805599453		0	11.947198284260166	3.352846505972375
Reep5:Ctnnbl1	0.6931471805599453		1	0.0	1.7127645464580543
Reps1:Arhgap18	0.6931471805599453		0	15.970582974093247	0.5549635286000183
Rftn1:Tgif1	0.6931471805599453		0	16.84339530611673	0.8331332768323347
Rhbdd1:Mrps9	0.6931471805599453		0	17.487989531412516	0.8792529973823193
Ric1:Ppcdc	0.6931471805599453		1	0.0	1.2372516038017012
Rmdn1:Kras	0.6931471805599453		1	0.0	1.0543156555208733
Rnaseh2b:Cd84	0.6931471805599453		1	0.0	1.8250242840184558
Rnf130:Abhd12	0.6931471805599453		1	0.0	0.8310149103944566
Rnf130:Dynll2	0.6931471805599453		0	17.4492420876141	1.3612462521427755
Rnf130:Plcl2	0.6931471805599453		1	0.0	0.7071896976928651
Rnf41:Rbms2	0.6931471805599453		0	12.351734540211522	
Rsrp1:Tor1aip2	0.6931471805599453		1	0.0	1.390650381375919
Rsu1:Mllt10	0.6931471805599453		0	15.380750575600391	0.4422184094964243
Rtf1:Rmdn3	0.6931471805599453		0	13.157798086526602	1.6220915194876653
Rtraf:Psmb2	0.6931471805599453		1	0.0	1.2456409496906333
Rufy3:Grsf1	0.6931471805599453		0	8.994296557777195	
Runx1:Mrps6	0.6931471805599453		0	13.1006084456013	2.004515343887161
Runx1:Ubac2	0.6931471805599453		1	0.0	0.6767636002800661
Sbds:Guf1	0.6931471805599453		0	17.91883562447411	0.11244185173837692
Sbno1:Rhog	0.6931471805599453		1	0.0	2.2335624111187693
Scd2:Wdr26	0.6931471805599453		1	0.0	1.4245690387123195
Sdf2:Rab8a	0.6931471805599453		1	0.0	2.138742402543547
Sec22b:Rap1a	0.6931471805599453		0	15.870145955609289	0.8737553858521698
Sema4d:Aldoa	0.6931471805599453		1	0.0	1.9128056650738399
Septin7:Tmem120a	0.6931471805599453		1	0.0	0.9261866948628062
Sf3b1:Fpr2	0.6931471805599453		1	0.0	0.8774460550623634
Sf3b1:Gpnmb	0.6931471805599453		1	0.0	1.0523823619483543
Sh3bp2:Tnip2	0.6931471805599453		0	9.379914355947635	
Sh3bp5:Dnajc15	0.6931471805599453		0	17.66353008842545	0.8630805034959995
Sh3gl1:Nnt	0.6931471805599453		1	0.0	
Sh3pxd2b:Rab2a	0.6931471805599453		1	0.0	0.5250364043274258
Sh3tc1:C1qb	0.6931471805599453		1	0.0	1.0047984056314743
Slc16a10:Rpf2	0.6931471805599453		0	11.30206862196345	2.6178450439236496
Slc16a10:Tpd52	0.6931471805599453		1	0.0	1.3099199834744182
Slc17a5:Ifi204	0.6931471805599453		1	0.0	1.4289436159802653
Slc23a2:Ppp1r1c	0.6931471805599453		0	17.771465794508416	1.0386938213215375
Slc25a13:Sem1	1.0986122886681098		0	12.737059655759989	1.8487703152153543
Slc25a39:Nup88	0.6931471805599453		0	17.26336926800348	0.743596781076604
Slc28a2:Eml4	0.6931471805599453		1	0.0	0.5232817592765624
Slc37a3:Parp12	0.6931471805599453		0	12.284999346083975	
Slc4a7:Psmd1	0.6931471805599453		1	0.0	0.753487228731832
Slc7a2:Mtus1	0.6931471805599453		0	11.136149849324493	2.1774594460039265
Slc7a8:Gch1	0.6931471805599453		0	15.834776978349677	0.7662189631143803
Slc9a7:Amn1	0.6931471805599453		1	0.0	
Smad3:Pnrc1	0.6931471805599453		1	0.0	1.2728502410598883
Smad4:Dym	0.6931471805599453		0	14.089348744505394	0.6959414885113566
Smg1:Picalm	0.6931471805599453		0	17.14298457555282	0.5163264587980914
Smu1:Chmp5	0.6931471805599453		0	12.157328730291244	
Snapc3:N4bp2l2	0.6931471805599453		1	0.0	
Snd1:Lmf1	0.6931471805599453		1	0.0	0.5598093992560444
Snd1:Mkln1	0.6931471805599453		0	14.707717591821945	1.213471047555276
Snrnp200:Kansl2	0.6931471805599453		1	0.0	1.4647877111944219
Snrpd3:Ankrd40	0.6931471805599453		1	0.0	1.2189214207789432
Snx5:Ctsc	0.6931471805599453		1	0.0	1.1301275386416543
Soat1:Topbp1	0.6931471805599453		1	0.0	0.7327489113209285
Sorl1:Mthfs	0.6931471805599453		0	17.66687310218376	0.7118640937753814
Sp100:A630001G21Rik	0.6931471805599453		0	8.865876285425417	
Spaca6:4933404O12Rik	0.6931471805599453		1	0.0	1.0249946475127116
Spast:Memo1	0.6931471805599453		0	10.679757308488831	
Spg11:Eif2s2	0.6931471805599453		0	17.304855071402347	0.9689309781066611
Spg21:Acadm	0.6931471805599453		1	0.0	0.5809350919512477
Sppl2a:Psma3	0.6931471805599453		1	0.0	0.8514550898556055
Sptlc2:Azi2	0.6931471805599453		1	0.0	0.6136521175728749
Sptlc2:Ylpm1	0.6931471805599453		0	14.61954773836786	1.272380839538621
Srek1:Tcp1	0.6931471805599453		1	0.0	0.5483938312137189
Srpk1:Esd	0.6931471805599453		1	0.0	0.9159132906706731
Ssh1:Acadm	0.6931471805599453		1	0.0	0.5381539203480434
Ssh1:Ifi204	0.6931471805599453		1	0.0	1.5463625403189187
St18:Nrf1	0.6931471805599453		1	0.0	0.843737653002424
St3gal1:Rab5c	0.6931471805599453		1	0.0	2.294387909106098
St8sia4:Fam174a	1.0986122886681098		0	12.438766447676212	3.5130528065623188
Stambpl1:Sgms1	0.6931471805599453		0	14.404694024662177	1.0522738575929322
Stau2:Eloc	0.6931471805599453		0	11.70860737346602	
Stimate:Tkt	0.6931471805599453		0	12.432694141776214	3.3000498403026484
Stk10:C2cd2	0.6931471805599453		1	0.0	
Strn3:Fam180a	0.6931471805599453		1	0.0	1.1257140703032484
Strn:Fez2	0.6931471805599453		0	12.353466262022842	2.629068038632711
Stxbp1:Galk2	0.6931471805599453		0	18.34772043759363	1.1393866479575978
Stxbp3:Asb6	0.6931471805599453		1	0.0	2.71342306576714
Sympk:Tyrobp	0.6931471805599453		0	16.2424917056577	1.400416012837166
Syne3:1700028I16Rik	0.6931471805599453		1	0.0	0.5461491943104181
Syngr1:Hnrnpdl	0.6931471805599453		1	0.0	1.2068843736929276
Tanc2:Rnaset2b	0.6931471805599453		1	0.0	0.9925517076091895
Tapbp:Tap1	0.6931471805599453		0	12.461729852504476	
Tars:Wdr70	0.6931471805599453		0	14.995301831575244	0.9946128703684303
Tbc1d23:Sirt5	0.6931471805599453		1	0.0	0.43206071904170795
Tbc1d23:Xdh	1.0986122886681098		1	0.0	1.0896138678792533
Tbcb:Prkar1a	0.6931471805599453		1	0.0	1.1865915122817512
Tbk1:Erp27	0.6931471805599453		1	0.0	1.1298766383882228
Tbxas1:Bola3	0.6931471805599453		0	17.605696067007198	1.2367097839163859
Tbxas1:Bpgm	0.6931471805599453		0	15.290225739841112	0.6663615042563006
Tcirg1:Sart1	1.0986122886681098		0	14.201057952154047	
Tec:Clec4a1	0.6931471805599453		1	0.0	1.1740742575686776
Tep1:Slc4a2	0.6931471805599453		1	0.0	0.9337584478338425
Tgm2:1110038F14Rik	0.6931471805599453		1	0.0	1.4106280508539835
Thada:Tcf20	0.6931471805599453		1	0.0	1.0811790780175987
Thbs1:Slc24a3	0.6931471805599453		0	17.11327375259088	1.107925326740555
Tiam1:Hcls1	0.6931471805599453		0	17.782029816825762	0.8294815847459825
Tm9sf2:Mad1l1	0.6931471805599453		1	0.0	1.0745971853956708
Tmbim6:Rmc1	0.6931471805599453		1	0.0	1.1262964703528389
Tmcc3:Tnip3	0.6931471805599453		1	0.0	0.8821632952927606
Tmem134:Gpnmb	0.6931471805599453		1	0.0	
Tmem134:H2-Q4	0.6931471805599453		1	0.0	
Tmem181a:Bin2	0.6931471805599453		1	0.0	1.2090537355342157
Tmem38b:Uty	0.6931471805599453		1	0.0	
Tmem63a:Aim2	0.6931471805599453		0	15.827249110187248	0.6464894346773395
Tmem67:Chaserr	0.6931471805599453		1	0.0	0.5335597954692451
Tmx1:2700049A03Rik	0.6931471805599453		0	13.413253797599884	2.8618498730409168
Tnfaip3:Traf1	0.6931471805599453		1	0.0	1.5260732429843864
Tnfrsf1b:Dhrs3	1.3862943611198906		0	12.561138796054486	
Tnfrsf1b:Prxl2b	0.6931471805599453		0	16.11874763836833	
Tns3:Rab33b	0.6931471805599453		1	0.0	1.1139650944862296
Tomm70a:Ltn1	0.6931471805599453		0	17.223235654328917	0.6664130317093273
Tor1aip1:Fcgr3	0.6931471805599453		0	16.521326130810184	0.936584415920268
Tpd52l2:Cmtm7	0.6931471805599453		1	0.0	
Tpm3:Ubr5	0.6931471805599453		1	0.0	1.2810093291920879
Trappc10:Lyz2	0.6931471805599453		0	17.47991190273037	1.132610975931768
Trim25:Atox1	0.6931471805599453		0	17.32819379701625	0.7763631284571901
Trim25:Il27	0.6931471805599453		1	0.0	1.3744114141595827
Trim30c:Gm15133	0.6931471805599453		0	10.954798568086225	3.439711274984324
Trmt1:Ing1	0.6931471805599453		0	18.116865034819103	0.7781728844130914
Trrap:Bri3	0.6931471805599453		0	12.67912163296187	3.347771189685144
Tsg101:Ecpas	0.6931471805599453		1	0.0	1.5114756913671916
Tspan31:Nup88	0.6931471805599453		1	0.0	1.3614995506045644
Tspan5:Eif4e	0.6931471805599453		0	12.114505452004684	
Ttc7b:Wdr91	0.6931471805599453		1	0.0	1.3511389208750137
Tut7:Tmem251	0.6931471805599453		1	0.0	0.7816588697554677
Twf2:Tap1	0.6931471805599453		1	0.0	0.8213211100822699
Txlng:Sms	1.0986122886681098		0	15.480692117260647	0.3073182118442553
Txnrd1:Ntpcr	0.6931471805599453		1	0.0	0.37607353279652334
Tyrobp:B2m	1.0986122886681098		1	0.0	2.08453164524453
Ubap2:Dcaf12	0.6931471805599453		0	9.69010867127683	
Ube2g1:Skap2	0.6931471805599453		1	0.0	0.3802205730205155
Ube2j2:Mmp12	0.6931471805599453		1	0.0	
Ube4b:Oas1a	0.6931471805599453		1	0.0	2.716691165785195
Ubl3:Laptm4a	0.6931471805599453		1	0.0	0.9409748473972034
Ubqln1:Rcc2	0.6931471805599453		1	0.0	0.7948440243997063
Ubxn2b:Nsmaf	0.6931471805599453		0	12.069794627237545	
Ufsp2:Oas1g	0.6931471805599453		1	0.0	1.333846805667632
Uhrf1bp1l:1810058I24Rik	0.6931471805599453		1	0.0	0.8888516958460122
Utrn:Pex7	0.6931471805599453		0	15.759209406753454	0.16513336744094534
Uty:Csnk1g3	0.6931471805599453		1	0.0	
Uvrag:Gm47754	0.6931471805599453		1	0.0	1.9137247134515545
Vav3:Slc25a24	0.6931471805599453		0	12.056394449221223	
Vegfb:Ppp1ca	0.6931471805599453		0	14.814089965743698	
Vezt:Tmem19	0.6931471805599453		0	16.874400759450463	0.0038990429182029257
Vps13b:Cpq	0.6931471805599453		0	14.390217049161036	0.9416019817663019
Vps13d:Cmpk1	0.6931471805599453		0	17.21185468159896	1.2031367116821035
Vps41:Mgmt	0.6931471805599453		1	0.0	0.6738275165745912
Vps45:Ctsh	0.6931471805599453		1	0.0	1.431991881725177
Vps8:2510009E07Rik	0.6931471805599453		0	8.38160253710989	
Vrk2:Gm20717	0.6931471805599453		1	0.0	0.5481342105935852
Vsir:Dctn6	0.6931471805599453		1	0.0	1.8025561741530434
Vti1a:Trir	0.6931471805599453		1	0.0	0.5918441590541533
Vti1b:Lyz2	0.6931471805599453		1	0.0	1.233559772706238
Washc4:Riok2	0.6931471805599453		1	0.0	0.3567394048029916
Wasl:Chchd3	0.6931471805599453		0	15.907733073908778	1.2774264940160693
Wdfy2:Gpi1	0.6931471805599453		1	0.0	1.2089641244533462
Wdr41:Tbca	0.6931471805599453		0	11.801279811395213	2.718722155765564
Wdr91:Ier3ip1	0.6931471805599453		1	0.0	0.2885818165119546
Wdyhv1:Prdx1	0.6931471805599453		1	0.0	1.9676319561049171
Wipi2:Arpc1b	0.6931471805599453		0	14.688761420985497	0.43710893848724236
Wtap:Tcp1	0.6931471805599453		0	10.638975573585599	
Wwox:Maf	0.6931471805599453		0	12.707559801216785	2.3673103695411517
Wwox:Rasa4	0.6931471805599453		1	0.0	0.6458098078764546
Xpo6:Dusp12	0.6931471805599453		1	0.0	2.541006208922718
Yipf5:Airn	0.6931471805599453		1	0.0	0.6385904937171644
Ykt6:Map3k20	0.6931471805599453		1	0.0	1.5322514209029765
Ypel2:Capg	0.6931471805599453		1	0.0	1.9923067146712106
Zbtb17:Dhrs3	0.6931471805599453		0	15.0463658679963	-0.07834545191418703
Zc3h7a:Phf11b	0.6931471805599453		1	0.0	0.6818700102153541
Zc3h7a:Ppp4r1	0.6931471805599453		1	0.0	0.49717693500688703
Zcchc8:Sars	0.6931471805599453		1	0.0	3.3415699552717637
Zdhhc13:Mapk1ip1	0.6931471805599453		0	18.314879742405985	0.5349969207778961
Zeb2:Gtdc1	0.6931471805599453		0	10.932678306425732	2.0192524355444945
Zeb2:Tpst2	0.6931471805599453		1	0.0	1.0287166364529867
Zfp106:Ndrg3	0.6931471805599453		0	17.409390688952943	1.25147031897858
Zfp266:Ly6a	0.6931471805599453		1	0.0	0.7239486084410578
Zfp386:Gm20658	0.6931471805599453		0	10.581774870189049	
Zfp655:Atp5j2	0.6931471805599453		0	10.587947104698507	
Zfp704:Mrps28	0.6931471805599453		0	13.12855019949085	1.3111453994284847
Zfp944:Ccdc171	0.6931471805599453		1	0.0	0.8994518184850602
Zkscan17:Sp3os	0.6931471805599453		1	0.0	1.3791699426382191
Zmiz1:Pinx1	0.6931471805599453		0	17.464365798204668	1.4553822647501056
