job_id	peptide_id	protocol_id	seed	length	ca_step_outside_2_8_to_4_3A	max_ca_step_A	radius_of_gyration_A	interpretation
protein_f0766d124b52f0061597ce4e822e9275a04152df574f9a512631a0fa6ed8a2fa_precomputed_seed20260919	peptide_f0766d124b52f0061597ce4e822e9275a04152df574f9a512631a0fa6ed8a2fa	boltz2_2.2.1_precomputed	20260919	118	0	3.8231376432061657	13.722418649328402	Geometry context only; compactness and CA distances are not function/stability scores.
protein_1bce31ef49449220635ddadc203907308fc7f2ec67e7d48732292471c9bbe3df_single_sequence_seed20260919	peptide_1bce31ef49449220635ddadc203907308fc7f2ec67e7d48732292471c9bbe3df	boltz2_2.2.1_single_sequence	20260919	32	0	3.8219057953591684	9.46155291708571	Geometry context only; compactness and CA distances are not function/stability scores.
protein_1e8bc65243a9facc8e4feddf58cbbe693b2477dfe7a89be4bd6f1930464904dc_single_sequence_seed20260919	peptide_1e8bc65243a9facc8e4feddf58cbbe693b2477dfe7a89be4bd6f1930464904dc	boltz2_2.2.1_single_sequence	20260919	81	0	3.8250527771653027	11.436341648302383	Geometry context only; compactness and CA distances are not function/stability scores.
protein_6de3b695e6fb7625fb0b645afd1d9dbcedf1ea280f2faf93d7ebafbd589a09ef_single_sequence_seed20260919	peptide_6de3b695e6fb7625fb0b645afd1d9dbcedf1ea280f2faf93d7ebafbd589a09ef	boltz2_2.2.1_single_sequence	20260919	298	0	3.8320847754975342	18.225669592573812	Geometry context only; compactness and CA distances are not function/stability scores.
protein_7c620433a33c479bd09812150c15d2e0accd796c3cd40b057543080302fe009b_single_sequence_seed20260919	peptide_7c620433a33c479bd09812150c15d2e0accd796c3cd40b057543080302fe009b	boltz2_2.2.1_single_sequence	20260919	46	0	3.8146517639753172	18.02926282780884	Geometry context only; compactness and CA distances are not function/stability scores.
protein_91b6c2354036f74992cb5f2520a3614bb2b0ecc3feab662dbb7e791accc4b3b7_single_sequence_seed20260919	peptide_91b6c2354036f74992cb5f2520a3614bb2b0ecc3feab662dbb7e791accc4b3b7	boltz2_2.2.1_single_sequence	20260919	213	0	3.813644830198535	15.80121501935105	Geometry context only; compactness and CA distances are not function/stability scores.
protein_9a99577ea77e93a51bb896132001fac6caa242ee517a62995ddef9d39a72f54a_single_sequence_seed20260919	peptide_9a99577ea77e93a51bb896132001fac6caa242ee517a62995ddef9d39a72f54a	boltz2_2.2.1_single_sequence	20260919	711	0	3.827019501870875	39.44175768785572	Geometry context only; compactness and CA distances are not function/stability scores.
protein_ca2772f82b0e861861636ddd31697e08475ddd2b2f93467e300b85d3aa0b3c75_single_sequence_seed20260919	peptide_ca2772f82b0e861861636ddd31697e08475ddd2b2f93467e300b85d3aa0b3c75	boltz2_2.2.1_single_sequence	20260919	2498	0	3.891582980600571	72.9783483809498	Geometry context only; compactness and CA distances are not function/stability scores.
protein_dba94fe4564b656dcb4c88ed9c0af05dfe78a7d6ea0ef18b1c71b29fe58fa0d9_single_sequence_seed20260919	peptide_dba94fe4564b656dcb4c88ed9c0af05dfe78a7d6ea0ef18b1c71b29fe58fa0d9	boltz2_2.2.1_single_sequence	20260919	95	0	3.827013752640562	11.5759266132107	Geometry context only; compactness and CA distances are not function/stability scores.
protein_e5af13d33e889258c3c023a666c476f620d82348973f983e518b9779866522d1_single_sequence_seed20260919	peptide_e5af13d33e889258c3c023a666c476f620d82348973f983e518b9779866522d1	boltz2_2.2.1_single_sequence	20260919	175	0	3.85067899302188	17.51935474866153	Geometry context only; compactness and CA distances are not function/stability scores.
protein_eaadb81f5c70805626da52cd61e57438d32bf21d9a2d8384477f99624294a992_single_sequence_seed20260919	peptide_eaadb81f5c70805626da52cd61e57438d32bf21d9a2d8384477f99624294a992	boltz2_2.2.1_single_sequence	20260919	158	0	3.8301050221240676	14.49423132985361	Geometry context only; compactness and CA distances are not function/stability scores.
protein_06a47ea8fb14decf2e1f83ce3d7b3bc9900a29ed89cc722332a43a369472b176_single_sequence_seed20260919	peptide_06a47ea8fb14decf2e1f83ce3d7b3bc9900a29ed89cc722332a43a369472b176	boltz2_2.2.1_single_sequence	20260919	357	0	3.82699467773343	20.15307125829736	Geometry context only; compactness and CA distances are not function/stability scores.
protein_f0766d124b52f0061597ce4e822e9275a04152df574f9a512631a0fa6ed8a2fa_single_sequence_seed20260919	peptide_f0766d124b52f0061597ce4e822e9275a04152df574f9a512631a0fa6ed8a2fa	boltz2_2.2.1_single_sequence	20260919	118	0	3.813097673768665	13.522522795018533	Geometry context only; compactness and CA distances are not function/stability scores.
protein_1bb99356d918b0fbaa9b069fdeb691f9390e078bfa32068a8186f372bbfd91a3_single_sequence_seed20260919	control_1bb99356d918b0fbaa9b069fdeb691f9390e078bfa32068a8186f372bbfd91a3	boltz2_2.2.1_single_sequence	20260919	162	0	3.8309743103419533	23.04983362118233	Geometry context only; compactness and CA distances are not function/stability scores.
protein_4d8da7a249b8e2edf2d48ecc95d93eb6898532d6e07ed982fec0fc4c9c14e12a_single_sequence_seed20260919	control_4d8da7a249b8e2edf2d48ecc95d93eb6898532d6e07ed982fec0fc4c9c14e12a	boltz2_2.2.1_single_sequence	20260919	181	0	3.8351416410088444	15.398052223112165	Geometry context only; compactness and CA distances are not function/stability scores.
protein_13af641587610835ccf13231157fe90ef6e91f0485fa14f7ec5a46506b5a8823_single_sequence_seed20260919	control_13af641587610835ccf13231157fe90ef6e91f0485fa14f7ec5a46506b5a8823	boltz2_2.2.1_single_sequence	20260919	68	0	3.841263836668864	10.964168490798954	Geometry context only; compactness and CA distances are not function/stability scores.
protein_345129754ff0ccc173929ddf22b27736775c4329d5023cd85485e4a3b98d6af1_single_sequence_seed20260919	control_345129754ff0ccc173929ddf22b27736775c4329d5023cd85485e4a3b98d6af1	boltz2_2.2.1_single_sequence	20260919	156	0	3.832062494075482	14.484171776183203	Geometry context only; compactness and CA distances are not function/stability scores.
protein_61a6c306c0a882793e9a0eb0f38e9dffb4ad15d1ae413e718969b8f43c6e86e4_single_sequence_seed20260919	control_61a6c306c0a882793e9a0eb0f38e9dffb4ad15d1ae413e718969b8f43c6e86e4	boltz2_2.2.1_single_sequence	20260919	153	0	3.8363960752117348	13.782577742790814	Geometry context only; compactness and CA distances are not function/stability scores.
protein_8500b17b3f5cc9f4deaed97ff0ad19025d5d94095c67bb9c969910558b69f1f8_single_sequence_seed20260919	control_8500b17b3f5cc9f4deaed97ff0ad19025d5d94095c67bb9c969910558b69f1f8	boltz2_2.2.1_single_sequence	20260919	559	0	3.8224575590318834	24.665530737558512	Geometry context only; compactness and CA distances are not function/stability scores.
protein_c4c915da39d6ec74952059215262a9989ad6435c495f79363d36b565c91f216d_single_sequence_seed20260919	control_c4c915da39d6ec74952059215262a9989ad6435c495f79363d36b565c91f216d	boltz2_2.2.1_single_sequence	20260919	45	0	3.83662228181248	10.950115822968458	Geometry context only; compactness and CA distances are not function/stability scores.
protein_ff94800e922179729e86c53f89319115126e45abae0220aa9052e0fb76f532c1_single_sequence_seed20260919	control_ff94800e922179729e86c53f89319115126e45abae0220aa9052e0fb76f532c1	boltz2_2.2.1_single_sequence	20260919	129	0	3.830157806487873	14.148191640347283	Geometry context only; compactness and CA distances are not function/stability scores.
protein_00fb8657255fb894315401cecb9ab9e3047ef7b3d1f0d35d357663269780201c_single_sequence_seed20260919	peptide_00fb8657255fb894315401cecb9ab9e3047ef7b3d1f0d35d357663269780201c	boltz2_2.2.1_single_sequence	20260919	47	0	3.8016385091168257	9.156607095181748	Geometry context only; compactness and CA distances are not function/stability scores.
protein_101700281cde078bee94b7382d6e603a4babf7b2c6c73ebf43d4a469d59c79f5_single_sequence_seed20260919	peptide_101700281cde078bee94b7382d6e603a4babf7b2c6c73ebf43d4a469d59c79f5	boltz2_2.2.1_single_sequence	20260919	159	0	3.819227780389643	14.752332241256083	Geometry context only; compactness and CA distances are not function/stability scores.
protein_17d111deb4d6dc3037080cfa51b4f13d1b3e22d45fa78ccc97a0cca4c2afed7e_single_sequence_seed20260919	peptide_17d111deb4d6dc3037080cfa51b4f13d1b3e22d45fa78ccc97a0cca4c2afed7e	boltz2_2.2.1_single_sequence	20260919	164	0	3.8320488886495174	23.11197811403114	Geometry context only; compactness and CA distances are not function/stability scores.
protein_2f5ccec75975e3c6f577920bce8d2353c43c2083ced5a445cd4306874aa49f96_single_sequence_seed20260919	peptide_2f5ccec75975e3c6f577920bce8d2353c43c2083ced5a445cd4306874aa49f96	boltz2_2.2.1_single_sequence	20260919	44	0	3.81842307651994	11.234185082847231	Geometry context only; compactness and CA distances are not function/stability scores.
protein_3538354085b81ef36c100a2816d54993d184f50f51149beb3c72110afb62890b_single_sequence_seed20260919	peptide_3538354085b81ef36c100a2816d54993d184f50f51149beb3c72110afb62890b	boltz2_2.2.1_single_sequence	20260919	39	0	3.815226793848565	9.569454170609848	Geometry context only; compactness and CA distances are not function/stability scores.
protein_3868fed335582b3a056d423efc2dbae9dfa7c7350d3572a0f67798065f307d53_single_sequence_seed20260919	peptide_3868fed335582b3a056d423efc2dbae9dfa7c7350d3572a0f67798065f307d53	boltz2_2.2.1_single_sequence	20260919	99	0	3.8235244135221635	19.557034209750796	Geometry context only; compactness and CA distances are not function/stability scores.
protein_3efb26690c36c414062c23d0c47a34fbb57d8f10f8edf672769c2cddb8218cfa_single_sequence_seed20260919	peptide_3efb26690c36c414062c23d0c47a34fbb57d8f10f8edf672769c2cddb8218cfa	boltz2_2.2.1_single_sequence	20260919	207	0	3.829829879394124	16.014555377476857	Geometry context only; compactness and CA distances are not function/stability scores.
protein_5e0a55ceea7aa5596a1130b2f7a693b8a52acf6bf2ac12e69951ade5c9fb2d52_single_sequence_seed20260919	peptide_5e0a55ceea7aa5596a1130b2f7a693b8a52acf6bf2ac12e69951ade5c9fb2d52	boltz2_2.2.1_single_sequence	20260919	118	0	3.8248036226321473	13.301730947570057	Geometry context only; compactness and CA distances are not function/stability scores.
protein_61dbcd41ff74ad3f3b63240c13327fee06c0feb5d06fe4cf72c1220d5d18bb06_single_sequence_seed20260919	peptide_61dbcd41ff74ad3f3b63240c13327fee06c0feb5d06fe4cf72c1220d5d18bb06	boltz2_2.2.1_single_sequence	20260919	167	0	3.8271116101571954	14.913493584770748	Geometry context only; compactness and CA distances are not function/stability scores.
protein_7153a9988f10e3f16ef9401be9c3ebf0e792e0075a0738bde80362e44019b419_single_sequence_seed20260919	peptide_7153a9988f10e3f16ef9401be9c3ebf0e792e0075a0738bde80362e44019b419	boltz2_2.2.1_single_sequence	20260919	304	0	3.8485722150818478	17.377608247418724	Geometry context only; compactness and CA distances are not function/stability scores.
protein_74500f70e6a9f3f7e33db93e70c8610c8c7af7704f8522687bc26abc4cd3eb18_single_sequence_seed20260919	peptide_74500f70e6a9f3f7e33db93e70c8610c8c7af7704f8522687bc26abc4cd3eb18	boltz2_2.2.1_single_sequence	20260919	234	0	3.835071275204674	19.72053494175189	Geometry context only; compactness and CA distances are not function/stability scores.
protein_7a9f6f4887bd814b003cf10313fd2533c1efedd27d7e63a1d4f1508167c28ace_single_sequence_seed20260919	peptide_7a9f6f4887bd814b003cf10313fd2533c1efedd27d7e63a1d4f1508167c28ace	boltz2_2.2.1_single_sequence	20260919	39	0	3.8261274591811496	16.699978603232125	Geometry context only; compactness and CA distances are not function/stability scores.
protein_899325e73395c7c25bfb100e110524886b8177bae90a0ab97604b66f4b77da1e_single_sequence_seed20260919	peptide_899325e73395c7c25bfb100e110524886b8177bae90a0ab97604b66f4b77da1e	boltz2_2.2.1_single_sequence	20260919	95	0	3.840121617670461	12.453598671636362	Geometry context only; compactness and CA distances are not function/stability scores.
protein_b0d22e27937167cce8168e89f2f47683b4ada96ad48b9ebb22e347b9e99abcb8_single_sequence_seed20260919	peptide_b0d22e27937167cce8168e89f2f47683b4ada96ad48b9ebb22e347b9e99abcb8	boltz2_2.2.1_single_sequence	20260919	141	0	3.824470257185953	14.341993865733949	Geometry context only; compactness and CA distances are not function/stability scores.
protein_b537f99b45ff96dfbe025055a4ef53a4d336495d89f7355a3e01399abae3638e_single_sequence_seed20260919	peptide_b537f99b45ff96dfbe025055a4ef53a4d336495d89f7355a3e01399abae3638e	boltz2_2.2.1_single_sequence	20260919	568	0	3.8351608846826757	41.43701022939737	Geometry context only; compactness and CA distances are not function/stability scores.
protein_d09ba36d63b4b05b94c1787f8ea186e5b841f5920b3ffb5356533bd95afd68da_single_sequence_seed20260919	peptide_d09ba36d63b4b05b94c1787f8ea186e5b841f5920b3ffb5356533bd95afd68da	boltz2_2.2.1_single_sequence	20260919	259	0	3.8212000747540036	21.399973599126636	Geometry context only; compactness and CA distances are not function/stability scores.
protein_dfb8a2ccde79614b69b3425f8cd6ffcf0f2bddaf437ae76facc8bb7ebdfacb2e_single_sequence_seed20260919	peptide_dfb8a2ccde79614b69b3425f8cd6ffcf0f2bddaf437ae76facc8bb7ebdfacb2e	boltz2_2.2.1_single_sequence	20260919	193	0	3.8293489229763327	15.507725443688564	Geometry context only; compactness and CA distances are not function/stability scores.
protein_e6bde9e98c0c71a406cda37d339a2829de1ba0ba203b851d67e4082deda858a7_single_sequence_seed20260919	peptide_e6bde9e98c0c71a406cda37d339a2829de1ba0ba203b851d67e4082deda858a7	boltz2_2.2.1_single_sequence	20260919	383	0	3.846999598583291	19.309730640986487	Geometry context only; compactness and CA distances are not function/stability scores.
protein_f3b157eea4a7b3afed59584e95a707bc05cb7cf6e128952858f1c030fdca8e9f_single_sequence_seed20260919	peptide_f3b157eea4a7b3afed59584e95a707bc05cb7cf6e128952858f1c030fdca8e9f	boltz2_2.2.1_single_sequence	20260919	70	0	3.8345590979537656	11.923754541987389	Geometry context only; compactness and CA distances are not function/stability scores.
protein_ff641b7f66baa209ff86e50cff70775b9fc1fd0004872ad33a501711d57eaf5e_single_sequence_seed20260919	peptide_ff641b7f66baa209ff86e50cff70775b9fc1fd0004872ad33a501711d57eaf5e	boltz2_2.2.1_single_sequence	20260919	133	0	3.8140805445742747	13.850171984570245	Geometry context only; compactness and CA distances are not function/stability scores.
protein_19394e5c359c5a82b8cb1bd0ed1fa1b68fb38f6139c5c1acdf5b19900a03299a_single_sequence_seed20260919	peptide_19394e5c359c5a82b8cb1bd0ed1fa1b68fb38f6139c5c1acdf5b19900a03299a	boltz2_2.2.1_single_sequence	20260919	112	0	3.846856703413841	12.937705723834913	Geometry context only; compactness and CA distances are not function/stability scores.
protein_d9dadae508e1aba65519f0bec221151e33dd065734ac6bd7d657c57034b61154_single_sequence_seed20260919	peptide_d9dadae508e1aba65519f0bec221151e33dd065734ac6bd7d657c57034b61154	boltz2_2.2.1_single_sequence	20260919	86	0	3.8340204569746357	12.49126009760088	Geometry context only; compactness and CA distances are not function/stability scores.
protein_b38a46e68fa112ecb3d07b06ff9f3c00cfbcb19b8f9098cd396c99a0030c80ca_single_sequence_seed20260919	peptide_b38a46e68fa112ecb3d07b06ff9f3c00cfbcb19b8f9098cd396c99a0030c80ca	boltz2_2.2.1_single_sequence	20260919	75	0	3.8208613993836518	10.9415160080575	Geometry context only; compactness and CA distances are not function/stability scores.
protein_70b1ed4ba81a68375cfb42e68d1af3b9cf1105b34faaa49a883b93a8bfa81b6c_single_sequence_seed20260919	peptide_70b1ed4ba81a68375cfb42e68d1af3b9cf1105b34faaa49a883b93a8bfa81b6c	boltz2_2.2.1_single_sequence	20260919	154	0	3.8348996024016064	14.792379087611467	Geometry context only; compactness and CA distances are not function/stability scores.
protein_6ae36d8a89ac3ac04b43b02983f3cb8994037ee6cadc0be1d50523eaca3430e4_single_sequence_seed20260919	peptide_6ae36d8a89ac3ac04b43b02983f3cb8994037ee6cadc0be1d50523eaca3430e4	boltz2_2.2.1_single_sequence	20260919	212	0	3.8222436299639506	16.531066646960962	Geometry context only; compactness and CA distances are not function/stability scores.
protein_d12ded276778cca561f61708455f059a1bccb3f6e5b75d6ea02f274ab7b9a20d_single_sequence_seed20260919	peptide_d12ded276778cca561f61708455f059a1bccb3f6e5b75d6ea02f274ab7b9a20d	boltz2_2.2.1_single_sequence	20260919	290	0	3.846558081727092	20.391682845077067	Geometry context only; compactness and CA distances are not function/stability scores.
protein_bcd139b19630cb31f3a89703fedd00936138336ed28e45f87045ef3f8222c90c_single_sequence_seed20260919	peptide_bcd139b19630cb31f3a89703fedd00936138336ed28e45f87045ef3f8222c90c	boltz2_2.2.1_single_sequence	20260919	328	0	3.8173380013171476	18.32161521319305	Geometry context only; compactness and CA distances are not function/stability scores.
protein_2fd568c243ae5fc146a0c3231fbaef7e40cf01dbf9a2cc5cea6ca2f10c9a8f54_single_sequence_seed20260919	peptide_2fd568c243ae5fc146a0c3231fbaef7e40cf01dbf9a2cc5cea6ca2f10c9a8f54	boltz2_2.2.1_single_sequence	20260919	399	0	3.8299801354184595	18.525377270296758	Geometry context only; compactness and CA distances are not function/stability scores.
protein_1148a09617eba2312e87a99c5e199bf30521982cb6c30cc7354ca5f31aa604ee_single_sequence_seed20260919	peptide_1148a09617eba2312e87a99c5e199bf30521982cb6c30cc7354ca5f31aa604ee	boltz2_2.2.1_single_sequence	20260919	786	0	3.826296426180282	26.87960076272719	Geometry context only; compactness and CA distances are not function/stability scores.
protein_7b0d5d3c3a31c1168531049ad5eb4bf68c7070067b6a2cd48ed4f7d87f40e85a_single_sequence_seed20260919	peptide_7b0d5d3c3a31c1168531049ad5eb4bf68c7070067b6a2cd48ed4f7d87f40e85a	boltz2_2.2.1_single_sequence	20260919	1669	0	3.83946867403551	37.08597819183168	Geometry context only; compactness and CA distances are not function/stability scores.
protein_fa6506540deb5226f196b5e2c3dc3fd6a10972fec505231d4d43a33b7e157c2a_single_sequence_seed20260919	peptide_fa6506540deb5226f196b5e2c3dc3fd6a10972fec505231d4d43a33b7e157c2a	boltz2_2.2.1_single_sequence	20260919	915	0	3.8104055166478017	25.803516240468678	Geometry context only; compactness and CA distances are not function/stability scores.
protein_00fb8657255fb894315401cecb9ab9e3047ef7b3d1f0d35d357663269780201c_single_sequence_seed20260920	peptide_00fb8657255fb894315401cecb9ab9e3047ef7b3d1f0d35d357663269780201c	boltz2_2.2.1_single_sequence	20260920	47	0	3.8215140049985425	9.616774314405111	Geometry context only; compactness and CA distances are not function/stability scores.
protein_00fb8657255fb894315401cecb9ab9e3047ef7b3d1f0d35d357663269780201c_single_sequence_seed20260921	peptide_00fb8657255fb894315401cecb9ab9e3047ef7b3d1f0d35d357663269780201c	boltz2_2.2.1_single_sequence	20260921	47	0	3.8135764192815125	9.14706385185505	Geometry context only; compactness and CA distances are not function/stability scores.
protein_17d111deb4d6dc3037080cfa51b4f13d1b3e22d45fa78ccc97a0cca4c2afed7e_single_sequence_seed20260920	peptide_17d111deb4d6dc3037080cfa51b4f13d1b3e22d45fa78ccc97a0cca4c2afed7e	boltz2_2.2.1_single_sequence	20260920	164	0	3.83567264398306	23.774497119226076	Geometry context only; compactness and CA distances are not function/stability scores.
protein_17d111deb4d6dc3037080cfa51b4f13d1b3e22d45fa78ccc97a0cca4c2afed7e_single_sequence_seed20260921	peptide_17d111deb4d6dc3037080cfa51b4f13d1b3e22d45fa78ccc97a0cca4c2afed7e	boltz2_2.2.1_single_sequence	20260921	164	0	3.8406245734515636	21.977038843161267	Geometry context only; compactness and CA distances are not function/stability scores.
protein_1bce31ef49449220635ddadc203907308fc7f2ec67e7d48732292471c9bbe3df_single_sequence_seed20260920	peptide_1bce31ef49449220635ddadc203907308fc7f2ec67e7d48732292471c9bbe3df	boltz2_2.2.1_single_sequence	20260920	32	0	3.818726619764761	9.810073027492857	Geometry context only; compactness and CA distances are not function/stability scores.
protein_1bce31ef49449220635ddadc203907308fc7f2ec67e7d48732292471c9bbe3df_single_sequence_seed20260921	peptide_1bce31ef49449220635ddadc203907308fc7f2ec67e7d48732292471c9bbe3df	boltz2_2.2.1_single_sequence	20260921	32	0	3.822274109806883	9.767824918918961	Geometry context only; compactness and CA distances are not function/stability scores.
protein_1e8bc65243a9facc8e4feddf58cbbe693b2477dfe7a89be4bd6f1930464904dc_single_sequence_seed20260920	peptide_1e8bc65243a9facc8e4feddf58cbbe693b2477dfe7a89be4bd6f1930464904dc	boltz2_2.2.1_single_sequence	20260920	81	0	3.821923738747283	12.048166219433083	Geometry context only; compactness and CA distances are not function/stability scores.
protein_1e8bc65243a9facc8e4feddf58cbbe693b2477dfe7a89be4bd6f1930464904dc_single_sequence_seed20260921	peptide_1e8bc65243a9facc8e4feddf58cbbe693b2477dfe7a89be4bd6f1930464904dc	boltz2_2.2.1_single_sequence	20260921	81	0	3.8237968207267508	11.456242811162735	Geometry context only; compactness and CA distances are not function/stability scores.
protein_7a9f6f4887bd814b003cf10313fd2533c1efedd27d7e63a1d4f1508167c28ace_single_sequence_seed20260920	peptide_7a9f6f4887bd814b003cf10313fd2533c1efedd27d7e63a1d4f1508167c28ace	boltz2_2.2.1_single_sequence	20260920	39	0	3.8526104434655744	17.076494564700543	Geometry context only; compactness and CA distances are not function/stability scores.
protein_7a9f6f4887bd814b003cf10313fd2533c1efedd27d7e63a1d4f1508167c28ace_single_sequence_seed20260921	peptide_7a9f6f4887bd814b003cf10313fd2533c1efedd27d7e63a1d4f1508167c28ace	boltz2_2.2.1_single_sequence	20260921	39	0	3.8545875334463466	17.302652350034194	Geometry context only; compactness and CA distances are not function/stability scores.
protein_06a47ea8fb14decf2e1f83ce3d7b3bc9900a29ed89cc722332a43a369472b176_single_sequence_seed20260920	peptide_06a47ea8fb14decf2e1f83ce3d7b3bc9900a29ed89cc722332a43a369472b176	boltz2_2.2.1_single_sequence	20260920	357	0	3.8265197911679487	19.93699921697475	Geometry context only; compactness and CA distances are not function/stability scores.
protein_06a47ea8fb14decf2e1f83ce3d7b3bc9900a29ed89cc722332a43a369472b176_single_sequence_seed20260921	peptide_06a47ea8fb14decf2e1f83ce3d7b3bc9900a29ed89cc722332a43a369472b176	boltz2_2.2.1_single_sequence	20260921	357	0	3.824474710924364	19.833117754618268	Geometry context only; compactness and CA distances are not function/stability scores.
protein_2fd568c243ae5fc146a0c3231fbaef7e40cf01dbf9a2cc5cea6ca2f10c9a8f54_single_sequence_seed20260920	peptide_2fd568c243ae5fc146a0c3231fbaef7e40cf01dbf9a2cc5cea6ca2f10c9a8f54	boltz2_2.2.1_single_sequence	20260920	399	0	3.8351847912975483	19.181541727036965	Geometry context only; compactness and CA distances are not function/stability scores.
protein_2fd568c243ae5fc146a0c3231fbaef7e40cf01dbf9a2cc5cea6ca2f10c9a8f54_single_sequence_seed20260921	peptide_2fd568c243ae5fc146a0c3231fbaef7e40cf01dbf9a2cc5cea6ca2f10c9a8f54	boltz2_2.2.1_single_sequence	20260921	399	0	3.85783080103314	19.09423806284118	Geometry context only; compactness and CA distances are not function/stability scores.
protein_f0766d124b52f0061597ce4e822e9275a04152df574f9a512631a0fa6ed8a2fa_single_sequence_seed20260920	peptide_f0766d124b52f0061597ce4e822e9275a04152df574f9a512631a0fa6ed8a2fa	boltz2_2.2.1_single_sequence	20260920	118	0	3.8175117234790514	12.68996999873628	Geometry context only; compactness and CA distances are not function/stability scores.
protein_f0766d124b52f0061597ce4e822e9275a04152df574f9a512631a0fa6ed8a2fa_single_sequence_seed20260921	peptide_f0766d124b52f0061597ce4e822e9275a04152df574f9a512631a0fa6ed8a2fa	boltz2_2.2.1_single_sequence	20260921	118	0	3.8202326500096824	14.245254335785592	Geometry context only; compactness and CA distances are not function/stability scores.
