peptide_id	region	mean_f_idr	min_f_idr	max_f_idr	n_hypotheses
peptide_00fb8657255fb894315401cecb9ab9e3047ef7b3d1f0d35d357663269780201c	junction_window	0.0	0.0	0.0	6
peptide_00fb8657255fb894315401cecb9ab9e3047ef7b3d1f0d35d357663269780201c	parent_a_canonical	0.0	0.0	0.0	6
peptide_00fb8657255fb894315401cecb9ab9e3047ef7b3d1f0d35d357663269780201c	parent_b_out_of_frame	0.0	0.0	0.0	6
peptide_0113c383751f1a0ef3d6b27676d2e2141e091b8b60dc744ecdfddcbc258c577c	junction_window	1.0	1.0	1.0	3
peptide_0113c383751f1a0ef3d6b27676d2e2141e091b8b60dc744ecdfddcbc258c577c	parent_a_canonical	0.19439366240097503	0.19439366240097503	0.19439366240097503	3
peptide_0113c383751f1a0ef3d6b27676d2e2141e091b8b60dc744ecdfddcbc258c577c	parent_b_out_of_frame	1.0	1.0	1.0	2
peptide_0113c383751f1a0ef3d6b27676d2e2141e091b8b60dc744ecdfddcbc258c577c	parent_b_unannotated_CDS	1.0	1.0	1.0	1
peptide_031f87d03d93806fb6598bc5acfc051372dffe27f323210698bb511e6bbec75f	junction_split_codon	1.0	1.0	1.0	1
peptide_031f87d03d93806fb6598bc5acfc051372dffe27f323210698bb511e6bbec75f	junction_window	1.0	1.0	1.0	1
peptide_031f87d03d93806fb6598bc5acfc051372dffe27f323210698bb511e6bbec75f	parent_a_canonical	1.0	1.0	1.0	1
peptide_031f87d03d93806fb6598bc5acfc051372dffe27f323210698bb511e6bbec75f	parent_b_canonical	0.13263157894736843	0.13263157894736843	0.13263157894736843	1
peptide_04e15dc3926c12278ffcff63cfbb0a6f232e69a5d16fa877239ea03bee778a02	junction_split_codon	0.0	0.0	0.0	3
peptide_04e15dc3926c12278ffcff63cfbb0a6f232e69a5d16fa877239ea03bee778a02	junction_window	0.0	0.0	0.0	3
peptide_04e15dc3926c12278ffcff63cfbb0a6f232e69a5d16fa877239ea03bee778a02	parent_a_canonical	0.0	0.0	0.0	3
peptide_04e15dc3926c12278ffcff63cfbb0a6f232e69a5d16fa877239ea03bee778a02	parent_b_out_of_frame	0.0	0.0	0.0	3
peptide_06518bc387ccfd3be991b7ce8522835748deb4643cd98dccca776b3e1dd2d9c1	junction_split_codon	0.0	0.0	0.0	2
peptide_06518bc387ccfd3be991b7ce8522835748deb4643cd98dccca776b3e1dd2d9c1	junction_window	0.0	0.0	0.0	2
peptide_06518bc387ccfd3be991b7ce8522835748deb4643cd98dccca776b3e1dd2d9c1	parent_a_canonical	0.0	0.0	0.0	2
peptide_06518bc387ccfd3be991b7ce8522835748deb4643cd98dccca776b3e1dd2d9c1	parent_b_canonical	0.0	0.0	0.0	2
peptide_06a47ea8fb14decf2e1f83ce3d7b3bc9900a29ed89cc722332a43a369472b176	junction_split_codon	0.0	0.0	0.0	1
peptide_06a47ea8fb14decf2e1f83ce3d7b3bc9900a29ed89cc722332a43a369472b176	junction_window	0.0	0.0	0.0	1
peptide_06a47ea8fb14decf2e1f83ce3d7b3bc9900a29ed89cc722332a43a369472b176	parent_a_canonical	0.08185053380782918	0.08185053380782918	0.08185053380782918	1
peptide_06a47ea8fb14decf2e1f83ce3d7b3bc9900a29ed89cc722332a43a369472b176	parent_b_canonical	0.0	0.0	0.0	1
peptide_06ff13e279243d2b7ad8638c5afd0676ce8e8691414485e804189b01e04b5c71	junction_split_codon	0.0	0.0	0.0	2
peptide_06ff13e279243d2b7ad8638c5afd0676ce8e8691414485e804189b01e04b5c71	junction_window	0.45161290322580644	0.45161290322580644	0.45161290322580644	2
peptide_06ff13e279243d2b7ad8638c5afd0676ce8e8691414485e804189b01e04b5c71	parent_a_canonical	0.9411764705882353	0.9411764705882353	0.9411764705882353	2
peptide_06ff13e279243d2b7ad8638c5afd0676ce8e8691414485e804189b01e04b5c71	parent_b_canonical	0.0	0.0	0.0	2
peptide_0a3c36316543a47148471358f32a4ec64764c26acc5dd428c304719ee387455d	junction_window	1.0	1.0	1.0	3
peptide_0a3c36316543a47148471358f32a4ec64764c26acc5dd428c304719ee387455d	parent_a_canonical	0.21071643588199876	0.2107164358819988	0.2107164358819988	3
peptide_0a3c36316543a47148471358f32a4ec64764c26acc5dd428c304719ee387455d	parent_b_out_of_frame	1.0	1.0	1.0	2
peptide_0a3c36316543a47148471358f32a4ec64764c26acc5dd428c304719ee387455d	parent_b_unannotated_CDS	1.0	1.0	1.0	1
peptide_0c490e72ecae44550e53ca74fe76b911e1331a1d12589a18ae2832bd120927f3	junction_split_codon	1.0	1.0	1.0	4
peptide_0c490e72ecae44550e53ca74fe76b911e1331a1d12589a18ae2832bd120927f3	junction_window	1.0	1.0	1.0	4
peptide_0c490e72ecae44550e53ca74fe76b911e1331a1d12589a18ae2832bd120927f3	parent_a_canonical	1.0	1.0	1.0	4
peptide_0c490e72ecae44550e53ca74fe76b911e1331a1d12589a18ae2832bd120927f3	parent_b_out_of_frame	1.0	1.0	1.0	4
peptide_1015ff2fa888cebfb365500cc0ab8e73fbbf1ac9a892fa1436d4660a59c814cd	junction_split_codon	0.0	0.0	0.0	4
peptide_1015ff2fa888cebfb365500cc0ab8e73fbbf1ac9a892fa1436d4660a59c814cd	junction_window	0.05263157894736842	0.05263157894736842	0.05263157894736842	4
peptide_1015ff2fa888cebfb365500cc0ab8e73fbbf1ac9a892fa1436d4660a59c814cd	parent_a_canonical	0.8666666666666667	0.8666666666666667	0.8666666666666667	4
peptide_1015ff2fa888cebfb365500cc0ab8e73fbbf1ac9a892fa1436d4660a59c814cd	parent_b_out_of_frame	0.3333333333333333	0.3333333333333333	0.3333333333333333	4
peptide_101700281cde078bee94b7382d6e603a4babf7b2c6c73ebf43d4a469d59c79f5	junction_split_codon	0.0	0.0	0.0	1
peptide_101700281cde078bee94b7382d6e603a4babf7b2c6c73ebf43d4a469d59c79f5	junction_window	0.0	0.0	0.0	1
peptide_101700281cde078bee94b7382d6e603a4babf7b2c6c73ebf43d4a469d59c79f5	parent_a_canonical	0.05970149253731343	0.05970149253731343	0.05970149253731343	1
peptide_101700281cde078bee94b7382d6e603a4babf7b2c6c73ebf43d4a469d59c79f5	parent_b_out_of_frame	0.0	0.0	0.0	1
peptide_1148a09617eba2312e87a99c5e199bf30521982cb6c30cc7354ca5f31aa604ee	junction_window	0.0	0.0	0.0	1
peptide_1148a09617eba2312e87a99c5e199bf30521982cb6c30cc7354ca5f31aa604ee	parent_a_canonical	0.16279069767441862	0.16279069767441862	0.16279069767441862	1
peptide_1148a09617eba2312e87a99c5e199bf30521982cb6c30cc7354ca5f31aa604ee	parent_b_canonical	0.0	0.0	0.0	1
peptide_12745343cbe2431513f67f949df2911fade4cbdac322f7cdc173a482777cfec3	junction_split_codon	0.0	0.0	0.0	8
peptide_12745343cbe2431513f67f949df2911fade4cbdac322f7cdc173a482777cfec3	junction_window	0.0	0.0	0.0	8
peptide_12745343cbe2431513f67f949df2911fade4cbdac322f7cdc173a482777cfec3	parent_a_canonical	0.6120689655172413	0.6120689655172413	0.6120689655172413	8
peptide_12745343cbe2431513f67f949df2911fade4cbdac322f7cdc173a482777cfec3	parent_b_canonical	0.0	0.0	0.0	8
peptide_12745343cbe2431513f67f949df2911fade4cbdac322f7cdc173a482777cfec3	parent_b_upstream_of_annotated_CDS	0.0	0.0	0.0	2
peptide_128478dad5923df8e153bbe6c3fe22332eb265107b6c4204a02f16733a87a5f0	junction_window	0.0	0.0	0.0	5
peptide_128478dad5923df8e153bbe6c3fe22332eb265107b6c4204a02f16733a87a5f0	parent_a_canonical	0.0	0.0	0.0	5
peptide_128478dad5923df8e153bbe6c3fe22332eb265107b6c4204a02f16733a87a5f0	parent_b_canonical	0.0	0.0	0.0	5
peptide_139563c3790484e398f1558332258abd5f38773b4c9b8c7dd1d496f233efbed8	junction_split_codon	0.0	0.0	0.0	1
peptide_139563c3790484e398f1558332258abd5f38773b4c9b8c7dd1d496f233efbed8	junction_window	0.0	0.0	0.0	1
peptide_139563c3790484e398f1558332258abd5f38773b4c9b8c7dd1d496f233efbed8	parent_a_canonical	0.8333333333333334	0.8333333333333334	0.8333333333333334	1
peptide_139563c3790484e398f1558332258abd5f38773b4c9b8c7dd1d496f233efbed8	parent_b_canonical	0.18236472945891782	0.18236472945891782	0.18236472945891782	1
peptide_141ec2db205027760299d6cfdf072036bb4e5b4e6bbd92c9460372e87321d3d2	junction_window	0.3	0.3	0.3	1
peptide_141ec2db205027760299d6cfdf072036bb4e5b4e6bbd92c9460372e87321d3d2	parent_a_canonical	0.2980225988700565	0.2980225988700565	0.2980225988700565	1
peptide_141ec2db205027760299d6cfdf072036bb4e5b4e6bbd92c9460372e87321d3d2	parent_b_unannotated_CDS	0.0	0.0	0.0	1
peptide_1485ea7abb5537105da28caa75dbafd079f07504c590ce733c6d66afe0f0e279	junction_split_codon	1.0	1.0	1.0	6
peptide_1485ea7abb5537105da28caa75dbafd079f07504c590ce733c6d66afe0f0e279	junction_window	0.7741935483870966	0.7741935483870968	0.7741935483870968	6
peptide_1485ea7abb5537105da28caa75dbafd079f07504c590ce733c6d66afe0f0e279	parent_a_canonical	0.19369369369369369	0.19369369369369369	0.19369369369369369	6
peptide_1485ea7abb5537105da28caa75dbafd079f07504c590ce733c6d66afe0f0e279	parent_b_canonical	0.60625	0.60625	0.60625	6
peptide_17d111deb4d6dc3037080cfa51b4f13d1b3e22d45fa78ccc97a0cca4c2afed7e	junction_split_codon	0.0	0.0	0.0	8
peptide_17d111deb4d6dc3037080cfa51b4f13d1b3e22d45fa78ccc97a0cca4c2afed7e	junction_window	0.0	0.0	0.0	8
peptide_17d111deb4d6dc3037080cfa51b4f13d1b3e22d45fa78ccc97a0cca4c2afed7e	parent_a_canonical	0.6385542168674698	0.6385542168674698	0.6385542168674698	8
peptide_17d111deb4d6dc3037080cfa51b4f13d1b3e22d45fa78ccc97a0cca4c2afed7e	parent_b_out_of_frame	0.6026785714285714	0.5625	0.6428571428571429	8
peptide_17d111deb4d6dc3037080cfa51b4f13d1b3e22d45fa78ccc97a0cca4c2afed7e	parent_b_upstream_of_annotated_CDS	0.0	0.0	0.0	4
peptide_19394e5c359c5a82b8cb1bd0ed1fa1b68fb38f6139c5c1acdf5b19900a03299a	junction_split_codon	0.0	0.0	0.0	2
peptide_19394e5c359c5a82b8cb1bd0ed1fa1b68fb38f6139c5c1acdf5b19900a03299a	junction_window	0.0	0.0	0.0	2
peptide_19394e5c359c5a82b8cb1bd0ed1fa1b68fb38f6139c5c1acdf5b19900a03299a	parent_a_canonical	0.0	0.0	0.0	2
peptide_19394e5c359c5a82b8cb1bd0ed1fa1b68fb38f6139c5c1acdf5b19900a03299a	parent_b_unannotated_CDS	0.0	0.0	0.0	2
peptide_1a7b2bbbbf30fea698c57990414166e3db473b4ecba590ce3231a6f36c80546f	junction_split_codon	0.0	0.0	0.0	1
peptide_1a7b2bbbbf30fea698c57990414166e3db473b4ecba590ce3231a6f36c80546f	junction_window	0.05263157894736842	0.05263157894736842	0.05263157894736842	1
peptide_1a7b2bbbbf30fea698c57990414166e3db473b4ecba590ce3231a6f36c80546f	parent_a_canonical	0.8492063492063492	0.8492063492063492	0.8492063492063492	1
peptide_1a7b2bbbbf30fea698c57990414166e3db473b4ecba590ce3231a6f36c80546f	parent_b_out_of_frame	0.3333333333333333	0.3333333333333333	0.3333333333333333	1
peptide_1bce31ef49449220635ddadc203907308fc7f2ec67e7d48732292471c9bbe3df	junction_window	0.0	0.0	0.0	2
peptide_1bce31ef49449220635ddadc203907308fc7f2ec67e7d48732292471c9bbe3df	parent_a_canonical	0.0	0.0	0.0	2
peptide_1bce31ef49449220635ddadc203907308fc7f2ec67e7d48732292471c9bbe3df	parent_b_upstream_of_annotated_CDS	0.0	0.0	0.0	2
peptide_1d26632909793e9ef4868a1283d4ec88d8de6173f2567712b41a3547f09f15b9	junction_split_codon	1.0	1.0	1.0	3
peptide_1d26632909793e9ef4868a1283d4ec88d8de6173f2567712b41a3547f09f15b9	junction_window	0.7096774193548386	0.7096774193548387	0.7096774193548387	3
peptide_1d26632909793e9ef4868a1283d4ec88d8de6173f2567712b41a3547f09f15b9	parent_a_canonical	0.8297872340425533	0.8297872340425532	0.8297872340425532	3
peptide_1d26632909793e9ef4868a1283d4ec88d8de6173f2567712b41a3547f09f15b9	parent_b_canonical	0.4937500000000001	0.49375	0.49375	3
peptide_1d96ab1139fd7e2a5d0d5c16c5db26c59fb1194ceaf2df73b61b5175196b3ef2	junction_split_codon	0.0	0.0	0.0	4
peptide_1d96ab1139fd7e2a5d0d5c16c5db26c59fb1194ceaf2df73b61b5175196b3ef2	junction_window	0.0	0.0	0.0	4
peptide_1d96ab1139fd7e2a5d0d5c16c5db26c59fb1194ceaf2df73b61b5175196b3ef2	parent_a_canonical	0.12267657992565056	0.12267657992565056	0.12267657992565056	4
peptide_1d96ab1139fd7e2a5d0d5c16c5db26c59fb1194ceaf2df73b61b5175196b3ef2	parent_b_canonical	0.0	0.0	0.0	4
peptide_1d96ab1139fd7e2a5d0d5c16c5db26c59fb1194ceaf2df73b61b5175196b3ef2	parent_b_upstream_of_annotated_CDS	0.0	0.0	0.0	2
peptide_1dc6aeda50a5e497a2f5951ecc5210d7d2e68c1a6ea22fa070ab227803ad98df	junction_window	0.5	0.5	0.5	3
peptide_1dc6aeda50a5e497a2f5951ecc5210d7d2e68c1a6ea22fa070ab227803ad98df	parent_a_canonical	1.0	1.0	1.0	3
peptide_1dc6aeda50a5e497a2f5951ecc5210d7d2e68c1a6ea22fa070ab227803ad98df	parent_b_canonical	0.0	0.0	0.0	3
peptide_1e8bc65243a9facc8e4feddf58cbbe693b2477dfe7a89be4bd6f1930464904dc	junction_window	0.0	0.0	0.0	6
peptide_1e8bc65243a9facc8e4feddf58cbbe693b2477dfe7a89be4bd6f1930464904dc	parent_a_canonical	0.16129032258064516	0.16129032258064516	0.16129032258064516	6
peptide_1e8bc65243a9facc8e4feddf58cbbe693b2477dfe7a89be4bd6f1930464904dc	parent_b_unannotated_CDS	0.0	0.0	0.0	6
peptide_1fe37bd6ea07b66d2c16eb3ac3ec79534ca5317c7b1cadea503320eaa4a1a3a2	junction_split_codon	0.0	0.0	0.0	2
peptide_1fe37bd6ea07b66d2c16eb3ac3ec79534ca5317c7b1cadea503320eaa4a1a3a2	junction_window	0.0967741935483871	0.0967741935483871	0.0967741935483871	2
peptide_1fe37bd6ea07b66d2c16eb3ac3ec79534ca5317c7b1cadea503320eaa4a1a3a2	parent_a_canonical	0.0	0.0	0.0	2
peptide_1fe37bd6ea07b66d2c16eb3ac3ec79534ca5317c7b1cadea503320eaa4a1a3a2	parent_b_upstream_of_annotated_CDS	0.6363636363636364	0.6363636363636364	0.6363636363636364	2
peptide_204ed537f56ceb775af18238d6211e9820a946ab60919dfc9088e0f6179859b9	junction_window	0.4583333333333333	0.4583333333333333	0.4583333333333333	3
peptide_204ed537f56ceb775af18238d6211e9820a946ab60919dfc9088e0f6179859b9	parent_a_canonical	0.12070484581497798	0.12070484581497798	0.12070484581497798	3
peptide_204ed537f56ceb775af18238d6211e9820a946ab60919dfc9088e0f6179859b9	parent_b_out_of_frame	1.0	1.0	1.0	3
peptide_2138b9068e3e0c4310d51e2c49d2938f8b195a4a67421c7713adf671057faa19	junction_split_codon	0.0	0.0	0.0	1
peptide_2138b9068e3e0c4310d51e2c49d2938f8b195a4a67421c7713adf671057faa19	junction_window	0.12903225806451613	0.12903225806451613	0.12903225806451613	1
peptide_2138b9068e3e0c4310d51e2c49d2938f8b195a4a67421c7713adf671057faa19	parent_a_canonical	0.6764705882352942	0.6764705882352942	0.6764705882352942	1
peptide_2138b9068e3e0c4310d51e2c49d2938f8b195a4a67421c7713adf671057faa19	parent_b_canonical	0.5305164319248826	0.5305164319248826	0.5305164319248826	1
peptide_2168e44b24311d2038cfd2a0e4419b38462cc90c1ad4a8edab2a8f33656b2877	junction_window	0.0	0.0	0.0	1
peptide_2168e44b24311d2038cfd2a0e4419b38462cc90c1ad4a8edab2a8f33656b2877	parent_a_canonical	0.0979020979020979	0.0979020979020979	0.0979020979020979	1
peptide_2168e44b24311d2038cfd2a0e4419b38462cc90c1ad4a8edab2a8f33656b2877	parent_b_canonical	0.14814814814814814	0.14814814814814814	0.14814814814814814	1
peptide_27423e5ae634ee16faa22fbee9d7696e067cad37f9f43540e7126b62788f8fee	junction_split_codon	0.0	0.0	0.0	11
peptide_27423e5ae634ee16faa22fbee9d7696e067cad37f9f43540e7126b62788f8fee	junction_window	0.0	0.0	0.0	11
peptide_27423e5ae634ee16faa22fbee9d7696e067cad37f9f43540e7126b62788f8fee	parent_a_canonical	0.0983606557377049	0.09836065573770492	0.09836065573770492	11
peptide_27423e5ae634ee16faa22fbee9d7696e067cad37f9f43540e7126b62788f8fee	parent_b_unannotated_CDS	0.22580645161290322	0.22580645161290322	0.22580645161290322	11
peptide_279701eeae3508894ecda791240e0f757558d2bafab5b71e12e4d38b4e71b14b	junction_split_codon	0.0	0.0	0.0	1
peptide_279701eeae3508894ecda791240e0f757558d2bafab5b71e12e4d38b4e71b14b	junction_window	0.03225806451612903	0.03225806451612903	0.03225806451612903	1
peptide_279701eeae3508894ecda791240e0f757558d2bafab5b71e12e4d38b4e71b14b	parent_a_canonical	0.18604651162790697	0.18604651162790697	0.18604651162790697	1
peptide_279701eeae3508894ecda791240e0f757558d2bafab5b71e12e4d38b4e71b14b	parent_b_out_of_frame	0.5441176470588235	0.5441176470588235	0.5441176470588235	1
peptide_289703e36f5869975fcc5af1cbd06c1f72a4d2a842df9afb9026fb0767317782	junction_window	0.23333333333333334	0.23333333333333334	0.23333333333333334	2
peptide_289703e36f5869975fcc5af1cbd06c1f72a4d2a842df9afb9026fb0767317782	parent_a_canonical	0.24110671936758893	0.24110671936758893	0.24110671936758893	2
peptide_289703e36f5869975fcc5af1cbd06c1f72a4d2a842df9afb9026fb0767317782	parent_b_canonical	0.5125448028673835	0.5125448028673835	0.5125448028673835	2
peptide_29ea5ee0680ecd1f94f1277f5409186d94102586e1ff61dc723a33f27a95836b	junction_window	0.26666666666666666	0.26666666666666666	0.26666666666666666	2
peptide_29ea5ee0680ecd1f94f1277f5409186d94102586e1ff61dc723a33f27a95836b	parent_a_canonical	0.7307692307692307	0.7307692307692307	0.7307692307692307	2
peptide_29ea5ee0680ecd1f94f1277f5409186d94102586e1ff61dc723a33f27a95836b	parent_b_canonical	0.0	0.0	0.0	2
peptide_2add87360b59c5d05baa755fdce15eb60d338d20384a37357db0bbe326096009	junction_split_codon	1.0	1.0	1.0	3
peptide_2add87360b59c5d05baa755fdce15eb60d338d20384a37357db0bbe326096009	junction_window	1.0	1.0	1.0	3
peptide_2add87360b59c5d05baa755fdce15eb60d338d20384a37357db0bbe326096009	parent_a_canonical	1.0	1.0	1.0	3
peptide_2add87360b59c5d05baa755fdce15eb60d338d20384a37357db0bbe326096009	parent_b_canonical	0.4937027707808565	0.49370277078085645	0.49370277078085645	3
peptide_2b51f821f3f63a41e62b73e95a3994fa13f9f527ec1942f80ca2dd456355c2b6	junction_split_codon	1.0	1.0	1.0	2
peptide_2b51f821f3f63a41e62b73e95a3994fa13f9f527ec1942f80ca2dd456355c2b6	junction_window	1.0	1.0	1.0	2
peptide_2b51f821f3f63a41e62b73e95a3994fa13f9f527ec1942f80ca2dd456355c2b6	parent_a_canonical	1.0	1.0	1.0	2
peptide_2b51f821f3f63a41e62b73e95a3994fa13f9f527ec1942f80ca2dd456355c2b6	parent_b_canonical	0.3118279569892473	0.3118279569892473	0.3118279569892473	2
peptide_2b6307a928c00d74e5da0a64ec3c8c19333fa31e0ec9ff5b1f553c414751a1eb	junction_split_codon	0.0	0.0	0.0	2
peptide_2b6307a928c00d74e5da0a64ec3c8c19333fa31e0ec9ff5b1f553c414751a1eb	junction_window	0.41935483870967744	0.41935483870967744	0.41935483870967744	2
peptide_2b6307a928c00d74e5da0a64ec3c8c19333fa31e0ec9ff5b1f553c414751a1eb	parent_a_canonical	0.5495495495495496	0.5495495495495496	0.5495495495495496	2
peptide_2b6307a928c00d74e5da0a64ec3c8c19333fa31e0ec9ff5b1f553c414751a1eb	parent_b_canonical	0.5133689839572193	0.5133689839572193	0.5133689839572193	2
peptide_2b725ec6513d4fe033761938b5b7e38cdb2776f273712a72de67a893499a6121	junction_split_codon	0.0	0.0	0.0	6
peptide_2b725ec6513d4fe033761938b5b7e38cdb2776f273712a72de67a893499a6121	junction_window	0.0	0.0	0.0	6
peptide_2b725ec6513d4fe033761938b5b7e38cdb2776f273712a72de67a893499a6121	parent_a_canonical	0.603448275862069	0.603448275862069	0.603448275862069	6
peptide_2b725ec6513d4fe033761938b5b7e38cdb2776f273712a72de67a893499a6121	parent_b_canonical	0.15306122448979592	0.15306122448979592	0.15306122448979592	6
peptide_2c1cb44a742642c7499d1d08f06ecb23a8a9624b374d98d67c1abe41c80dad9f	junction_window	0.23333333333333334	0.23333333333333334	0.23333333333333334	2
peptide_2c1cb44a742642c7499d1d08f06ecb23a8a9624b374d98d67c1abe41c80dad9f	parent_a_canonical	0.24110671936758893	0.24110671936758893	0.24110671936758893	2
peptide_2c1cb44a742642c7499d1d08f06ecb23a8a9624b374d98d67c1abe41c80dad9f	parent_b_canonical	0.5141843971631206	0.5141843971631206	0.5141843971631206	2
peptide_2f48fe9d24692c4c2f3fdc9e40a42a86d295d828cc45bb4e18a09e986843283f	junction_window	0.0	0.0	0.0	3
peptide_2f48fe9d24692c4c2f3fdc9e40a42a86d295d828cc45bb4e18a09e986843283f	parent_a_canonical	0.14901960784313725	0.14901960784313725	0.14901960784313725	3
peptide_2f48fe9d24692c4c2f3fdc9e40a42a86d295d828cc45bb4e18a09e986843283f	parent_b_canonical	0.0	0.0	0.0	2
peptide_2f48fe9d24692c4c2f3fdc9e40a42a86d295d828cc45bb4e18a09e986843283f	parent_b_unannotated_CDS	0.0	0.0	0.0	1
peptide_2f5ccec75975e3c6f577920bce8d2353c43c2083ced5a445cd4306874aa49f96	junction_split_codon	0.0	0.0	0.0	3
peptide_2f5ccec75975e3c6f577920bce8d2353c43c2083ced5a445cd4306874aa49f96	junction_window	0.0	0.0	0.0	3
peptide_2f5ccec75975e3c6f577920bce8d2353c43c2083ced5a445cd4306874aa49f96	parent_a_canonical	0.0	0.0	0.0	3
peptide_2f5ccec75975e3c6f577920bce8d2353c43c2083ced5a445cd4306874aa49f96	parent_b_out_of_frame	0.0	0.0	0.0	3
peptide_2fa08b3f456b35b634ae9dec88e1161e05e4063bbe185c89f98466c5b35a86b8	junction_window	0.43333333333333335	0.43333333333333335	0.43333333333333335	9
peptide_2fa08b3f456b35b634ae9dec88e1161e05e4063bbe185c89f98466c5b35a86b8	parent_a_canonical	0.9230769230769231	0.9230769230769231	0.9230769230769231	9
peptide_2fa08b3f456b35b634ae9dec88e1161e05e4063bbe185c89f98466c5b35a86b8	parent_b_canonical	0.03625377643504532	0.03625377643504532	0.03625377643504532	6
peptide_2fa08b3f456b35b634ae9dec88e1161e05e4063bbe185c89f98466c5b35a86b8	parent_b_downstream_of_annotated_CDS	0.03625377643504532	0.03625377643504532	0.03625377643504532	3
peptide_2fd568c243ae5fc146a0c3231fbaef7e40cf01dbf9a2cc5cea6ca2f10c9a8f54	junction_split_codon	1.0	1.0	1.0	4
peptide_2fd568c243ae5fc146a0c3231fbaef7e40cf01dbf9a2cc5cea6ca2f10c9a8f54	junction_window	1.0	1.0	1.0	4
peptide_2fd568c243ae5fc146a0c3231fbaef7e40cf01dbf9a2cc5cea6ca2f10c9a8f54	parent_a_canonical	1.0	1.0	1.0	4
peptide_2fd568c243ae5fc146a0c3231fbaef7e40cf01dbf9a2cc5cea6ca2f10c9a8f54	parent_b_canonical	1.0	1.0	1.0	4
peptide_30789ddbca07e50737e87ef7ab2775266174c325dbac710715479d3a2f30a194	junction_window	0.0	0.0	0.0	1
peptide_30789ddbca07e50737e87ef7ab2775266174c325dbac710715479d3a2f30a194	parent_a_canonical	0.0	0.0	0.0	1
peptide_30789ddbca07e50737e87ef7ab2775266174c325dbac710715479d3a2f30a194	parent_b_unannotated_CDS	0.08270676691729323	0.08270676691729323	0.08270676691729323	1
peptide_319de57327db46169c574e3e03d766160c11791eed0bff2de59bef5570b97a97	junction_split_codon	0.0	0.0	0.0	1
peptide_319de57327db46169c574e3e03d766160c11791eed0bff2de59bef5570b97a97	junction_window	0.0	0.0	0.0	1
peptide_319de57327db46169c574e3e03d766160c11791eed0bff2de59bef5570b97a97	parent_a_canonical	0.21428571428571427	0.21428571428571427	0.21428571428571427	1
peptide_319de57327db46169c574e3e03d766160c11791eed0bff2de59bef5570b97a97	parent_b_canonical	0.0	0.0	0.0	1
peptide_32888589dc5b12cf0be003a11e192edadf3264e7da04a8823f1a9499eb3f68a0	junction_window	0.4000000000000001	0.4	0.4	3
peptide_32888589dc5b12cf0be003a11e192edadf3264e7da04a8823f1a9499eb3f68a0	parent_a_canonical	0.0789980732177264	0.0789980732177264	0.0789980732177264	3
peptide_32888589dc5b12cf0be003a11e192edadf3264e7da04a8823f1a9499eb3f68a0	parent_b_canonical	0.9605263157894738	0.9605263157894737	0.9605263157894737	3
peptide_3330637c06dd88a8e1161a3b66396a58fa97dad6e8626bde1493ffe2d727812b	junction_split_codon	1.0	1.0	1.0	1
peptide_3330637c06dd88a8e1161a3b66396a58fa97dad6e8626bde1493ffe2d727812b	junction_window	1.0	1.0	1.0	1
peptide_3330637c06dd88a8e1161a3b66396a58fa97dad6e8626bde1493ffe2d727812b	parent_a_canonical	1.0	1.0	1.0	1
peptide_3330637c06dd88a8e1161a3b66396a58fa97dad6e8626bde1493ffe2d727812b	parent_b_canonical	1.0	1.0	1.0	1
peptide_33e439fffd21f0bb37f62999726d0ef310cba0c1c7da99974a3c8dde432ecde0	junction_window	0.0	0.0	0.0	1
peptide_33e439fffd21f0bb37f62999726d0ef310cba0c1c7da99974a3c8dde432ecde0	parent_a_canonical	0.0896551724137931	0.0896551724137931	0.0896551724137931	1
peptide_33e439fffd21f0bb37f62999726d0ef310cba0c1c7da99974a3c8dde432ecde0	parent_b_canonical	0.14814814814814814	0.14814814814814814	0.14814814814814814	1
peptide_344139caecbb91ebedc38d31dc6d21ae9491f43c900a54be6d396baf9e5553ff	junction_split_codon	0.0	0.0	0.0	2
peptide_344139caecbb91ebedc38d31dc6d21ae9491f43c900a54be6d396baf9e5553ff	junction_window	0.0	0.0	0.0	2
peptide_344139caecbb91ebedc38d31dc6d21ae9491f43c900a54be6d396baf9e5553ff	parent_a_canonical	0.6120689655172413	0.6120689655172413	0.6120689655172413	2
peptide_344139caecbb91ebedc38d31dc6d21ae9491f43c900a54be6d396baf9e5553ff	parent_b_canonical	0.0	0.0	0.0	2
peptide_3538354085b81ef36c100a2816d54993d184f50f51149beb3c72110afb62890b	junction_split_codon	0.0	0.0	0.0	10
peptide_3538354085b81ef36c100a2816d54993d184f50f51149beb3c72110afb62890b	junction_window	0.08	0.08	0.08	10
peptide_3538354085b81ef36c100a2816d54993d184f50f51149beb3c72110afb62890b	parent_a_canonical	0.5517241379310345	0.5517241379310345	0.5517241379310345	10
peptide_3538354085b81ef36c100a2816d54993d184f50f51149beb3c72110afb62890b	parent_b_out_of_frame	0.0	0.0	0.0	10
peptide_37ced88ed5be8c8a074c1ff82f0875d9fae0fade8abab4cb6efe0f2fcbb73097	junction_split_codon	0.0	0.0	0.0	4
peptide_37ced88ed5be8c8a074c1ff82f0875d9fae0fade8abab4cb6efe0f2fcbb73097	junction_window	0.0	0.0	0.0	4
peptide_37ced88ed5be8c8a074c1ff82f0875d9fae0fade8abab4cb6efe0f2fcbb73097	parent_a_canonical	0.21875	0.21875	0.21875	4
peptide_37ced88ed5be8c8a074c1ff82f0875d9fae0fade8abab4cb6efe0f2fcbb73097	parent_b_canonical	0.0	0.0	0.0	4
peptide_37ced88ed5be8c8a074c1ff82f0875d9fae0fade8abab4cb6efe0f2fcbb73097	parent_b_upstream_of_annotated_CDS	0.0	0.0	0.0	4
peptide_3868fed335582b3a056d423efc2dbae9dfa7c7350d3572a0f67798065f307d53	junction_split_codon	0.0	0.0	0.0	8
peptide_3868fed335582b3a056d423efc2dbae9dfa7c7350d3572a0f67798065f307d53	junction_window	0.0	0.0	0.0	8
peptide_3868fed335582b3a056d423efc2dbae9dfa7c7350d3572a0f67798065f307d53	parent_a_canonical	0.4659090909090909	0.4659090909090909	0.4659090909090909	8
peptide_3868fed335582b3a056d423efc2dbae9dfa7c7350d3572a0f67798065f307d53	parent_b_out_of_frame	0.0	0.0	0.0	8
peptide_39c80d227d1b6b4e946adce4be85cef588e0b03a059216ffe8e45cd70776a3f8	junction_split_codon	0.0	0.0	0.0	1
peptide_39c80d227d1b6b4e946adce4be85cef588e0b03a059216ffe8e45cd70776a3f8	junction_window	0.3225806451612903	0.3225806451612903	0.3225806451612903	1
peptide_39c80d227d1b6b4e946adce4be85cef588e0b03a059216ffe8e45cd70776a3f8	parent_a_canonical	0.20930232558139536	0.20930232558139536	0.20930232558139536	1
peptide_39c80d227d1b6b4e946adce4be85cef588e0b03a059216ffe8e45cd70776a3f8	parent_b_out_of_frame	0.9456521739130435	0.9456521739130435	0.9456521739130435	1
peptide_3eea41dc2191758bba2af58f9efccf8e359349d6a85ff027e916d63e125531f4	junction_window	0.0	0.0	0.0	9
peptide_3eea41dc2191758bba2af58f9efccf8e359349d6a85ff027e916d63e125531f4	parent_a_canonical	0.10328638497652583	0.10328638497652583	0.10328638497652583	9
peptide_3eea41dc2191758bba2af58f9efccf8e359349d6a85ff027e916d63e125531f4	parent_b_canonical	0.05818181818181819	0.05818181818181818	0.05818181818181818	9
peptide_3efb26690c36c414062c23d0c47a34fbb57d8f10f8edf672769c2cddb8218cfa	junction_window	0.0	0.0	0.0	4
peptide_3efb26690c36c414062c23d0c47a34fbb57d8f10f8edf672769c2cddb8218cfa	parent_a_canonical	0.22842639593908629	0.22842639593908629	0.22842639593908629	4
peptide_3efb26690c36c414062c23d0c47a34fbb57d8f10f8edf672769c2cddb8218cfa	parent_b_canonical	0.0	0.0	0.0	4
peptide_3fe112080cd703f5864a72a00c8693231209bfbbe44887998c4bb81b1ea3b440	junction_split_codon	1.0	1.0	1.0	4
peptide_3fe112080cd703f5864a72a00c8693231209bfbbe44887998c4bb81b1ea3b440	junction_window	1.0	1.0	1.0	4
peptide_3fe112080cd703f5864a72a00c8693231209bfbbe44887998c4bb81b1ea3b440	parent_a_canonical	1.0	1.0	1.0	4
peptide_3fe112080cd703f5864a72a00c8693231209bfbbe44887998c4bb81b1ea3b440	parent_b_canonical	1.0	1.0	1.0	4
peptide_433070179775f2a51f11608ee7cdba082ebe9d602b558890f9ff511c537698ac	junction_split_codon	0.0	0.0	0.0	1
peptide_433070179775f2a51f11608ee7cdba082ebe9d602b558890f9ff511c537698ac	junction_window	0.0	0.0	0.0	1
peptide_433070179775f2a51f11608ee7cdba082ebe9d602b558890f9ff511c537698ac	parent_a_canonical	0.2043343653250774	0.2043343653250774	0.2043343653250774	1
peptide_433070179775f2a51f11608ee7cdba082ebe9d602b558890f9ff511c537698ac	parent_b_canonical	0.0	0.0	0.0	1
peptide_44e77e98a7056e62ab58c0d6e9bfb595600a4e52033173803b36e6da613738d9	junction_split_codon	0.0	0.0	0.0	2
peptide_44e77e98a7056e62ab58c0d6e9bfb595600a4e52033173803b36e6da613738d9	junction_window	0.0	0.0	0.0	2
peptide_44e77e98a7056e62ab58c0d6e9bfb595600a4e52033173803b36e6da613738d9	parent_a_canonical	0.0	0.0	0.0	2
peptide_44e77e98a7056e62ab58c0d6e9bfb595600a4e52033173803b36e6da613738d9	parent_b_out_of_frame	0.0	0.0	0.0	2
peptide_47fc51d8b4ad674a009f9c5742c21b1c917e7576d90c01ef9e0e2dd1d906f9de	junction_split_codon	0.0	0.0	0.0	1
peptide_47fc51d8b4ad674a009f9c5742c21b1c917e7576d90c01ef9e0e2dd1d906f9de	junction_window	0.12903225806451613	0.12903225806451613	0.12903225806451613	1
peptide_47fc51d8b4ad674a009f9c5742c21b1c917e7576d90c01ef9e0e2dd1d906f9de	parent_a_canonical	0.6764705882352942	0.6764705882352942	0.6764705882352942	1
peptide_47fc51d8b4ad674a009f9c5742c21b1c917e7576d90c01ef9e0e2dd1d906f9de	parent_b_canonical	0.0	0.0	0.0	1
peptide_4b2f98c509cb29c5b53a91dc288beb0f4663e51e40260899718df2cb4b118fbb	junction_split_codon	0.0	0.0	0.0	1
peptide_4b2f98c509cb29c5b53a91dc288beb0f4663e51e40260899718df2cb4b118fbb	junction_window	0.16129032258064516	0.16129032258064516	0.16129032258064516	1
peptide_4b2f98c509cb29c5b53a91dc288beb0f4663e51e40260899718df2cb4b118fbb	parent_a_canonical	0.20930232558139536	0.20930232558139536	0.20930232558139536	1
peptide_4b2f98c509cb29c5b53a91dc288beb0f4663e51e40260899718df2cb4b118fbb	parent_b_unannotated_CDS	0.7777777777777778	0.7777777777777778	0.7777777777777778	1
peptide_4d18fa70af645e46d15fe314ebcce1c4a4d97a8f5efb301e857bc9e15fa34010	junction_window	0.0	0.0	0.0	3
peptide_4d18fa70af645e46d15fe314ebcce1c4a4d97a8f5efb301e857bc9e15fa34010	parent_a_canonical	0.022988505747126436	0.022988505747126436	0.022988505747126436	3
peptide_4d18fa70af645e46d15fe314ebcce1c4a4d97a8f5efb301e857bc9e15fa34010	parent_b_out_of_frame	0.0	0.0	0.0	3
peptide_4d1e29a48689d0211f48794e07c63a0323e19504cc539691619c0ba0dc364723	junction_window	0.0	0.0	0.0	9
peptide_4d1e29a48689d0211f48794e07c63a0323e19504cc539691619c0ba0dc364723	parent_a_canonical	0.09302325581395349	0.09302325581395349	0.09302325581395349	9
peptide_4d1e29a48689d0211f48794e07c63a0323e19504cc539691619c0ba0dc364723	parent_b_canonical	0.0	0.0	0.0	6
peptide_4d1e29a48689d0211f48794e07c63a0323e19504cc539691619c0ba0dc364723	parent_b_unannotated_CDS	0.0	0.0	0.0	3
peptide_4d6b671f67914a092e9a5f3bbea33bd2487c5c33e47d7b3cb6d2e6a0beb9d2f1	junction_window	0.0	0.0	0.0	2
peptide_4d6b671f67914a092e9a5f3bbea33bd2487c5c33e47d7b3cb6d2e6a0beb9d2f1	parent_a_canonical	0.44	0.44	0.44	2
peptide_4d6b671f67914a092e9a5f3bbea33bd2487c5c33e47d7b3cb6d2e6a0beb9d2f1	parent_b_canonical	0.0	0.0	0.0	1
peptide_4d6b671f67914a092e9a5f3bbea33bd2487c5c33e47d7b3cb6d2e6a0beb9d2f1	parent_b_unannotated_CDS	0.0	0.0	0.0	1
peptide_4dbf9f2439301397cc62c56355584e851ad5440d0237c220366059cbd2a7e107	junction_split_codon	0.0	0.0	0.0	1
peptide_4dbf9f2439301397cc62c56355584e851ad5440d0237c220366059cbd2a7e107	junction_window	0.0	0.0	0.0	1
peptide_4dbf9f2439301397cc62c56355584e851ad5440d0237c220366059cbd2a7e107	parent_a_canonical	0.014285714285714285	0.014285714285714285	0.014285714285714285	1
peptide_4dbf9f2439301397cc62c56355584e851ad5440d0237c220366059cbd2a7e107	parent_b_canonical	0.0	0.0	0.0	1
peptide_52c3c3a3a74c40b0b52b57efee49c5c169200cc9ffa5a31ec683837dee43ea18	junction_window	0.43333333333333335	0.43333333333333335	0.43333333333333335	3
peptide_52c3c3a3a74c40b0b52b57efee49c5c169200cc9ffa5a31ec683837dee43ea18	parent_a_canonical	0.923076923076923	0.9230769230769231	0.9230769230769231	3
peptide_52c3c3a3a74c40b0b52b57efee49c5c169200cc9ffa5a31ec683837dee43ea18	parent_b_canonical	0.0	0.0	0.0	3
peptide_558c207f42783b30e5190e4016b2b0146626e7f1370c9f13d1fb075b69e22fb0	junction_split_codon	0.0	0.0	0.0	1
peptide_558c207f42783b30e5190e4016b2b0146626e7f1370c9f13d1fb075b69e22fb0	junction_window	0.0	0.0	0.0	1
peptide_558c207f42783b30e5190e4016b2b0146626e7f1370c9f13d1fb075b69e22fb0	parent_a_canonical	0.18181818181818182	0.18181818181818182	0.18181818181818182	1
peptide_558c207f42783b30e5190e4016b2b0146626e7f1370c9f13d1fb075b69e22fb0	parent_b_canonical	0.5727699530516432	0.5727699530516432	0.5727699530516432	1
peptide_57d0d0dcf6e822977e6241e297a8c01a63b5946f671c050ffb0862f613df07b2	junction_split_codon	1.0	1.0	1.0	5
peptide_57d0d0dcf6e822977e6241e297a8c01a63b5946f671c050ffb0862f613df07b2	junction_window	1.0	1.0	1.0	5
peptide_57d0d0dcf6e822977e6241e297a8c01a63b5946f671c050ffb0862f613df07b2	parent_a_canonical	1.0	1.0	1.0	5
peptide_57d0d0dcf6e822977e6241e297a8c01a63b5946f671c050ffb0862f613df07b2	parent_b_out_of_frame	1.0	1.0	1.0	5
peptide_597d635312bbaecad92397a89da8161ec9f7e058ec824cd5ea5ad11bacfb78f7	junction_split_codon	1.0	1.0	1.0	1
peptide_597d635312bbaecad92397a89da8161ec9f7e058ec824cd5ea5ad11bacfb78f7	junction_window	0.6451612903225806	0.6451612903225806	0.6451612903225806	1
peptide_597d635312bbaecad92397a89da8161ec9f7e058ec824cd5ea5ad11bacfb78f7	parent_a_canonical	0.8085106382978723	0.8085106382978723	0.8085106382978723	1
peptide_597d635312bbaecad92397a89da8161ec9f7e058ec824cd5ea5ad11bacfb78f7	parent_b_unannotated_CDS	0.6423841059602649	0.6423841059602649	0.6423841059602649	1
peptide_5999eb11d67df7e522c505afd90acafbdfe9801630ef60c14a9f5cd4b009d493	junction_window	1.0	1.0	1.0	3
peptide_5999eb11d67df7e522c505afd90acafbdfe9801630ef60c14a9f5cd4b009d493	parent_a_canonical	0.21449970041941283	0.21449970041941283	0.21449970041941283	3
peptide_5999eb11d67df7e522c505afd90acafbdfe9801630ef60c14a9f5cd4b009d493	parent_b_out_of_frame	1.0	1.0	1.0	2
peptide_5999eb11d67df7e522c505afd90acafbdfe9801630ef60c14a9f5cd4b009d493	parent_b_unannotated_CDS	1.0	1.0	1.0	1
peptide_5a234919c79536d3b2fa40752c1be194a577052356662814783fd92907a22081	junction_split_codon	1.0	1.0	1.0	4
peptide_5a234919c79536d3b2fa40752c1be194a577052356662814783fd92907a22081	junction_window	1.0	1.0	1.0	4
peptide_5a234919c79536d3b2fa40752c1be194a577052356662814783fd92907a22081	parent_a_canonical	1.0	1.0	1.0	4
peptide_5a234919c79536d3b2fa40752c1be194a577052356662814783fd92907a22081	parent_b_out_of_frame	1.0	1.0	1.0	2
peptide_5a234919c79536d3b2fa40752c1be194a577052356662814783fd92907a22081	parent_b_unannotated_CDS	1.0	1.0	1.0	2
peptide_5ab5e29857f2cd5da92b5e094e07c40bb5bc57e5337cb74ff8eddf36df1360ea	junction_split_codon	1.0	1.0	1.0	1
peptide_5ab5e29857f2cd5da92b5e094e07c40bb5bc57e5337cb74ff8eddf36df1360ea	junction_window	0.6129032258064516	0.6129032258064516	0.6129032258064516	1
peptide_5ab5e29857f2cd5da92b5e094e07c40bb5bc57e5337cb74ff8eddf36df1360ea	parent_a_canonical	0.4807692307692308	0.4807692307692308	0.4807692307692308	1
peptide_5ab5e29857f2cd5da92b5e094e07c40bb5bc57e5337cb74ff8eddf36df1360ea	parent_b_out_of_frame	0.0625	0.0625	0.0625	1
peptide_5b820602d0913021ac12d92f0fc7c2366f7be431a2c151cfe72ac60156f69222	junction_window	0.0	0.0	0.0	1
peptide_5b820602d0913021ac12d92f0fc7c2366f7be431a2c151cfe72ac60156f69222	parent_a_canonical	0.0	0.0	0.0	1
peptide_5b820602d0913021ac12d92f0fc7c2366f7be431a2c151cfe72ac60156f69222	parent_b_unannotated_CDS	0.06766917293233082	0.06766917293233082	0.06766917293233082	1
peptide_5c21ae184feb65c1e843decba2484c105c32fad251b9076e518b980cedb5e364	junction_window	0.0	0.0	0.0	2
peptide_5c21ae184feb65c1e843decba2484c105c32fad251b9076e518b980cedb5e364	parent_a_canonical	0.0	0.0	0.0	2
peptide_5c21ae184feb65c1e843decba2484c105c32fad251b9076e518b980cedb5e364	parent_b_canonical	0.0	0.0	0.0	2
peptide_5e0a55ceea7aa5596a1130b2f7a693b8a52acf6bf2ac12e69951ade5c9fb2d52	junction_window	1.0	1.0	1.0	6
peptide_5e0a55ceea7aa5596a1130b2f7a693b8a52acf6bf2ac12e69951ade5c9fb2d52	parent_a_canonical	1.0	1.0	1.0	6
peptide_5e0a55ceea7aa5596a1130b2f7a693b8a52acf6bf2ac12e69951ade5c9fb2d52	parent_b_out_of_frame	1.0	1.0	1.0	6
peptide_5fd8a3582535ef3ad429d94d60715365c727b6e884f71ce641a7e729a3149cfd	junction_split_codon	0.0	0.0	0.0	6
peptide_5fd8a3582535ef3ad429d94d60715365c727b6e884f71ce641a7e729a3149cfd	junction_window	0.0	0.0	0.0	6
peptide_5fd8a3582535ef3ad429d94d60715365c727b6e884f71ce641a7e729a3149cfd	parent_a_canonical	0.5405405405405406	0.5405405405405406	0.5405405405405406	6
peptide_5fd8a3582535ef3ad429d94d60715365c727b6e884f71ce641a7e729a3149cfd	parent_b_canonical	0.45390070921985815	0.45390070921985815	0.45390070921985815	4
peptide_5fd8a3582535ef3ad429d94d60715365c727b6e884f71ce641a7e729a3149cfd	parent_b_unannotated_CDS	0.45390070921985815	0.45390070921985815	0.45390070921985815	2
peptide_61dbcd41ff74ad3f3b63240c13327fee06c0feb5d06fe4cf72c1220d5d18bb06	junction_window	0.4	0.4	0.4	8
peptide_61dbcd41ff74ad3f3b63240c13327fee06c0feb5d06fe4cf72c1220d5d18bb06	parent_a_canonical	0.2713178294573643	0.2713178294573643	0.2713178294573643	8
peptide_61dbcd41ff74ad3f3b63240c13327fee06c0feb5d06fe4cf72c1220d5d18bb06	parent_b_unannotated_CDS	0.9210526315789473	0.9210526315789473	0.9210526315789473	2
peptide_61dbcd41ff74ad3f3b63240c13327fee06c0feb5d06fe4cf72c1220d5d18bb06	parent_b_upstream_of_annotated_CDS	0.9210526315789473	0.9210526315789473	0.9210526315789473	6
peptide_62ff9581d94f4b438a37a895b57e53a37f32598f2937bee77211e2616ff4c39f	junction_split_codon	0.0	0.0	0.0	6
peptide_62ff9581d94f4b438a37a895b57e53a37f32598f2937bee77211e2616ff4c39f	junction_window	0.2903225806451613	0.2903225806451613	0.2903225806451613	6
peptide_62ff9581d94f4b438a37a895b57e53a37f32598f2937bee77211e2616ff4c39f	parent_a_canonical	0.31398809523809523	0.31398809523809523	0.31398809523809523	6
peptide_62ff9581d94f4b438a37a895b57e53a37f32598f2937bee77211e2616ff4c39f	parent_b_upstream_of_annotated_CDS	0.6470588235294118	0.6470588235294118	0.6470588235294118	6
peptide_64acab400c65167ffaeee966c72b5756d55bfb825d8d85ba309ad0336fc74355	junction_split_codon	1.0	1.0	1.0	4
peptide_64acab400c65167ffaeee966c72b5756d55bfb825d8d85ba309ad0336fc74355	junction_window	1.0	1.0	1.0	4
peptide_64acab400c65167ffaeee966c72b5756d55bfb825d8d85ba309ad0336fc74355	parent_a_canonical	1.0	1.0	1.0	4
peptide_64acab400c65167ffaeee966c72b5756d55bfb825d8d85ba309ad0336fc74355	parent_b_out_of_frame	1.0	1.0	1.0	2
peptide_64acab400c65167ffaeee966c72b5756d55bfb825d8d85ba309ad0336fc74355	parent_b_unannotated_CDS	1.0	1.0	1.0	2
peptide_651cce5964555aebb8ec06a12446126fdc22fb3d9d460048b7381c5c5b59284b	junction_window	0.0	0.0	0.0	1
peptide_651cce5964555aebb8ec06a12446126fdc22fb3d9d460048b7381c5c5b59284b	parent_a_canonical	0.0	0.0	0.0	1
peptide_651cce5964555aebb8ec06a12446126fdc22fb3d9d460048b7381c5c5b59284b	parent_b_out_of_frame	0.1509433962264151	0.1509433962264151	0.1509433962264151	1
peptide_684ae47e8b38547516ae9fae92459e8f41b885d9330c57b50f31ae7e197157bc	junction_split_codon	0.0	0.0	0.0	3
peptide_684ae47e8b38547516ae9fae92459e8f41b885d9330c57b50f31ae7e197157bc	junction_window	0.2903225806451613	0.2903225806451613	0.2903225806451613	3
peptide_684ae47e8b38547516ae9fae92459e8f41b885d9330c57b50f31ae7e197157bc	parent_a_canonical	0.31422189128816086	0.31422189128816086	0.31422189128816086	3
peptide_684ae47e8b38547516ae9fae92459e8f41b885d9330c57b50f31ae7e197157bc	parent_b_upstream_of_annotated_CDS	0.6470588235294118	0.6470588235294118	0.6470588235294118	3
peptide_6ae36d8a89ac3ac04b43b02983f3cb8994037ee6cadc0be1d50523eaca3430e4	junction_split_codon	0.0	0.0	0.0	2
peptide_6ae36d8a89ac3ac04b43b02983f3cb8994037ee6cadc0be1d50523eaca3430e4	junction_window	0.06451612903225806	0.06451612903225806	0.06451612903225806	2
peptide_6ae36d8a89ac3ac04b43b02983f3cb8994037ee6cadc0be1d50523eaca3430e4	parent_a_canonical	0.006993006993006993	0.006993006993006993	0.006993006993006993	2
peptide_6ae36d8a89ac3ac04b43b02983f3cb8994037ee6cadc0be1d50523eaca3430e4	parent_b_out_of_frame	0.6323529411764706	0.6323529411764706	0.6323529411764706	2
peptide_6d671b114e1c0ccf69cdb1c4eefa26c0c6df2e22ce8b0983ef4805183aac5496	junction_window	0.20000000000000004	0.2	0.2	3
peptide_6d671b114e1c0ccf69cdb1c4eefa26c0c6df2e22ce8b0983ef4805183aac5496	parent_a_canonical	0.0	0.0	0.0	3
peptide_6d671b114e1c0ccf69cdb1c4eefa26c0c6df2e22ce8b0983ef4805183aac5496	parent_b_canonical	0.3442622950819672	0.3442622950819672	0.3442622950819672	3
peptide_6de3b695e6fb7625fb0b645afd1d9dbcedf1ea280f2faf93d7ebafbd589a09ef	junction_window	0.0	0.0	0.0	4
peptide_6de3b695e6fb7625fb0b645afd1d9dbcedf1ea280f2faf93d7ebafbd589a09ef	parent_a_canonical	0.17647058823529413	0.17647058823529413	0.17647058823529413	4
peptide_6de3b695e6fb7625fb0b645afd1d9dbcedf1ea280f2faf93d7ebafbd589a09ef	parent_b_canonical	0.10344827586206896	0.10344827586206896	0.10344827586206896	2
peptide_6de3b695e6fb7625fb0b645afd1d9dbcedf1ea280f2faf93d7ebafbd589a09ef	parent_b_downstream_of_annotated_CDS	0.10344827586206896	0.10344827586206896	0.10344827586206896	1
peptide_6de3b695e6fb7625fb0b645afd1d9dbcedf1ea280f2faf93d7ebafbd589a09ef	parent_b_out_of_frame	0.10344827586206896	0.10344827586206896	0.10344827586206896	1
peptide_6dfa9c12b06b15953a4aa17cdbb7f8f8e591a481218f1747a1efd01ed1dd0797	junction_split_codon	0.0	0.0	0.0	1
peptide_6dfa9c12b06b15953a4aa17cdbb7f8f8e591a481218f1747a1efd01ed1dd0797	junction_window	0.0	0.0	0.0	1
peptide_6dfa9c12b06b15953a4aa17cdbb7f8f8e591a481218f1747a1efd01ed1dd0797	parent_a_canonical	0.16326530612244897	0.16326530612244897	0.16326530612244897	1
peptide_6dfa9c12b06b15953a4aa17cdbb7f8f8e591a481218f1747a1efd01ed1dd0797	parent_b_unannotated_CDS	0.30434782608695654	0.30434782608695654	0.30434782608695654	1
peptide_6f9c6c95e73d37c0af4cb615693fd91bd7be5767a64ec7f7327d3527f4ed7dac	junction_window	0.23333333333333334	0.23333333333333334	0.23333333333333334	4
peptide_6f9c6c95e73d37c0af4cb615693fd91bd7be5767a64ec7f7327d3527f4ed7dac	parent_a_canonical	0.6538461538461539	0.6538461538461539	0.6538461538461539	4
peptide_6f9c6c95e73d37c0af4cb615693fd91bd7be5767a64ec7f7327d3527f4ed7dac	parent_b_canonical	0.0	0.0	0.0	4
peptide_6fb675ee937bd6012483d68e055c6066fe96784a8fb6fbac7c2a40238065d2e1	junction_split_codon	0.0	0.0	0.0	2
peptide_6fb675ee937bd6012483d68e055c6066fe96784a8fb6fbac7c2a40238065d2e1	junction_window	0.03225806451612903	0.03225806451612903	0.03225806451612903	2
peptide_6fb675ee937bd6012483d68e055c6066fe96784a8fb6fbac7c2a40238065d2e1	parent_a_canonical	0.0	0.0	0.0	2
peptide_6fb675ee937bd6012483d68e055c6066fe96784a8fb6fbac7c2a40238065d2e1	parent_b_out_of_frame	0.8478260869565217	0.8478260869565217	0.8478260869565217	2
peptide_70b1ed4ba81a68375cfb42e68d1af3b9cf1105b34faaa49a883b93a8bfa81b6c	junction_split_codon	0.0	0.0	0.0	2
peptide_70b1ed4ba81a68375cfb42e68d1af3b9cf1105b34faaa49a883b93a8bfa81b6c	junction_window	0.0	0.0	0.0	2
peptide_70b1ed4ba81a68375cfb42e68d1af3b9cf1105b34faaa49a883b93a8bfa81b6c	parent_a_canonical	0.0	0.0	0.0	2
peptide_70b1ed4ba81a68375cfb42e68d1af3b9cf1105b34faaa49a883b93a8bfa81b6c	parent_b_canonical	0.07627118644067797	0.07627118644067797	0.07627118644067797	2
peptide_7153a9988f10e3f16ef9401be9c3ebf0e792e0075a0738bde80362e44019b419	junction_split_codon	0.0	0.0	0.0	1
peptide_7153a9988f10e3f16ef9401be9c3ebf0e792e0075a0738bde80362e44019b419	junction_window	0.0	0.0	0.0	1
peptide_7153a9988f10e3f16ef9401be9c3ebf0e792e0075a0738bde80362e44019b419	parent_a_canonical	0.20833333333333334	0.20833333333333334	0.20833333333333334	1
peptide_7153a9988f10e3f16ef9401be9c3ebf0e792e0075a0738bde80362e44019b419	parent_b_canonical	0.0	0.0	0.0	1
peptide_7196f2379ef2afc723703c0e03e303f38d67b600b730adca2d6532708a2d7bf4	junction_split_codon	0.0	0.0	0.0	2
peptide_7196f2379ef2afc723703c0e03e303f38d67b600b730adca2d6532708a2d7bf4	junction_window	0.0	0.0	0.0	2
peptide_7196f2379ef2afc723703c0e03e303f38d67b600b730adca2d6532708a2d7bf4	parent_a_canonical	0.0	0.0	0.0	2
peptide_7196f2379ef2afc723703c0e03e303f38d67b600b730adca2d6532708a2d7bf4	parent_b_canonical	0.0	0.0	0.0	2
peptide_7428656ab9a4b6ef9d586205d7c1cbe8f13a8506c7ed86d4096b333215f00b20	junction_split_codon	0.0	0.0	0.0	1
peptide_7428656ab9a4b6ef9d586205d7c1cbe8f13a8506c7ed86d4096b333215f00b20	junction_window	0.0	0.0	0.0	1
peptide_7428656ab9a4b6ef9d586205d7c1cbe8f13a8506c7ed86d4096b333215f00b20	parent_a_canonical	0.17532467532467533	0.17532467532467533	0.17532467532467533	1
peptide_7428656ab9a4b6ef9d586205d7c1cbe8f13a8506c7ed86d4096b333215f00b20	parent_b_canonical	0.0	0.0	0.0	1
peptide_74500f70e6a9f3f7e33db93e70c8610c8c7af7704f8522687bc26abc4cd3eb18	junction_split_codon	0.0	0.0	0.0	12
peptide_74500f70e6a9f3f7e33db93e70c8610c8c7af7704f8522687bc26abc4cd3eb18	junction_window	0.0	0.0	0.0	12
peptide_74500f70e6a9f3f7e33db93e70c8610c8c7af7704f8522687bc26abc4cd3eb18	parent_a_canonical	0.0	0.0	0.0	12
peptide_74500f70e6a9f3f7e33db93e70c8610c8c7af7704f8522687bc26abc4cd3eb18	parent_b_downstream_of_annotated_CDS	0.0	0.0	0.0	4
peptide_74500f70e6a9f3f7e33db93e70c8610c8c7af7704f8522687bc26abc4cd3eb18	parent_b_out_of_frame	0.0	0.0	0.0	4
peptide_74500f70e6a9f3f7e33db93e70c8610c8c7af7704f8522687bc26abc4cd3eb18	parent_b_unannotated_CDS	0.0	0.0	0.0	4
peptide_74f81c5b0dd4882852f7a96e994592fa15f7d1de20b877dd0717982b2ec560c7	junction_window	0.0	0.0	0.0	10
peptide_74f81c5b0dd4882852f7a96e994592fa15f7d1de20b877dd0717982b2ec560c7	parent_a_canonical	0.4727272727272728	0.4727272727272727	0.4727272727272727	10
peptide_74f81c5b0dd4882852f7a96e994592fa15f7d1de20b877dd0717982b2ec560c7	parent_b_out_of_frame	0.0	0.0	0.0	10
peptide_75322bcdd1040b2b5cb41f68f709aa3dca2758091ab5789d18444f16472b238a	junction_split_codon	1.0	1.0	1.0	1
peptide_75322bcdd1040b2b5cb41f68f709aa3dca2758091ab5789d18444f16472b238a	junction_window	0.6774193548387096	0.6774193548387096	0.6774193548387096	1
peptide_75322bcdd1040b2b5cb41f68f709aa3dca2758091ab5789d18444f16472b238a	parent_a_canonical	0.2670807453416149	0.2670807453416149	0.2670807453416149	1
peptide_75322bcdd1040b2b5cb41f68f709aa3dca2758091ab5789d18444f16472b238a	parent_b_unannotated_CDS	1.0	1.0	1.0	1
peptide_793796e4e1c34f48ece748d9bbdd33f9d79b459a7bcd1d2d5639d6ca7121a914	junction_window	0.0	0.0	0.0	1
peptide_793796e4e1c34f48ece748d9bbdd33f9d79b459a7bcd1d2d5639d6ca7121a914	parent_a_canonical	0.0	0.0	0.0	1
peptide_793796e4e1c34f48ece748d9bbdd33f9d79b459a7bcd1d2d5639d6ca7121a914	parent_b_canonical	0.22841726618705036	0.22841726618705036	0.22841726618705036	1
peptide_7a9f6f4887bd814b003cf10313fd2533c1efedd27d7e63a1d4f1508167c28ace	junction_split_codon	1.0	1.0	1.0	35
peptide_7a9f6f4887bd814b003cf10313fd2533c1efedd27d7e63a1d4f1508167c28ace	junction_window	1.0	1.0	1.0	35
peptide_7a9f6f4887bd814b003cf10313fd2533c1efedd27d7e63a1d4f1508167c28ace	parent_a_canonical	1.0	1.0	1.0	35
peptide_7a9f6f4887bd814b003cf10313fd2533c1efedd27d7e63a1d4f1508167c28ace	parent_b_out_of_frame	1.0	1.0	1.0	21
peptide_7a9f6f4887bd814b003cf10313fd2533c1efedd27d7e63a1d4f1508167c28ace	parent_b_unannotated_CDS	1.0	1.0	1.0	14
peptide_7b0d5d3c3a31c1168531049ad5eb4bf68c7070067b6a2cd48ed4f7d87f40e85a	junction_window	1.0	1.0	1.0	3
peptide_7b0d5d3c3a31c1168531049ad5eb4bf68c7070067b6a2cd48ed4f7d87f40e85a	parent_a_canonical	0.18081180811808117	0.18081180811808117	0.18081180811808117	3
peptide_7b0d5d3c3a31c1168531049ad5eb4bf68c7070067b6a2cd48ed4f7d87f40e85a	parent_b_out_of_frame	1.0	1.0	1.0	2
peptide_7b0d5d3c3a31c1168531049ad5eb4bf68c7070067b6a2cd48ed4f7d87f40e85a	parent_b_unannotated_CDS	1.0	1.0	1.0	1
peptide_7bcda12bdf29e3d6d0ef460640d8a4e51aff91f6bdd3153d1c314603883f3620	junction_split_codon	1.0	1.0	1.0	15
peptide_7bcda12bdf29e3d6d0ef460640d8a4e51aff91f6bdd3153d1c314603883f3620	junction_window	1.0	1.0	1.0	15
peptide_7bcda12bdf29e3d6d0ef460640d8a4e51aff91f6bdd3153d1c314603883f3620	parent_a_canonical	0.34551495016611294	0.34551495016611294	0.34551495016611294	15
peptide_7bcda12bdf29e3d6d0ef460640d8a4e51aff91f6bdd3153d1c314603883f3620	parent_b_out_of_frame	1.0	1.0	1.0	15
peptide_7c620433a33c479bd09812150c15d2e0accd796c3cd40b057543080302fe009b	junction_split_codon	1.0	1.0	1.0	2
peptide_7c620433a33c479bd09812150c15d2e0accd796c3cd40b057543080302fe009b	junction_window	1.0	1.0	1.0	2
peptide_7c620433a33c479bd09812150c15d2e0accd796c3cd40b057543080302fe009b	parent_a_canonical	1.0	1.0	1.0	2
peptide_7c620433a33c479bd09812150c15d2e0accd796c3cd40b057543080302fe009b	parent_b_upstream_of_annotated_CDS	1.0	1.0	1.0	2
peptide_7df335ea49a94c8f5c9e1f78714ff1b12179161c2dcda1c47dc2059434ec5453	junction_split_codon	0.0	0.0	0.0	1
peptide_7df335ea49a94c8f5c9e1f78714ff1b12179161c2dcda1c47dc2059434ec5453	junction_window	0.0	0.0	0.0	1
peptide_7df335ea49a94c8f5c9e1f78714ff1b12179161c2dcda1c47dc2059434ec5453	parent_a_canonical	0.14705882352941177	0.14705882352941177	0.14705882352941177	1
peptide_7df335ea49a94c8f5c9e1f78714ff1b12179161c2dcda1c47dc2059434ec5453	parent_b_canonical	0.046413502109704644	0.046413502109704644	0.046413502109704644	1
peptide_83e70cbd623cb2f7b5d79b5782f40681b07246f0010b053184a440fd9cafd420	junction_split_codon	1.0	1.0	1.0	1
peptide_83e70cbd623cb2f7b5d79b5782f40681b07246f0010b053184a440fd9cafd420	junction_window	0.5483870967741935	0.5483870967741935	0.5483870967741935	1
peptide_83e70cbd623cb2f7b5d79b5782f40681b07246f0010b053184a440fd9cafd420	parent_a_canonical	0.7801418439716312	0.7801418439716312	0.7801418439716312	1
peptide_83e70cbd623cb2f7b5d79b5782f40681b07246f0010b053184a440fd9cafd420	parent_b_unannotated_CDS	1.0	1.0	1.0	1
peptide_899325e73395c7c25bfb100e110524886b8177bae90a0ab97604b66f4b77da1e	junction_split_codon	0.0	0.0	0.0	4
peptide_899325e73395c7c25bfb100e110524886b8177bae90a0ab97604b66f4b77da1e	junction_window	0.0	0.0	0.0	4
peptide_899325e73395c7c25bfb100e110524886b8177bae90a0ab97604b66f4b77da1e	parent_a_canonical	0.0	0.0	0.0	4
peptide_899325e73395c7c25bfb100e110524886b8177bae90a0ab97604b66f4b77da1e	parent_b_out_of_frame	0.6026785714285714	0.5625	0.6428571428571429	4
peptide_899325e73395c7c25bfb100e110524886b8177bae90a0ab97604b66f4b77da1e	parent_b_upstream_of_annotated_CDS	0.0	0.0	0.0	2
peptide_8ed300036e2828567d72b2c567b47b1fa8d40ab9f289820204bdeaf3a18588ec	junction_split_codon	0.0	0.0	0.0	2
peptide_8ed300036e2828567d72b2c567b47b1fa8d40ab9f289820204bdeaf3a18588ec	junction_window	0.03225806451612903	0.03225806451612903	0.03225806451612903	2
peptide_8ed300036e2828567d72b2c567b47b1fa8d40ab9f289820204bdeaf3a18588ec	parent_a_canonical	0.0	0.0	0.0	2
peptide_8ed300036e2828567d72b2c567b47b1fa8d40ab9f289820204bdeaf3a18588ec	parent_b_canonical	0.13636363636363635	0.13636363636363635	0.13636363636363635	2
peptide_8f6c0816b17ee55076c61cdf4c826cc1643979392efca5fb4467a8a9f9ace991	junction_window	1.0	1.0	1.0	3
peptide_8f6c0816b17ee55076c61cdf4c826cc1643979392efca5fb4467a8a9f9ace991	parent_a_canonical	0.19439366240097503	0.19439366240097503	0.19439366240097503	3
peptide_8f6c0816b17ee55076c61cdf4c826cc1643979392efca5fb4467a8a9f9ace991	parent_b_out_of_frame	1.0	1.0	1.0	2
peptide_8f6c0816b17ee55076c61cdf4c826cc1643979392efca5fb4467a8a9f9ace991	parent_b_unannotated_CDS	1.0	1.0	1.0	1
peptide_91b6c2354036f74992cb5f2520a3614bb2b0ecc3feab662dbb7e791accc4b3b7	junction_split_codon	0.0	0.0	0.0	4
peptide_91b6c2354036f74992cb5f2520a3614bb2b0ecc3feab662dbb7e791accc4b3b7	junction_window	0.25806451612903225	0.25806451612903225	0.25806451612903225	4
peptide_91b6c2354036f74992cb5f2520a3614bb2b0ecc3feab662dbb7e791accc4b3b7	parent_a_canonical	0.20359281437125748	0.20359281437125748	0.20359281437125748	4
peptide_91b6c2354036f74992cb5f2520a3614bb2b0ecc3feab662dbb7e791accc4b3b7	parent_b_canonical	0.8444444444444444	0.8444444444444444	0.8444444444444444	4
peptide_93da00c13b107cc869cc2d289cf4367dc03321113f2a152598e850d7d560bc26	junction_window	0.2	0.2	0.2	2
peptide_93da00c13b107cc869cc2d289cf4367dc03321113f2a152598e850d7d560bc26	parent_a_canonical	0.6538461538461539	0.6538461538461539	0.6538461538461539	2
peptide_93da00c13b107cc869cc2d289cf4367dc03321113f2a152598e850d7d560bc26	parent_b_unannotated_CDS	0.0	0.0	0.0	2
peptide_941a6aaa0baa0c154a997e323bb1854d5a7c68dff56aa42048153300cd054f46	junction_split_codon	0.0	0.0	0.0	2
peptide_941a6aaa0baa0c154a997e323bb1854d5a7c68dff56aa42048153300cd054f46	junction_window	0.1935483870967742	0.1935483870967742	0.1935483870967742	2
peptide_941a6aaa0baa0c154a997e323bb1854d5a7c68dff56aa42048153300cd054f46	parent_a_canonical	0.027972027972027972	0.027972027972027972	0.027972027972027972	2
peptide_941a6aaa0baa0c154a997e323bb1854d5a7c68dff56aa42048153300cd054f46	parent_b_canonical	0.11157894736842106	0.11157894736842106	0.11157894736842106	2
peptide_943a44d804f94e54bf2d98cb10a55b9c7b86d0d2e468bb94b83b42c794cd9ccf	junction_split_codon	1.0	1.0	1.0	12
peptide_943a44d804f94e54bf2d98cb10a55b9c7b86d0d2e468bb94b83b42c794cd9ccf	junction_window	1.0	1.0	1.0	12
peptide_943a44d804f94e54bf2d98cb10a55b9c7b86d0d2e468bb94b83b42c794cd9ccf	parent_a_canonical	1.0	1.0	1.0	12
peptide_943a44d804f94e54bf2d98cb10a55b9c7b86d0d2e468bb94b83b42c794cd9ccf	parent_b_canonical	0.7054794520547946	0.7054794520547946	0.7054794520547946	12
peptide_94aa7d8429095a2d18c299c1632f8bb7095fbd800ffddb34c2611bcfc8fdeac7	junction_window	0.0	0.0	0.0	1
peptide_94aa7d8429095a2d18c299c1632f8bb7095fbd800ffddb34c2611bcfc8fdeac7	parent_a_canonical	0.0	0.0	0.0	1
peptide_94aa7d8429095a2d18c299c1632f8bb7095fbd800ffddb34c2611bcfc8fdeac7	parent_b_canonical	0.0	0.0	0.0	1
peptide_953ba92bc1f4c477e39df8169492d7ef48e7bbc46569bb4073b795e64edbb4ee	junction_window	0.0	0.0	0.0	1
peptide_953ba92bc1f4c477e39df8169492d7ef48e7bbc46569bb4073b795e64edbb4ee	parent_a_canonical	0.16326530612244897	0.16326530612244897	0.16326530612244897	1
peptide_953ba92bc1f4c477e39df8169492d7ef48e7bbc46569bb4073b795e64edbb4ee	parent_b_out_of_frame	0.80078125	0.80078125	0.80078125	1
peptide_97d9bcc0b34c7caa43656e7e2bf23f1b94c25ff9edfee400a71f5b9bed81655c	junction_window	0.23333333333333334	0.23333333333333334	0.23333333333333334	2
peptide_97d9bcc0b34c7caa43656e7e2bf23f1b94c25ff9edfee400a71f5b9bed81655c	parent_a_canonical	0.5294117647058824	0.5294117647058824	0.5294117647058824	2
peptide_97d9bcc0b34c7caa43656e7e2bf23f1b94c25ff9edfee400a71f5b9bed81655c	parent_b_canonical	0.0	0.0	0.0	2
peptide_995610c8b20c13f099e69762a68583e23fac1924d42e96a1468586f9b62a1509	junction_window	0.2	0.2	0.2	2
peptide_995610c8b20c13f099e69762a68583e23fac1924d42e96a1468586f9b62a1509	parent_a_canonical	0.5384615384615384	0.5384615384615384	0.5384615384615384	2
peptide_995610c8b20c13f099e69762a68583e23fac1924d42e96a1468586f9b62a1509	parent_b_canonical	0.0	0.0	0.0	2
peptide_998ad695623bf53e5df81e435ea3b908f303040afcdd165c52d53905a3ae1120	junction_window	0.0	0.0	0.0	1
peptide_998ad695623bf53e5df81e435ea3b908f303040afcdd165c52d53905a3ae1120	parent_a_canonical	0.678391959798995	0.678391959798995	0.678391959798995	1
peptide_998ad695623bf53e5df81e435ea3b908f303040afcdd165c52d53905a3ae1120	parent_b_canonical	0.0	0.0	0.0	1
peptide_9a99577ea77e93a51bb896132001fac6caa242ee517a62995ddef9d39a72f54a	junction_split_codon	0.0	0.0	0.0	4
peptide_9a99577ea77e93a51bb896132001fac6caa242ee517a62995ddef9d39a72f54a	junction_window	0.0	0.0	0.0	4
peptide_9a99577ea77e93a51bb896132001fac6caa242ee517a62995ddef9d39a72f54a	parent_a_canonical	0.1491395793499044	0.1491395793499044	0.1491395793499044	4
peptide_9a99577ea77e93a51bb896132001fac6caa242ee517a62995ddef9d39a72f54a	parent_b_canonical	0.0	0.0	0.0	4
peptide_9a99577ea77e93a51bb896132001fac6caa242ee517a62995ddef9d39a72f54a	parent_b_upstream_of_annotated_CDS	0.0	0.0	0.0	4
peptide_9cdb44bee5cfb950ceb681f58e9b980aa86b1a24eba968a18e738743ad144b62	junction_window	0.0	0.0	0.0	3
peptide_9cdb44bee5cfb950ceb681f58e9b980aa86b1a24eba968a18e738743ad144b62	parent_a_canonical	0.2333333333333333	0.23333333333333334	0.23333333333333334	3
peptide_9cdb44bee5cfb950ceb681f58e9b980aa86b1a24eba968a18e738743ad144b62	parent_b_out_of_frame	0.0	0.0	0.0	1
peptide_9cdb44bee5cfb950ceb681f58e9b980aa86b1a24eba968a18e738743ad144b62	parent_b_unannotated_CDS	0.0	0.0	0.0	2
peptide_9f2fe14fa088a9dd84d07165dad30bd8c00b45f2a19df50ed275a955ec4f7d82	junction_split_codon	1.0	1.0	1.0	52
peptide_9f2fe14fa088a9dd84d07165dad30bd8c00b45f2a19df50ed275a955ec4f7d82	junction_window	1.0	1.0	1.0	52
peptide_9f2fe14fa088a9dd84d07165dad30bd8c00b45f2a19df50ed275a955ec4f7d82	parent_a_canonical	1.0	1.0	1.0	52
peptide_9f2fe14fa088a9dd84d07165dad30bd8c00b45f2a19df50ed275a955ec4f7d82	parent_b_out_of_frame	1.0	1.0	1.0	26
peptide_9f2fe14fa088a9dd84d07165dad30bd8c00b45f2a19df50ed275a955ec4f7d82	parent_b_unannotated_CDS	1.0	1.0	1.0	26
peptide_a2af17ae967680398fa5c75808451b0172e3946c43756c9174369641d75165ca	junction_window	0.3333333333333333	0.3333333333333333	0.3333333333333333	1
peptide_a2af17ae967680398fa5c75808451b0172e3946c43756c9174369641d75165ca	parent_a_canonical	0.31170662905500707	0.31170662905500707	0.31170662905500707	1
peptide_a2af17ae967680398fa5c75808451b0172e3946c43756c9174369641d75165ca	parent_b_unannotated_CDS	0.0	0.0	0.0	1
peptide_a59d7915e3ec361c0f32f4047df2746ab1fe653e0c6afa2cce32d8136e25201b	junction_split_codon	1.0	1.0	1.0	1
peptide_a59d7915e3ec361c0f32f4047df2746ab1fe653e0c6afa2cce32d8136e25201b	junction_window	1.0	1.0	1.0	1
peptide_a59d7915e3ec361c0f32f4047df2746ab1fe653e0c6afa2cce32d8136e25201b	parent_a_canonical	0.7671957671957672	0.7671957671957672	0.7671957671957672	1
peptide_a59d7915e3ec361c0f32f4047df2746ab1fe653e0c6afa2cce32d8136e25201b	parent_b_out_of_frame	1.0	1.0	1.0	1
peptide_a70d2373112bb0cf390a66c6914c839458bd0e2056b6d6e8cf928657ca6fe52a	junction_split_codon	0.0	0.0	0.0	2
peptide_a70d2373112bb0cf390a66c6914c839458bd0e2056b6d6e8cf928657ca6fe52a	junction_window	0.45161290322580644	0.45161290322580644	0.45161290322580644	2
peptide_a70d2373112bb0cf390a66c6914c839458bd0e2056b6d6e8cf928657ca6fe52a	parent_a_canonical	0.5495495495495496	0.5495495495495496	0.5495495495495496	2
peptide_a70d2373112bb0cf390a66c6914c839458bd0e2056b6d6e8cf928657ca6fe52a	parent_b_canonical	0.6766169154228856	0.6766169154228856	0.6766169154228856	2
peptide_a770a3d08a3c20be0ee4337c7f52e7cc1544867922827d0624e6380bf3fea14c	junction_split_codon	0.0	0.0	0.0	2
peptide_a770a3d08a3c20be0ee4337c7f52e7cc1544867922827d0624e6380bf3fea14c	junction_window	0.03225806451612903	0.03225806451612903	0.03225806451612903	2
peptide_a770a3d08a3c20be0ee4337c7f52e7cc1544867922827d0624e6380bf3fea14c	parent_a_canonical	0.0	0.0	0.0	2
peptide_a770a3d08a3c20be0ee4337c7f52e7cc1544867922827d0624e6380bf3fea14c	parent_b_unannotated_CDS	0.6888888888888889	0.6888888888888889	0.6888888888888889	2
peptide_a7c61936d86fa6f47cd92c1dd11e03d5a0ccb281c6f51a33ccc8ce02bbcec48a	junction_window	0.0	0.0	0.0	2
peptide_a7c61936d86fa6f47cd92c1dd11e03d5a0ccb281c6f51a33ccc8ce02bbcec48a	parent_a_canonical	0.5	0.5	0.5	2
peptide_a7c61936d86fa6f47cd92c1dd11e03d5a0ccb281c6f51a33ccc8ce02bbcec48a	parent_b_out_of_frame	0.0	0.0	0.0	2
peptide_a95d8cbc1b3c1c36209d70ae0aa0ceccfc7c47c9f4f3aa6cfe4290b5d6b39426	junction_window	0.26666666666666666	0.26666666666666666	0.26666666666666666	2
peptide_a95d8cbc1b3c1c36209d70ae0aa0ceccfc7c47c9f4f3aa6cfe4290b5d6b39426	parent_a_canonical	0.2768361581920904	0.2768361581920904	0.2768361581920904	2
peptide_a95d8cbc1b3c1c36209d70ae0aa0ceccfc7c47c9f4f3aa6cfe4290b5d6b39426	parent_b_canonical	0.06896551724137931	0.06896551724137931	0.06896551724137931	2
peptide_ac4b4182244b5a4567212afe1127bbb1070da7a018d7dc75c9a8043fc6d88c8a	junction_split_codon	0.0	0.0	0.0	5
peptide_ac4b4182244b5a4567212afe1127bbb1070da7a018d7dc75c9a8043fc6d88c8a	junction_window	0.06451612903225806	0.06451612903225806	0.06451612903225806	5
peptide_ac4b4182244b5a4567212afe1127bbb1070da7a018d7dc75c9a8043fc6d88c8a	parent_a_canonical	0.4871794871794871	0.48717948717948717	0.48717948717948717	5
peptide_ac4b4182244b5a4567212afe1127bbb1070da7a018d7dc75c9a8043fc6d88c8a	parent_b_canonical	0.15306122448979592	0.15306122448979592	0.15306122448979592	5
peptide_ad78f740e929300252b49c120f9ddbbb1f8e475cc6f925f94b1664050843b25b	junction_split_codon	1.0	1.0	1.0	3
peptide_ad78f740e929300252b49c120f9ddbbb1f8e475cc6f925f94b1664050843b25b	junction_window	0.7741935483870966	0.7741935483870968	0.7741935483870968	3
peptide_ad78f740e929300252b49c120f9ddbbb1f8e475cc6f925f94b1664050843b25b	parent_a_canonical	0.32298136645962733	0.32298136645962733	0.32298136645962733	3
peptide_ad78f740e929300252b49c120f9ddbbb1f8e475cc6f925f94b1664050843b25b	parent_b_canonical	0.48125	0.48125	0.48125	3
peptide_b0d22e27937167cce8168e89f2f47683b4ada96ad48b9ebb22e347b9e99abcb8	junction_window	0.4444444444444444	0.4444444444444444	0.4444444444444444	4
peptide_b0d22e27937167cce8168e89f2f47683b4ada96ad48b9ebb22e347b9e99abcb8	parent_a_canonical	0.2713178294573643	0.2713178294573643	0.2713178294573643	4
peptide_b0d22e27937167cce8168e89f2f47683b4ada96ad48b9ebb22e347b9e99abcb8	parent_b_out_of_frame	1.0	1.0	1.0	4
peptide_b0f7012915787af8c78d24c3b962bedf5ff153a837d9fe4c4783341713813c3b	junction_window	0.0	0.0	0.0	2
peptide_b0f7012915787af8c78d24c3b962bedf5ff153a837d9fe4c4783341713813c3b	parent_a_canonical	0.3595505617977528	0.3595505617977528	0.3595505617977528	2
peptide_b0f7012915787af8c78d24c3b962bedf5ff153a837d9fe4c4783341713813c3b	parent_b_canonical	0.0	0.0	0.0	1
peptide_b0f7012915787af8c78d24c3b962bedf5ff153a837d9fe4c4783341713813c3b	parent_b_unannotated_CDS	0.0	0.0	0.0	1
peptide_b38a46e68fa112ecb3d07b06ff9f3c00cfbcb19b8f9098cd396c99a0030c80ca	junction_split_codon	1.0	1.0	1.0	4
peptide_b38a46e68fa112ecb3d07b06ff9f3c00cfbcb19b8f9098cd396c99a0030c80ca	junction_window	1.0	1.0	1.0	4
peptide_b38a46e68fa112ecb3d07b06ff9f3c00cfbcb19b8f9098cd396c99a0030c80ca	parent_a_canonical	1.0	1.0	1.0	4
peptide_b38a46e68fa112ecb3d07b06ff9f3c00cfbcb19b8f9098cd396c99a0030c80ca	parent_b_out_of_frame	1.0	1.0	1.0	2
peptide_b38a46e68fa112ecb3d07b06ff9f3c00cfbcb19b8f9098cd396c99a0030c80ca	parent_b_unannotated_CDS	1.0	1.0	1.0	2
peptide_b47acaaa34041c15379dbe15991643dd9960fe076300fb7a0b59cf4254e923c5	junction_window	0.3	0.3	0.3	2
peptide_b47acaaa34041c15379dbe15991643dd9960fe076300fb7a0b59cf4254e923c5	parent_a_canonical	0.29619181946403383	0.29619181946403383	0.29619181946403383	2
peptide_b47acaaa34041c15379dbe15991643dd9960fe076300fb7a0b59cf4254e923c5	parent_b_canonical	0.06896551724137931	0.06896551724137931	0.06896551724137931	2
peptide_b537f99b45ff96dfbe025055a4ef53a4d336495d89f7355a3e01399abae3638e	junction_window	0.0	0.0	0.0	1
peptide_b537f99b45ff96dfbe025055a4ef53a4d336495d89f7355a3e01399abae3638e	parent_a_canonical	0.660952380952381	0.660952380952381	0.660952380952381	1
peptide_b537f99b45ff96dfbe025055a4ef53a4d336495d89f7355a3e01399abae3638e	parent_b_canonical	0.0	0.0	0.0	1
peptide_bb6a0efabb44c22429af8b146d72d3eae65afa0851fc1b4f46e83997a65ef711	junction_split_codon	0.0	0.0	0.0	1
peptide_bb6a0efabb44c22429af8b146d72d3eae65afa0851fc1b4f46e83997a65ef711	junction_window	0.0	0.0	0.0	1
peptide_bb6a0efabb44c22429af8b146d72d3eae65afa0851fc1b4f46e83997a65ef711	parent_a_canonical	0.8333333333333334	0.8333333333333334	0.8333333333333334	1
peptide_bb6a0efabb44c22429af8b146d72d3eae65afa0851fc1b4f46e83997a65ef711	parent_b_canonical	0.0975609756097561	0.0975609756097561	0.0975609756097561	1
peptide_bb6d915a079cd22e4c6146fd7fd974ece5af6779270aa276b58776d32193b5a9	junction_window	0.0	0.0	0.0	2
peptide_bb6d915a079cd22e4c6146fd7fd974ece5af6779270aa276b58776d32193b5a9	parent_a_canonical	0.0	0.0	0.0	2
peptide_bb6d915a079cd22e4c6146fd7fd974ece5af6779270aa276b58776d32193b5a9	parent_b_canonical	0.018867924528301886	0.018867924528301886	0.018867924528301886	2
peptide_bbc2f45c39296a9aaa3ba800100e72663162ae08390a550a054bad367a2fc139	junction_split_codon	0.0	0.0	0.0	1
peptide_bbc2f45c39296a9aaa3ba800100e72663162ae08390a550a054bad367a2fc139	junction_window	0.1935483870967742	0.1935483870967742	0.1935483870967742	1
peptide_bbc2f45c39296a9aaa3ba800100e72663162ae08390a550a054bad367a2fc139	parent_a_canonical	0.7352941176470589	0.7352941176470589	0.7352941176470589	1
peptide_bbc2f45c39296a9aaa3ba800100e72663162ae08390a550a054bad367a2fc139	parent_b_canonical	0.0	0.0	0.0	1
peptide_bcd139b19630cb31f3a89703fedd00936138336ed28e45f87045ef3f8222c90c	junction_split_codon	0.0	0.0	0.0	2
peptide_bcd139b19630cb31f3a89703fedd00936138336ed28e45f87045ef3f8222c90c	junction_window	0.0	0.0	0.0	2
peptide_bcd139b19630cb31f3a89703fedd00936138336ed28e45f87045ef3f8222c90c	parent_a_canonical	0.4961832061068702	0.4961832061068702	0.4961832061068702	2
peptide_bcd139b19630cb31f3a89703fedd00936138336ed28e45f87045ef3f8222c90c	parent_b_canonical	0.1326530612244898	0.1326530612244898	0.1326530612244898	2
peptide_c1948a8a77f5ea08c4d36a01e0245baa0c8132908e8bbe8e9ad8f218c1c8b54f	junction_split_codon	0.0	0.0	0.0	1
peptide_c1948a8a77f5ea08c4d36a01e0245baa0c8132908e8bbe8e9ad8f218c1c8b54f	junction_window	0.0	0.0	0.0	1
peptide_c1948a8a77f5ea08c4d36a01e0245baa0c8132908e8bbe8e9ad8f218c1c8b54f	parent_a_canonical	0.12941176470588237	0.12941176470588237	0.12941176470588237	1
peptide_c1948a8a77f5ea08c4d36a01e0245baa0c8132908e8bbe8e9ad8f218c1c8b54f	parent_b_canonical	0.046413502109704644	0.046413502109704644	0.046413502109704644	1
peptide_c5aa1181f378e8535d24133e7306de2fee0a8ffef0f3b5dd13badc5dd4a2c962	junction_split_codon	0.0	0.0	0.0	4
peptide_c5aa1181f378e8535d24133e7306de2fee0a8ffef0f3b5dd13badc5dd4a2c962	junction_window	0.0	0.0	0.0	4
peptide_c5aa1181f378e8535d24133e7306de2fee0a8ffef0f3b5dd13badc5dd4a2c962	parent_a_canonical	0.8518518518518519	0.8518518518518519	0.8518518518518519	4
peptide_c5aa1181f378e8535d24133e7306de2fee0a8ffef0f3b5dd13badc5dd4a2c962	parent_b_canonical	0.18236472945891782	0.18236472945891782	0.18236472945891782	4
peptide_c616ef8758452c5c28c9c0ea6d2c5c5a1ea47daff6a1c63c1664c595ab5fdc6f	junction_window	0.0	0.0	0.0	2
peptide_c616ef8758452c5c28c9c0ea6d2c5c5a1ea47daff6a1c63c1664c595ab5fdc6f	parent_a_canonical	0.573170731707317	0.573170731707317	0.573170731707317	2
peptide_c616ef8758452c5c28c9c0ea6d2c5c5a1ea47daff6a1c63c1664c595ab5fdc6f	parent_b_canonical	0.45161290322580644	0.45161290322580644	0.45161290322580644	2
peptide_c7cbaf05452f930ea271c4310d7d53eb7a94d31003d4692c42f7a9310278a184	junction_split_codon	0.0	0.0	0.0	1
peptide_c7cbaf05452f930ea271c4310d7d53eb7a94d31003d4692c42f7a9310278a184	junction_window	0.0967741935483871	0.0967741935483871	0.0967741935483871	1
peptide_c7cbaf05452f930ea271c4310d7d53eb7a94d31003d4692c42f7a9310278a184	parent_a_canonical	0.6938775510204082	0.6938775510204082	0.6938775510204082	1
peptide_c7cbaf05452f930ea271c4310d7d53eb7a94d31003d4692c42f7a9310278a184	parent_b_canonical	0.15816326530612246	0.15816326530612246	0.15816326530612246	1
peptide_c9bd32c51697562e4682682f7973836127065d644b434e46336cf1b16be4ca7f	junction_window	0.0	0.0	0.0	8
peptide_c9bd32c51697562e4682682f7973836127065d644b434e46336cf1b16be4ca7f	parent_a_canonical	0.1	0.1	0.1	8
peptide_c9bd32c51697562e4682682f7973836127065d644b434e46336cf1b16be4ca7f	parent_b_canonical	0.0	0.0	0.0	2
peptide_c9bd32c51697562e4682682f7973836127065d644b434e46336cf1b16be4ca7f	parent_b_out_of_frame	0.0	0.0	0.0	2
peptide_c9bd32c51697562e4682682f7973836127065d644b434e46336cf1b16be4ca7f	parent_b_unannotated_CDS	0.0	0.0	0.0	4
peptide_c9c43436c7d475fe18a20917c549cfe6185e1ef612cbff65fd8e6e8905429253	junction_window	0.0	0.0	0.0	2
peptide_c9c43436c7d475fe18a20917c549cfe6185e1ef612cbff65fd8e6e8905429253	parent_a_canonical	0.5323741007194245	0.5323741007194245	0.5323741007194245	2
peptide_c9c43436c7d475fe18a20917c549cfe6185e1ef612cbff65fd8e6e8905429253	parent_b_canonical	0.0	0.0	0.0	2
peptide_c9e5f8be670a1ae1d2a4735a6dbd307a6c40ff922d2621fd7bcb98a4150c9da3	junction_window	0.0	0.0	0.0	1
peptide_c9e5f8be670a1ae1d2a4735a6dbd307a6c40ff922d2621fd7bcb98a4150c9da3	parent_a_canonical	0.6497277676950998	0.6497277676950998	0.6497277676950998	1
peptide_c9e5f8be670a1ae1d2a4735a6dbd307a6c40ff922d2621fd7bcb98a4150c9da3	parent_b_canonical	0.0	0.0	0.0	1
peptide_ca2772f82b0e861861636ddd31697e08475ddd2b2f93467e300b85d3aa0b3c75	junction_window	0.0	0.0	0.0	4
peptide_ca2772f82b0e861861636ddd31697e08475ddd2b2f93467e300b85d3aa0b3c75	parent_a_canonical	0.16659975913287836	0.16659975913287836	0.16659975913287836	4
peptide_ca2772f82b0e861861636ddd31697e08475ddd2b2f93467e300b85d3aa0b3c75	parent_b_out_of_frame	0.0	0.0	0.0	4
peptide_cb3b877487db63c75d8a61ca9a8bf692284b3476f9b1f6a3c9c6e16a8da2fdb7	junction_window	1.0	1.0	1.0	3
peptide_cb3b877487db63c75d8a61ca9a8bf692284b3476f9b1f6a3c9c6e16a8da2fdb7	parent_a_canonical	0.19174757281553398	0.19174757281553398	0.19174757281553398	3
peptide_cb3b877487db63c75d8a61ca9a8bf692284b3476f9b1f6a3c9c6e16a8da2fdb7	parent_b_out_of_frame	1.0	1.0	1.0	2
peptide_cb3b877487db63c75d8a61ca9a8bf692284b3476f9b1f6a3c9c6e16a8da2fdb7	parent_b_unannotated_CDS	1.0	1.0	1.0	1
peptide_cb4825c6749f1e85ecc74a20cb49cd884674a3946d0d5d2f68a309487244bb5b	junction_split_codon	1.0	1.0	1.0	1
peptide_cb4825c6749f1e85ecc74a20cb49cd884674a3946d0d5d2f68a309487244bb5b	junction_window	0.7419354838709677	0.7419354838709677	0.7419354838709677	1
peptide_cb4825c6749f1e85ecc74a20cb49cd884674a3946d0d5d2f68a309487244bb5b	parent_a_canonical	0.3105590062111801	0.3105590062111801	0.3105590062111801	1
peptide_cb4825c6749f1e85ecc74a20cb49cd884674a3946d0d5d2f68a309487244bb5b	parent_b_unannotated_CDS	0.6291390728476821	0.6291390728476821	0.6291390728476821	1
peptide_cb97015f50ef275c05983c5ed87741c420183c811a8e822dafb8f5a9508f892b	junction_split_codon	0.0	0.0	0.0	4
peptide_cb97015f50ef275c05983c5ed87741c420183c811a8e822dafb8f5a9508f892b	junction_window	0.0	0.0	0.0	4
peptide_cb97015f50ef275c05983c5ed87741c420183c811a8e822dafb8f5a9508f892b	parent_a_canonical	0.8518518518518519	0.8518518518518519	0.8518518518518519	4
peptide_cb97015f50ef275c05983c5ed87741c420183c811a8e822dafb8f5a9508f892b	parent_b_canonical	0.0975609756097561	0.0975609756097561	0.0975609756097561	4
peptide_cf88e914fde7e920bc60427bb16d0451af6b04a869160e47318de2cd0c881f04	junction_split_codon	1.0	1.0	1.0	3
peptide_cf88e914fde7e920bc60427bb16d0451af6b04a869160e47318de2cd0c881f04	junction_window	1.0	1.0	1.0	3
peptide_cf88e914fde7e920bc60427bb16d0451af6b04a869160e47318de2cd0c881f04	parent_a_canonical	1.0	1.0	1.0	3
peptide_cf88e914fde7e920bc60427bb16d0451af6b04a869160e47318de2cd0c881f04	parent_b_canonical	0.5533333333333333	0.5533333333333333	0.5533333333333333	3
peptide_d09ba36d63b4b05b94c1787f8ea186e5b841f5920b3ffb5356533bd95afd68da	junction_split_codon	0.0	0.0	0.0	1
peptide_d09ba36d63b4b05b94c1787f8ea186e5b841f5920b3ffb5356533bd95afd68da	junction_window	0.0	0.0	0.0	1
peptide_d09ba36d63b4b05b94c1787f8ea186e5b841f5920b3ffb5356533bd95afd68da	parent_a_canonical	0.13740458015267176	0.13740458015267176	0.13740458015267176	1
peptide_d09ba36d63b4b05b94c1787f8ea186e5b841f5920b3ffb5356533bd95afd68da	parent_b_canonical	0.0	0.0	0.0	1
peptide_d12ded276778cca561f61708455f059a1bccb3f6e5b75d6ea02f274ab7b9a20d	junction_split_codon	0.0	0.0	0.0	6
peptide_d12ded276778cca561f61708455f059a1bccb3f6e5b75d6ea02f274ab7b9a20d	junction_window	0.41935483870967744	0.41935483870967744	0.41935483870967744	6
peptide_d12ded276778cca561f61708455f059a1bccb3f6e5b75d6ea02f274ab7b9a20d	parent_a_canonical	0.5495495495495496	0.5495495495495496	0.5495495495495496	6
peptide_d12ded276778cca561f61708455f059a1bccb3f6e5b75d6ea02f274ab7b9a20d	parent_b_canonical	0.5979100198825543	0.5802469135802469	0.6067415730337079	6
peptide_d12ded276778cca561f61708455f059a1bccb3f6e5b75d6ea02f274ab7b9a20d	parent_b_upstream_of_annotated_CDS	0.875	0.875	0.875	2
peptide_d155235fc72b0662d3c8bbf119a4f520de177b182c86e1bedc3fb455dd412ca3	junction_window	0.0	0.0	0.0	1
peptide_d155235fc72b0662d3c8bbf119a4f520de177b182c86e1bedc3fb455dd412ca3	parent_a_canonical	0.0	0.0	0.0	1
peptide_d155235fc72b0662d3c8bbf119a4f520de177b182c86e1bedc3fb455dd412ca3	parent_b_canonical	0.22841726618705036	0.22841726618705036	0.22841726618705036	1
peptide_d349aa7322fee3b86b789ab684cd76079672d6b4c4cededfb18f9176d162adcc	junction_window	0.0	0.0	0.0	1
peptide_d349aa7322fee3b86b789ab684cd76079672d6b4c4cededfb18f9176d162adcc	parent_a_canonical	0.0	0.0	0.0	1
peptide_d349aa7322fee3b86b789ab684cd76079672d6b4c4cededfb18f9176d162adcc	parent_b_canonical	0.22841726618705036	0.22841726618705036	0.22841726618705036	1
peptide_d7cfe4bcbfc06555a21a4e31ff58a6da16586e2dc7c03042c57eaf3dbcea97a8	junction_window	0.0	0.0	0.0	3
peptide_d7cfe4bcbfc06555a21a4e31ff58a6da16586e2dc7c03042c57eaf3dbcea97a8	parent_a_canonical	0.12222222222222222	0.12222222222222222	0.12222222222222222	3
peptide_d7cfe4bcbfc06555a21a4e31ff58a6da16586e2dc7c03042c57eaf3dbcea97a8	parent_b_canonical	0.05818181818181819	0.05818181818181818	0.05818181818181818	3
peptide_d856b7bb2fc8dfa370b5ecd0078cd483e64a89cde2fe7a9e77010c39f9e1f75b	junction_window	0.0	0.0	0.0	4
peptide_d856b7bb2fc8dfa370b5ecd0078cd483e64a89cde2fe7a9e77010c39f9e1f75b	parent_a_canonical	0.115	0.115	0.115	4
peptide_d856b7bb2fc8dfa370b5ecd0078cd483e64a89cde2fe7a9e77010c39f9e1f75b	parent_b_out_of_frame	0.0	0.0	0.0	4
peptide_d863b4181c9445613da3877663fc081e228ed82f65667b4d3ed864a4251e3f95	junction_window	0.0	0.0	0.0	2
peptide_d863b4181c9445613da3877663fc081e228ed82f65667b4d3ed864a4251e3f95	parent_a_canonical	0.0	0.0	0.0	2
peptide_d863b4181c9445613da3877663fc081e228ed82f65667b4d3ed864a4251e3f95	parent_b_out_of_frame	0.0	0.0	0.0	2
peptide_d8d5b0b8301c06d3b9cde19098580d9cdc661be23dd4a22cd9bae2c753192db2	junction_window	0.0	0.0	0.0	2
peptide_d8d5b0b8301c06d3b9cde19098580d9cdc661be23dd4a22cd9bae2c753192db2	parent_a_canonical	0.20833333333333334	0.20833333333333334	0.20833333333333334	2
peptide_d8d5b0b8301c06d3b9cde19098580d9cdc661be23dd4a22cd9bae2c753192db2	parent_b_unannotated_CDS	0.0	0.0	0.0	2
peptide_d9dadae508e1aba65519f0bec221151e33dd065734ac6bd7d657c57034b61154	junction_window	0.4000000000000001	0.4	0.4	3
peptide_d9dadae508e1aba65519f0bec221151e33dd065734ac6bd7d657c57034b61154	parent_a_canonical	0.8846153846153846	0.8846153846153846	0.8846153846153846	3
peptide_d9dadae508e1aba65519f0bec221151e33dd065734ac6bd7d657c57034b61154	parent_b_unannotated_CDS	0.0	0.0	0.0	3
peptide_db377c7d3a9026616bfee0cff0333714ba0a86b262b36d79a3f15fae46241c91	junction_split_codon	0.0	0.0	0.0	2
peptide_db377c7d3a9026616bfee0cff0333714ba0a86b262b36d79a3f15fae46241c91	junction_window	0.0	0.0	0.0	2
peptide_db377c7d3a9026616bfee0cff0333714ba0a86b262b36d79a3f15fae46241c91	parent_a_canonical	0.0	0.0	0.0	2
peptide_db377c7d3a9026616bfee0cff0333714ba0a86b262b36d79a3f15fae46241c91	parent_b_canonical	0.5727699530516432	0.5727699530516432	0.5727699530516432	2
peptide_dba94fe4564b656dcb4c88ed9c0af05dfe78a7d6ea0ef18b1c71b29fe58fa0d9	junction_window	0.0	0.0	0.0	3
peptide_dba94fe4564b656dcb4c88ed9c0af05dfe78a7d6ea0ef18b1c71b29fe58fa0d9	parent_a_canonical	0.2564102564102564	0.2564102564102564	0.2564102564102564	3
peptide_dba94fe4564b656dcb4c88ed9c0af05dfe78a7d6ea0ef18b1c71b29fe58fa0d9	parent_b_downstream_of_annotated_CDS	0.0	0.0	0.0	1
peptide_dba94fe4564b656dcb4c88ed9c0af05dfe78a7d6ea0ef18b1c71b29fe58fa0d9	parent_b_out_of_frame	0.0	0.0	0.0	1
peptide_dba94fe4564b656dcb4c88ed9c0af05dfe78a7d6ea0ef18b1c71b29fe58fa0d9	parent_b_unannotated_CDS	0.0	0.0	0.0	1
peptide_dbe63ac2fd19bcb0471334efc8f3f26068724f8a1fa27b6ec33cea8d1276d6e7	junction_split_codon	1.0	1.0	1.0	2
peptide_dbe63ac2fd19bcb0471334efc8f3f26068724f8a1fa27b6ec33cea8d1276d6e7	junction_window	1.0	1.0	1.0	2
peptide_dbe63ac2fd19bcb0471334efc8f3f26068724f8a1fa27b6ec33cea8d1276d6e7	parent_a_canonical	0.5192307692307693	0.5192307692307693	0.5192307692307693	2
peptide_dbe63ac2fd19bcb0471334efc8f3f26068724f8a1fa27b6ec33cea8d1276d6e7	parent_b_out_of_frame	1.0	1.0	1.0	2
peptide_dcf65a11538f918eae65b31adc4bb6b591a7c882dd13c3d3721b01693cb43f84	junction_split_codon	1.0	1.0	1.0	8
peptide_dcf65a11538f918eae65b31adc4bb6b591a7c882dd13c3d3721b01693cb43f84	junction_window	1.0	1.0	1.0	8
peptide_dcf65a11538f918eae65b31adc4bb6b591a7c882dd13c3d3721b01693cb43f84	parent_a_canonical	1.0	1.0	1.0	8
peptide_dcf65a11538f918eae65b31adc4bb6b591a7c882dd13c3d3721b01693cb43f84	parent_b_canonical	1.0	1.0	1.0	2
peptide_dcf65a11538f918eae65b31adc4bb6b591a7c882dd13c3d3721b01693cb43f84	parent_b_out_of_frame	1.0	1.0	1.0	2
peptide_dcf65a11538f918eae65b31adc4bb6b591a7c882dd13c3d3721b01693cb43f84	parent_b_unannotated_CDS	1.0	1.0	1.0	4
peptide_dd05b2de8b0dff54a99f32fb5534a21ea7b2859c77f90ebe3af16b628329d84d	junction_window	0.0	0.0	0.0	3
peptide_dd05b2de8b0dff54a99f32fb5534a21ea7b2859c77f90ebe3af16b628329d84d	parent_a_canonical	0.011494252873563218	0.011494252873563218	0.011494252873563218	3
peptide_dd05b2de8b0dff54a99f32fb5534a21ea7b2859c77f90ebe3af16b628329d84d	parent_b_canonical	0.0	0.0	0.0	3
peptide_dd7c67c48b8513a5d2fb9cdfa8fc9e1c4bdc2c4184b06ef715954b7c4d66e566	junction_split_codon	1.0	1.0	1.0	1
peptide_dd7c67c48b8513a5d2fb9cdfa8fc9e1c4bdc2c4184b06ef715954b7c4d66e566	junction_window	1.0	1.0	1.0	1
peptide_dd7c67c48b8513a5d2fb9cdfa8fc9e1c4bdc2c4184b06ef715954b7c4d66e566	parent_a_canonical	1.0	1.0	1.0	1
peptide_dd7c67c48b8513a5d2fb9cdfa8fc9e1c4bdc2c4184b06ef715954b7c4d66e566	parent_b_canonical	1.0	1.0	1.0	1
peptide_ddd4cd153f6619b54c5711ed15b99bcbda63e0216ad10154b681f2ff63d4678c	junction_window	0.5	0.5	0.5	1
peptide_ddd4cd153f6619b54c5711ed15b99bcbda63e0216ad10154b681f2ff63d4678c	parent_a_canonical	1.0	1.0	1.0	1
peptide_ddd4cd153f6619b54c5711ed15b99bcbda63e0216ad10154b681f2ff63d4678c	parent_b_canonical	0.058091286307053944	0.058091286307053944	0.058091286307053944	1
peptide_df2c551958df67bbccad0f87c785fb069df18fc67668af2ff95835daf8fcca3f	junction_window	0.0	0.0	0.0	5
peptide_df2c551958df67bbccad0f87c785fb069df18fc67668af2ff95835daf8fcca3f	parent_a_canonical	0.0	0.0	0.0	5
peptide_df2c551958df67bbccad0f87c785fb069df18fc67668af2ff95835daf8fcca3f	parent_b_unannotated_CDS	0.0	0.0	0.0	5
peptide_df44b28c7c8070fa139d1324a6441969ed0e1e1c84e0b535e304ae32a32b021d	junction_window	0.0	0.0	0.0	1
peptide_df44b28c7c8070fa139d1324a6441969ed0e1e1c84e0b535e304ae32a32b021d	parent_a_canonical	0.0	0.0	0.0	1
peptide_df44b28c7c8070fa139d1324a6441969ed0e1e1c84e0b535e304ae32a32b021d	parent_b_unannotated_CDS	0.0	0.0	0.0	1
peptide_dfa0f70392894092a6ebb5547ba8aec5110bf75282b42da97ad017230e00c4e6	junction_split_codon	1.0	1.0	1.0	2
peptide_dfa0f70392894092a6ebb5547ba8aec5110bf75282b42da97ad017230e00c4e6	junction_window	0.7419354838709677	0.7419354838709677	0.7419354838709677	2
peptide_dfa0f70392894092a6ebb5547ba8aec5110bf75282b42da97ad017230e00c4e6	parent_a_canonical	0.17567567567567569	0.17567567567567569	0.17567567567567569	2
peptide_dfa0f70392894092a6ebb5547ba8aec5110bf75282b42da97ad017230e00c4e6	parent_b_unannotated_CDS	1.0	1.0	1.0	2
peptide_dfb8a2ccde79614b69b3425f8cd6ffcf0f2bddaf437ae76facc8bb7ebdfacb2e	junction_split_codon	1.0	1.0	1.0	1
peptide_dfb8a2ccde79614b69b3425f8cd6ffcf0f2bddaf437ae76facc8bb7ebdfacb2e	junction_window	0.6129032258064516	0.6129032258064516	0.6129032258064516	1
peptide_dfb8a2ccde79614b69b3425f8cd6ffcf0f2bddaf437ae76facc8bb7ebdfacb2e	parent_a_canonical	0.019230769230769232	0.019230769230769232	0.019230769230769232	1
peptide_dfb8a2ccde79614b69b3425f8cd6ffcf0f2bddaf437ae76facc8bb7ebdfacb2e	parent_b_canonical	1.0	1.0	1.0	1
peptide_e0d3fd43f9f22d7297190f8f414371f7c190ecfc647bf5c34c551d12c1c4357c	junction_split_codon	1.0	1.0	1.0	2
peptide_e0d3fd43f9f22d7297190f8f414371f7c190ecfc647bf5c34c551d12c1c4357c	junction_window	0.7096774193548387	0.7096774193548387	0.7096774193548387	2
peptide_e0d3fd43f9f22d7297190f8f414371f7c190ecfc647bf5c34c551d12c1c4357c	parent_a_canonical	0.15765765765765766	0.15765765765765766	0.15765765765765766	2
peptide_e0d3fd43f9f22d7297190f8f414371f7c190ecfc647bf5c34c551d12c1c4357c	parent_b_unannotated_CDS	1.0	1.0	1.0	2
peptide_e2e945499d969d3f3f5c7f6e58c493d60821e9a3917cc4a3b4c9157cc333163e	junction_split_codon	0.0	0.0	0.0	2
peptide_e2e945499d969d3f3f5c7f6e58c493d60821e9a3917cc4a3b4c9157cc333163e	junction_window	0.0	0.0	0.0	2
peptide_e2e945499d969d3f3f5c7f6e58c493d60821e9a3917cc4a3b4c9157cc333163e	parent_a_canonical	0.0	0.0	0.0	2
peptide_e2e945499d969d3f3f5c7f6e58c493d60821e9a3917cc4a3b4c9157cc333163e	parent_b_out_of_frame	0.2916666666666667	0.2916666666666667	0.2916666666666667	2
peptide_e3551690a6b76267d8c2b08ac175a3a20ff96f0247e854ef37f71567b7497c7a	junction_split_codon	0.0	0.0	0.0	2
peptide_e3551690a6b76267d8c2b08ac175a3a20ff96f0247e854ef37f71567b7497c7a	junction_window	0.45161290322580644	0.45161290322580644	0.45161290322580644	2
peptide_e3551690a6b76267d8c2b08ac175a3a20ff96f0247e854ef37f71567b7497c7a	parent_a_canonical	0.5495495495495496	0.5495495495495496	0.5495495495495496	2
peptide_e3551690a6b76267d8c2b08ac175a3a20ff96f0247e854ef37f71567b7497c7a	parent_b_canonical	0.65625	0.65625	0.65625	2
peptide_e48f3c517ce97280418f285dcc2fded5b7e117f6b8dabd50384472b8eb355ff2	junction_window	0.1	0.1	0.1	4
peptide_e48f3c517ce97280418f285dcc2fded5b7e117f6b8dabd50384472b8eb355ff2	parent_a_canonical	0.5384615384615384	0.5384615384615384	0.5384615384615384	4
peptide_e48f3c517ce97280418f285dcc2fded5b7e117f6b8dabd50384472b8eb355ff2	parent_b_canonical	0.0	0.0	0.0	2
peptide_e48f3c517ce97280418f285dcc2fded5b7e117f6b8dabd50384472b8eb355ff2	parent_b_unannotated_CDS	0.0	0.0	0.0	2
peptide_e4d7de5a0a608c817a0fe1dfffd651af36fe378e122c1b14712e4c434175579d	junction_split_codon	0.0	0.0	0.0	2
peptide_e4d7de5a0a608c817a0fe1dfffd651af36fe378e122c1b14712e4c434175579d	junction_window	0.41935483870967744	0.41935483870967744	0.41935483870967744	2
peptide_e4d7de5a0a608c817a0fe1dfffd651af36fe378e122c1b14712e4c434175579d	parent_a_canonical	0.0	0.0	0.0	2
peptide_e4d7de5a0a608c817a0fe1dfffd651af36fe378e122c1b14712e4c434175579d	parent_b_canonical	0.27956989247311825	0.27956989247311825	0.27956989247311825	2
peptide_e5af13d33e889258c3c023a666c476f620d82348973f983e518b9779866522d1	junction_split_codon	0.0	0.0	0.0	1
peptide_e5af13d33e889258c3c023a666c476f620d82348973f983e518b9779866522d1	junction_window	0.0	0.0	0.0	1
peptide_e5af13d33e889258c3c023a666c476f620d82348973f983e518b9779866522d1	parent_a_canonical	0.0	0.0	0.0	1
peptide_e5af13d33e889258c3c023a666c476f620d82348973f983e518b9779866522d1	parent_b_canonical	0.09032258064516129	0.09032258064516129	0.09032258064516129	1
peptide_e6bde9e98c0c71a406cda37d339a2829de1ba0ba203b851d67e4082deda858a7	junction_window	0.43333333333333335	0.43333333333333335	0.43333333333333335	1
peptide_e6bde9e98c0c71a406cda37d339a2829de1ba0ba203b851d67e4082deda858a7	parent_a_canonical	0.9819819819819819	0.9819819819819819	0.9819819819819819	1
peptide_e6bde9e98c0c71a406cda37d339a2829de1ba0ba203b851d67e4082deda858a7	parent_b_canonical	0.0	0.0	0.0	1
peptide_e8b37fb4123387d477121be6767ff9b0e64886eca7291810abf400d584152ca2	junction_split_codon	0.0	0.0	0.0	1
peptide_e8b37fb4123387d477121be6767ff9b0e64886eca7291810abf400d584152ca2	junction_window	0.0	0.0	0.0	1
peptide_e8b37fb4123387d477121be6767ff9b0e64886eca7291810abf400d584152ca2	parent_a_canonical	0.265625	0.265625	0.265625	1
peptide_e8b37fb4123387d477121be6767ff9b0e64886eca7291810abf400d584152ca2	parent_b_canonical	0.14795918367346939	0.14795918367346939	0.14795918367346939	1
peptide_e99c765e89e22454b77f5bee5b91d4a1c68ae4acbfc5e433be58eddefc6e939e	junction_window	0.0	0.0	0.0	6
peptide_e99c765e89e22454b77f5bee5b91d4a1c68ae4acbfc5e433be58eddefc6e939e	parent_a_canonical	0.7922077922077922	0.7922077922077922	0.7922077922077922	6
peptide_e99c765e89e22454b77f5bee5b91d4a1c68ae4acbfc5e433be58eddefc6e939e	parent_b_canonical	0.45161290322580644	0.45161290322580644	0.45161290322580644	6
peptide_eaadb81f5c70805626da52cd61e57438d32bf21d9a2d8384477f99624294a992	junction_split_codon	1.0	1.0	1.0	6
peptide_eaadb81f5c70805626da52cd61e57438d32bf21d9a2d8384477f99624294a992	junction_window	1.0	1.0	1.0	6
peptide_eaadb81f5c70805626da52cd61e57438d32bf21d9a2d8384477f99624294a992	parent_a_canonical	0.8289473684210527	0.8289473684210527	0.8289473684210527	6
peptide_eaadb81f5c70805626da52cd61e57438d32bf21d9a2d8384477f99624294a992	parent_b_out_of_frame	1.0	1.0	1.0	6
peptide_ed94a7c73c5bb4d289c56f618b0eb9ee4ae8c7f74e21cbb1da03f872cd1f9de4	junction_window	0.0	0.0	0.0	3
peptide_ed94a7c73c5bb4d289c56f618b0eb9ee4ae8c7f74e21cbb1da03f872cd1f9de4	parent_a_canonical	0.0574712643678161	0.05747126436781609	0.05747126436781609	3
peptide_ed94a7c73c5bb4d289c56f618b0eb9ee4ae8c7f74e21cbb1da03f872cd1f9de4	parent_b_canonical	0.0	0.0	0.0	3
peptide_eed915b6ca8b3996cd855855d0eb3687677480ad6600d6a859007123a2d56e75	junction_window	1.0	1.0	1.0	3
peptide_eed915b6ca8b3996cd855855d0eb3687677480ad6600d6a859007123a2d56e75	parent_a_canonical	0.18081180811808117	0.18081180811808117	0.18081180811808117	3
peptide_eed915b6ca8b3996cd855855d0eb3687677480ad6600d6a859007123a2d56e75	parent_b_out_of_frame	1.0	1.0	1.0	2
peptide_eed915b6ca8b3996cd855855d0eb3687677480ad6600d6a859007123a2d56e75	parent_b_unannotated_CDS	1.0	1.0	1.0	1
peptide_f0766d124b52f0061597ce4e822e9275a04152df574f9a512631a0fa6ed8a2fa	junction_split_codon	1.0	1.0	1.0	8
peptide_f0766d124b52f0061597ce4e822e9275a04152df574f9a512631a0fa6ed8a2fa	junction_window	1.0	1.0	1.0	8
peptide_f0766d124b52f0061597ce4e822e9275a04152df574f9a512631a0fa6ed8a2fa	parent_a_canonical	1.0	1.0	1.0	8
peptide_f0766d124b52f0061597ce4e822e9275a04152df574f9a512631a0fa6ed8a2fa	parent_b_out_of_frame	1.0	1.0	1.0	4
peptide_f0766d124b52f0061597ce4e822e9275a04152df574f9a512631a0fa6ed8a2fa	parent_b_unannotated_CDS	1.0	1.0	1.0	4
peptide_f0d37395734f61dc7792a5acf6ad495d9a1058302b01d4fa1338af9f49112dac	junction_split_codon	1.0	1.0	1.0	4
peptide_f0d37395734f61dc7792a5acf6ad495d9a1058302b01d4fa1338af9f49112dac	junction_window	1.0	1.0	1.0	4
peptide_f0d37395734f61dc7792a5acf6ad495d9a1058302b01d4fa1338af9f49112dac	parent_a_canonical	1.0	1.0	1.0	4
peptide_f0d37395734f61dc7792a5acf6ad495d9a1058302b01d4fa1338af9f49112dac	parent_b_out_of_frame	1.0	1.0	1.0	4
peptide_f24219a126525f2d211114163d59773936920bb6110bdcc3eba476c5a060678c	junction_split_codon	0.0	0.0	0.0	2
peptide_f24219a126525f2d211114163d59773936920bb6110bdcc3eba476c5a060678c	junction_window	0.06451612903225806	0.06451612903225806	0.06451612903225806	2
peptide_f24219a126525f2d211114163d59773936920bb6110bdcc3eba476c5a060678c	parent_a_canonical	0.06924643584521385	0.06924643584521385	0.06924643584521385	2
peptide_f24219a126525f2d211114163d59773936920bb6110bdcc3eba476c5a060678c	parent_b_upstream_of_annotated_CDS	0.6060606060606061	0.6060606060606061	0.6060606060606061	2
peptide_f24d6b7fa37dddf47c2a5a41244495275ae838ba9d20379f92b7e8df069983ac	junction_window	0.0	0.0	0.0	5
peptide_f24d6b7fa37dddf47c2a5a41244495275ae838ba9d20379f92b7e8df069983ac	parent_a_canonical	0.1564625850340136	0.1564625850340136	0.1564625850340136	5
peptide_f24d6b7fa37dddf47c2a5a41244495275ae838ba9d20379f92b7e8df069983ac	parent_b_out_of_frame	0.7769621682665161	0.6956521739130435	0.8311688311688312	5
peptide_f24d6b7fa37dddf47c2a5a41244495275ae838ba9d20379f92b7e8df069983ac	parent_b_upstream_of_annotated_CDS	0.0	0.0	0.0	3
peptide_f3b157eea4a7b3afed59584e95a707bc05cb7cf6e128952858f1c030fdca8e9f	junction_split_codon	0.0	0.0	0.0	3
peptide_f3b157eea4a7b3afed59584e95a707bc05cb7cf6e128952858f1c030fdca8e9f	junction_window	0.0	0.0	0.0	3
peptide_f3b157eea4a7b3afed59584e95a707bc05cb7cf6e128952858f1c030fdca8e9f	parent_a_canonical	0.16176470588235295	0.16176470588235295	0.16176470588235295	3
peptide_f3b157eea4a7b3afed59584e95a707bc05cb7cf6e128952858f1c030fdca8e9f	parent_b_out_of_frame	0.0	0.0	0.0	1
peptide_f3b157eea4a7b3afed59584e95a707bc05cb7cf6e128952858f1c030fdca8e9f	parent_b_unannotated_CDS	0.0	0.0	0.0	2
peptide_f41443bc0b10f416c99dddf5688636205400f620bb71771505df8299c360c620	junction_window	0.0	0.0	0.0	1
peptide_f41443bc0b10f416c99dddf5688636205400f620bb71771505df8299c360c620	parent_a_canonical	0.0	0.0	0.0	1
peptide_f41443bc0b10f416c99dddf5688636205400f620bb71771505df8299c360c620	parent_b_unannotated_CDS	0.08270676691729323	0.08270676691729323	0.08270676691729323	1
peptide_f7b68fea961e6f0194842633b1fdb2a31f6c14e63114270cc1767153d4d2780d	junction_split_codon	0.0	0.0	0.0	1
peptide_f7b68fea961e6f0194842633b1fdb2a31f6c14e63114270cc1767153d4d2780d	junction_window	0.0	0.0	0.0	1
peptide_f7b68fea961e6f0194842633b1fdb2a31f6c14e63114270cc1767153d4d2780d	parent_a_canonical	0.18055555555555555	0.18055555555555555	0.18055555555555555	1
peptide_f7b68fea961e6f0194842633b1fdb2a31f6c14e63114270cc1767153d4d2780d	parent_b_canonical	0.0	0.0	0.0	1
peptide_fa6506540deb5226f196b5e2c3dc3fd6a10972fec505231d4d43a33b7e157c2a	junction_split_codon	1.0	1.0	1.0	3
peptide_fa6506540deb5226f196b5e2c3dc3fd6a10972fec505231d4d43a33b7e157c2a	junction_window	1.0	1.0	1.0	3
peptide_fa6506540deb5226f196b5e2c3dc3fd6a10972fec505231d4d43a33b7e157c2a	parent_a_canonical	1.0	1.0	1.0	3
peptide_fa6506540deb5226f196b5e2c3dc3fd6a10972fec505231d4d43a33b7e157c2a	parent_b_canonical	0.7068493150684931	0.7068493150684931	0.7068493150684931	3
peptide_fa93e53ac27b4b7dae1a80f579d41c4b15d48643b853104cb1872d9055bb9812	junction_split_codon	0.0	0.0	0.0	4
peptide_fa93e53ac27b4b7dae1a80f579d41c4b15d48643b853104cb1872d9055bb9812	junction_window	0.45161290322580644	0.45161290322580644	0.45161290322580644	4
peptide_fa93e53ac27b4b7dae1a80f579d41c4b15d48643b853104cb1872d9055bb9812	parent_a_canonical	0.9411764705882353	0.9411764705882353	0.9411764705882353	4
peptide_fa93e53ac27b4b7dae1a80f579d41c4b15d48643b853104cb1872d9055bb9812	parent_b_canonical	0.0	0.0	0.0	2
peptide_fa93e53ac27b4b7dae1a80f579d41c4b15d48643b853104cb1872d9055bb9812	parent_b_unannotated_CDS	0.0	0.0	0.0	2
peptide_fad6c30fb46f2bddb0e3907a6a14afc1997cb5b9ca40cd09e010031d06b87f91	junction_split_codon	0.0	0.0	0.0	4
peptide_fad6c30fb46f2bddb0e3907a6a14afc1997cb5b9ca40cd09e010031d06b87f91	junction_window	0.41379310344827586	0.41379310344827586	0.41379310344827586	4
peptide_fad6c30fb46f2bddb0e3907a6a14afc1997cb5b9ca40cd09e010031d06b87f91	parent_a_canonical	0.8333333333333334	0.8333333333333334	0.8333333333333334	4
peptide_fad6c30fb46f2bddb0e3907a6a14afc1997cb5b9ca40cd09e010031d06b87f91	parent_b_unannotated_CDS	0.0	0.0	0.0	4
peptide_fce534cced06c5860a0e4e21ac53ffa1a3c03bdd613724466f90f0578df30471	junction_split_codon	0.0	0.0	0.0	6
peptide_fce534cced06c5860a0e4e21ac53ffa1a3c03bdd613724466f90f0578df30471	junction_window	0.0	0.0	0.0	6
peptide_fce534cced06c5860a0e4e21ac53ffa1a3c03bdd613724466f90f0578df30471	parent_a_canonical	0.006622516556291391	0.006622516556291391	0.006622516556291391	6
peptide_fce534cced06c5860a0e4e21ac53ffa1a3c03bdd613724466f90f0578df30471	parent_b_out_of_frame	0.2916666666666667	0.2916666666666667	0.2916666666666667	6
peptide_fe9d713de22366a70052a1235a251c8f1999f247300bea4c5902067bfde22536	junction_split_codon	0.0	0.0	0.0	2
peptide_fe9d713de22366a70052a1235a251c8f1999f247300bea4c5902067bfde22536	junction_window	0.0967741935483871	0.0967741935483871	0.0967741935483871	2
peptide_fe9d713de22366a70052a1235a251c8f1999f247300bea4c5902067bfde22536	parent_a_canonical	0.0	0.0	0.0	2
peptide_fe9d713de22366a70052a1235a251c8f1999f247300bea4c5902067bfde22536	parent_b_out_of_frame	0.5	0.5	0.5	2
peptide_ff641b7f66baa209ff86e50cff70775b9fc1fd0004872ad33a501711d57eaf5e	junction_window	0.0	0.0	0.0	6
peptide_ff641b7f66baa209ff86e50cff70775b9fc1fd0004872ad33a501711d57eaf5e	parent_a_canonical	0.0	0.0	0.0	6
peptide_ff641b7f66baa209ff86e50cff70775b9fc1fd0004872ad33a501711d57eaf5e	parent_b_canonical	0.0	0.0	0.0	6
