peptide_id	control_id	orf_id	transcript_id	candidate_residue_start_1based	candidate_residue_end_1based
peptide_0031513c6d00f8f7037926f4742f93c27ed045dafed1405ab47f1843ba2c9b4c	control_37bfb856665b42403f050f04de3dbc832370f08f95349fe3d2592c2d76f7b966	Srpk1:Esd|ENSMUST00000130643.9|ENSMUST00000022573.17	ENSMUST00000130643.9	1	330
peptide_003fbea9ea111ef83e4edc74466ce73fb7600c16c1d8044a18a2cb23485fd05a	control_44bf64b70c81c9c472c53d729870226b18298e5cfe7c38178f6db36dc6d4a302	Abr:Pitpna|ENSMUST00000094012.11|ENSMUST00000102509.11	ENSMUST00000094012.11	1	609
peptide_00454f8b48759a25985dd35561e47dcb1119bb4093f06d4741631a72fda993ee	control_cf583bf103a170dd88919c7bb98e326ad86d8ffa9cde063619749ae7a24cbe10	Tmem181a:Bin2|ENSMUST00000232383.2|ENSMUST00000238935.2	ENSMUST00000232383.2	1	489
peptide_00682bfae0430c221bd9ca98daf084b55510c1aaa10af5e6eb401af023f0eff8	control_10ce0436418e1133e6a92a2d7e5f9da744beac8d449ae61db007916011351d18	Pcmt1:Gcn1|ENSMUST00000159917.8|ENSMUST00000064454.12	ENSMUST00000159917.8	1	226
peptide_0075cb47902db5ee3f5c645d0191f38ba814e2d2b42c4d038ff02a96031e725f	control_1df3c3affc13da72176abc6aab27ee715c073fd7e4b5197f6d44f9051ed23c58	Dnase2a:Kdm3b|ENSMUST00000003910.13|ENSMUST00000043775.9	ENSMUST00000003910.13	1	238
peptide_027defea00b26fa7c7e9a4638732f64c0ccea2b297e5eee8cdc324c81f52b1d5	control_1a3733f9bc62b24e04e89cf25972ecad7d2c4260178d9b042a72c89b350c62fd	Nedd4l:Lman1|ENSMUST00000235343.2|ENSMUST00000048260.15	ENSMUST00000235343.2	1	99
peptide_029038857aa1559fc6193b71964d76f1911a9a5c95c62a8cc6ec4a60a9e2391c	control_dbdafb0d9bf8811a940b1a4e9d8c53736fbf57f9f2569d8932aaf07a7875cbf7	Zcchc8:Sars|ENSMUST00000031376.12|ENSMUST00000090553.12	ENSMUST00000031376.12	1	83
peptide_02a602f45d4337e2e37a2e19aef685706bfbe7b34df7f38b0083fe6ae8d164ec	control_1db9eca3b69f95544f20fd77d150210a764c4aea7401445db8dceb4106587a43	Sp100:A630001G21Rik|ENSMUST00000054279.15|ENSMUST00000162038.8	ENSMUST00000054279.15	1	221
peptide_02b4be3beee4d681564e4c2a1976d777a6a45b55d55b0feb536d1fed4d340985	control_a657c572200640de52e6259aad4b0c0652625ede78bf49808abb4805b5a5fce0	Vps8:2510009E07Rik|ENSMUST00000115397.8|ENSMUST00000231592.2	ENSMUST00000115397.8	1	1105
peptide_031653b966b70cbeeb9b97c802693bd88424dd1abf74cdb15e9d4fac75b25f32	control_36d561cbe83f7dfbe85d3471255fdee333ad7b28481db371d9acd2e537198e0d	Trrap:Bri3|ENSMUST00000038980.13|ENSMUST00000056578.7	ENSMUST00000038980.13	1	50
peptide_03444fb92756f88f13a9a34932293a3b7ba6cfaa1c230ea3b4a8bedbb7e089d7	control_2f739187e90bcf03989e8984345543d371bbcad1aaeee9d1c61c2428e0030931	Napg:Garem1|ENSMUST00000235372.2|ENSMUST00000049260.7	ENSMUST00000235372.2	1	81
peptide_035943e42f3c245011a7f12ccb482fc1f27acd0d9b50f46e1f1b520c88915037	control_9ab9552f0bd047cd2cf192b47ea8b24e6267094479e8740051221f12a531ea1c	Map2k1:Hif1a|ENSMUST00000005066.9|ENSMUST00000021530.8	ENSMUST00000005066.9	1	189
peptide_03686a20dbe4cd4fff12007e4ab2ffd7d4b746ff6a9c00112dfecccb52d6eb16	control_f466b00bd68f57e58359d89f51b7e86c28d91791510529eaf6ef0f9e77509a08	Wasl:Chchd3|ENSMUST00000031695.15|ENSMUST00000066379.11	ENSMUST00000031695.15	1	36
peptide_03ba7a20f0e98107ebbdfd0ab57601c9ad65df143e934b2c64e526455dde750f	control_1f25d8ad165f30d4b144e15f1c5fbdf8205aabeb7e3cc2e51ae7030c99d4bc37	Zmiz1:Pinx1|ENSMUST00000007961.15|ENSMUST00000022528.6	ENSMUST00000007961.15	1	93
peptide_0431282d212bd81cdfc5af55b8897eb3c2b26e19efe99a9bbb7886496d702aad	control_5f676bade11bc4e3f4443d8977b0247a4d3f538bb87dbd224d73b1373a10c83d	Rasa1:Ahnak|ENSMUST00000109552.3|ENSMUST00000237033.2	ENSMUST00000109552.3	1	887
peptide_0477095170ab5bcd3c6e2ee84ec13cd8f3e3e2be2b86826bd5ae38b1d3c3092a	control_3c815969424faf2a8774ff17c168ef576d04c7721299f6ad272da100eac30d37	Mpdu1:Hk3|ENSMUST00000018905.12|ENSMUST00000052949.13	ENSMUST00000018905.12	1	100
peptide_048fd7a08ed804ff189bda66df70cbbadef02e8a1eaeb42433f590f53acc381b	control_b6c33b39dd7513ee8b350e45ca697c0db3f5a4ed43ca361d324772fab8d86845	Kif16b:Taf4|ENSMUST00000230763.2|ENSMUST00000041618.13	ENSMUST00000230763.2	1	1172
peptide_04cb1528cc950515e9a8f020c635d3547165fa774e1e1b10b39b151e0c167ce7	control_6c8d57dc93590d00fb9ea6dea42b30b0c384051c8bccc1ad791b2164a5207ade	Ms4a7:Cog6|ENSMUST00000025574.11|ENSMUST00000036665.10	ENSMUST00000025574.11	1	212
peptide_059cfef0008dd945575d476e259a418e3adf12189c1620cb89b515c57ff79836	control_8725feb95f2d712edba585e5f25a5a0cc9d97ad56554a393a06c4975a6b18179	Napg:Garem1|ENSMUST00000236925.2|ENSMUST00000049260.7	ENSMUST00000236925.2	1	86
peptide_060c736a85b24000a8e57f6dbe0594fd54d4436fc5861f054b63b0d1bc8534bf	control_0096e7450127688825c940032d79b2944056668aa81035736e8c97045e5336b1	Zfp655:Atp5j2|ENSMUST00000085661.9|ENSMUST00000037056.9	ENSMUST00000085661.9	1	45
peptide_06136fb30e9bd46896a72f091ad4dcc17592f1b112a21770b68abac7633a53d0	control_694f5db12f2bbd362d0ff596bb56deeb0a10576e26ae7bbde658c9ec6ba8a2d3	G3bp1:Skp1|ENSMUST00000018727.4|ENSMUST00000037324.12	ENSMUST00000018727.4	1	245
peptide_062902ab40ba4d3341efee4c4e890dd49fba5df43da7d30035aa89b96b893305	control_4e5f4ca1bcfd6842d54eac9bf6b6aee7471ce76f63a7df6df11cb003c610f827	Gask1b:Sh3glb1|ENSMUST00000029567.9|ENSMUST00000198254.5	ENSMUST00000029567.9	1	373
peptide_06e8130452307296201f7d82caa70a01257e2157052c7ca30b666d74e05462ed	control_c01796fddaf1c55d87013cba52539481a54b1a5f2671ed4b956e76d5a1a48f6e	Ms4a7:Cog6|ENSMUST00000056035.9|ENSMUST00000193432.6	ENSMUST00000056035.9	1	160
peptide_07479e50fc51608d8e2edda7935d502182c9408e1c24e849ff2025b35c7984f4	control_d1ca773eed93db97c1b0ad90ac29b2f29a215e99c62c27b0cd47583a75aee905	Adam8:Tyrobp|ENSMUST00000106069.9|ENSMUST00000032800.10	ENSMUST00000106069.9	1	48
peptide_075c7f9d980d00a17649a00ebcf9c84c38ba34381e466ae2738516fa65924467	control_601946d16c17677ae4997f20bbf81c8b4f631385a52544b2408cbde171565001	Odf2l:Gtf2b|ENSMUST00000029920.15|ENSMUST00000029938.10	ENSMUST00000029920.15	1	407
peptide_07bb91915af17919f491fdc293812ef495a9b51a10cd4fb5fc7d25fb29d949db	control_822802320b13c5619cc4acf0c526a425383a37ff57eb67c8524bb04ba6c36b4e	Trim25:Atox1|ENSMUST00000000284.7|ENSMUST00000108857.2	ENSMUST00000000284.7	1	230
peptide_07e4a77058d756bfe8d091980b83e27057f72b907adea56145b8b0e64b2dd4fb	control_8bd6bdee45ca264b5c51a9862ec285f301f5d36265bd19c4f174e8fa42598294	Tmbim6:Rmc1|ENSMUST00000023749.15|ENSMUST00000025276.15	ENSMUST00000023749.15	1	111
peptide_07f2c3fbbe467c455acca675059f5556329e6ad151e67a5dec69bb15266ee4a4	control_7faa08843717d2a27866f29608e5cda4f5dfc25d44df470b658e68c10c3302db	Syngr1:Hnrnpdl|ENSMUST00000143928.2|ENSMUST00000086900.11	ENSMUST00000143928.2	1	90
peptide_097dd491610266e2b00ddefa5756e6406a5141c531fd5b72373ee5715b3d4327	control_282d8b4ff23fa39f5e0f368fbd2fe4ed47d7512eda0d5204ef577cbb17ab3b4c	Cux1:Cmtm7|ENSMUST00000176778.8|ENSMUST00000035009.16	ENSMUST00000176778.8	1	143
peptide_09b3a7f06e40af78de8a6680b64c93c2bd65a6d8489fd8947fbce300a2d96f99	control_8776c40679258d7e4cb75900258d6dc2c87743c0449e1152071650d8bbac2a16	Rufy3:Grsf1|ENSMUST00000196686.2|ENSMUST00000078945.12	ENSMUST00000196686.2	1	135
peptide_09c4b8f5b0bb0bc194e7813999443bf64516ddc83be6b7d4d27d134c96af3d03	control_ca026f3105475a0f1c0cd4e50c6e972372162075b385057d89321aa22d7b939b	Cpq:Mdfic|ENSMUST00000042167.10|ENSMUST00000125326.8	ENSMUST00000042167.10	1	142
peptide_09dba631e5af9f22330377a7f09ff66b175a857ea831677f75478578150d5c02	control_2f429ac0746181abc854e6801deab4ae05af7997667d755b1bcf6601dcfbc76c	Stau2:Eloc|ENSMUST00000027052.13|ENSMUST00000115352.10	ENSMUST00000027052.13	1	104
peptide_0a067a702a37b1e642f1a90f2961e330c022a210ef3be7a61ce63a304f3ec9cc	control_d828e61fcd661d07344342a171aa108e5c3bc35d9371fce427ac4996e65df9d3	Trim25:Il27|ENSMUST00000000284.7|ENSMUST00000058429.6	ENSMUST00000000284.7	1	364
peptide_0a4667057df86fd4ea6f413907452618e4c3608ea56f8d19b4b1f8bb13478b49	control_b7b8f5fcfd76ca9d411de9e821551cd9eec5be84f003c53a95320559c00ee0de	Atp8a1:Tmem33|ENSMUST00000135930.8|ENSMUST00000037918.12	ENSMUST00000135930.8	1	1026
peptide_0a59ce079339daa8de79b6f49bfe0a3491b626800b5daf3c8a3de86d4597a8f9	control_758f4d506e385b932b2ec08e739b1a1c96d2a327de93ca50f572c64fe22706f4	Klf6:Mitf|ENSMUST00000000080.8|ENSMUST00000203938.2	ENSMUST00000000080.8	1	68
peptide_0a8dc961b78ca362051fb892b87f75b744860005ec6ef4ee51a037c6f632e0f1	control_10be4ebd54f2cd29e0387fc864ef62cc5bd469f7a2b675452608b076106fcf8d	Hnrnph3:Ddx50|ENSMUST00000020263.14|ENSMUST00000020270.6	ENSMUST00000020263.14	1	37
peptide_0aab03d0e225116e9ae842d1a4d08c78934206123f1b05636a53f0b89adebbae	control_84c46753e9540fb1262aa93a38df66d982ca7678f6efd8379a5848b400ea430c	Dram1:Krtcap2|ENSMUST00000020249.2|ENSMUST00000040888.12	ENSMUST00000020249.2	1	173
peptide_0ab3f006176615d1697163432753d8f005665a60f45ca80e8fdf78092235393b	control_a7e4705a3250ba6fa22015a0703375441825f01b77dcfb966ff6c3c525305f48	Exoc6b:Chchd3|ENSMUST00000160197.6|ENSMUST00000066379.11	ENSMUST00000160197.6	1	36
peptide_0b5807a9b864e2f88796a0e427611928be7a86746569e2df3b49feb92b00351a	control_ea44cbc6abbf5cd14dd0a5898b18652bb54068e56d94080a5168e461ce073c53	Mapkapk2:Arhgef2|ENSMUST00000016672.11|ENSMUST00000175903.9	ENSMUST00000016672.11	1	79
peptide_0b7bde603801ce708dffa689c2459783b0a2c0a5c4534ce4ef9f0c06ab120ea4	control_7e5c6969083b08b785c8dc0de69fad1a3207de9cab9141c1fb3c069ee79ae11f	Marchf8:Dcp1b|ENSMUST00000123405.8|ENSMUST00000073909.6	ENSMUST00000123405.8	1	468
peptide_0b7e9df4c2b6d200712e45c95098c96eac719000e15145708b24cbdcd5c3df96	control_f17fb4ff7f49079801fdb3130bd2d9b478426dace00c34c650cb498c5109d377	Piezo1:Isca2|ENSMUST00000067252.14|ENSMUST00000021667.7	ENSMUST00000067252.14	1	94
peptide_0ca6bb32e6ad040ba41266044903ca45870fc6efcd42c71b01b76a1ce48fd116	control_ed2540e5451bc165857ffa4611576ac09953f9f44fdb7145ae31d26d933d24e0	Atp2b1:Spata6|ENSMUST00000020107.8|ENSMUST00000038868.14	ENSMUST00000020107.8	1	529
peptide_0d3b32fb4831898cbcefd43020fbbd0b4313d2e84c9dee7c844222d749da3d5d	control_1a51de199bbeb69455c1f9f6fdfe5301c93f2b37d5e3d88781930de9723744ca	Nfkb1:Zranb2|ENSMUST00000029812.14|ENSMUST00000029831.16	ENSMUST00000029812.14	1	37
peptide_0d6dac851b061e6579ccbca382a913ace9cfd8284d475047cfc81fadfa7f7e36	control_2fdba42f13e82edfd3c58d5f4f7461521bad514f1610a649d74f2e2225ae72a0	Iqgap1:Dusp10|ENSMUST00000205304.2|ENSMUST00000048655.8	ENSMUST00000205304.2	1	65
peptide_0eed1bbc62f74cfa7e1d07c58d963f471000b862c1745bf0a243a67478be4fd6	control_a71a60babd1f421d6990cd5bcdaab0b5c7ba0de13c2deee562f9e4ae6bd78b62	Ankrd33b:Chd4|ENSMUST00000044324.9|ENSMUST00000056889.15	ENSMUST00000044324.9	1	118
peptide_0f46e2e20268e8213050283ed394c6260f80b22b9be29c54812e686fa80a2c5e	control_a4382c9d8fdd703487544ee1c349df14444e92b8e3ed64705e3671cc5e667c58	Ric1:Ppcdc|ENSMUST00000043610.13|ENSMUST00000214144.2	ENSMUST00000043610.13	1	48
peptide_0f76130f33d338e14b3b5117353deaf5b91ec6206918d4a00918e824b7ec622f	control_df58affaf9c7487b2d56778127f702804cf36fa8891e34d7d19a32ddaedec340	Clcn7:Psmb9|ENSMUST00000040729.9|ENSMUST00000237228.2	ENSMUST00000040729.9	1	325
peptide_0f7f45d5c36a29f25c2746f5acc161f566aa180ddc1379e8ee6c9a4f41929a47	control_f6e6411f8561b31f7c295b1654852c962c6b90860cf7c57070525812ce80d8bd	Fubp1:Pgd|ENSMUST00000196739.5|ENSMUST00000084124.7	ENSMUST00000196739.5	1	638
peptide_109e7f01a1a79fcc98961fad71f59168a842b05374a944a51b16ea8d23b8b352	control_155aa1ad0e2c9d4472a01e2346e2973d96588707db40e4f338a02a919ba77d61	Ankfy1:Ube2g1|ENSMUST00000127610.8|ENSMUST00000021148.13	ENSMUST00000127610.8	1	107
peptide_10d6938ce9d79357ec6ce654a2ae3c7a7f62c2bd343ec5faad8716a87226fd8e	control_93a585822409b0c8fd53dd83c2aacbc9fe96f7b816a174b0304582892dfc621a	Itgav:AI182371|ENSMUST00000111740.9|ENSMUST00000151161.2	ENSMUST00000111740.9	1	216
