domain_id	job_id	peptide_id	sequence_sha256	protocol_id	role	seed	pfam_accessions	start_residue_1based	end_residue_1based	length_aa	fraction_plddt_ge70	gate_status	source_coordinate	source_coordinate_sha256	source_confidence_sha256	extracted_pdb	extracted_pdb_sha256	cluster_id
domain_f7a4fa15e6ae1289c162ba02	protein_f0766d124b52f0061597ce4e822e9275a04152df574f9a512631a0fa6ed8a2fa_precomputed_seed20260919	peptide_f0766d124b52f0061597ce4e822e9275a04152df574f9a512631a0fa6ed8a2fa	f0766d124b52f0061597ce4e822e9275a04152df574f9a512631a0fa6ed8a2fa	boltz2_2.2.1_precomputed	sensitivity	20260919	PF04598.18	4	77	74	0.0	insufficient_local_confidence	results/structure_campaign/compute/models/protein_f0766d124b52f0061597ce4e822e9275a04152df574f9a512631a0fa6ed8a2fa_precomputed_seed20260919/model.cif	d2b318e1f2ab28d8ef75df7e336b7022b583a608a9ca452685df7765a4421049	8e89453d72b8212c4ce5f9c9d396a50b64abc276d46318375e1df2e984c65ed3			
domain_f6f882076399ea3eadd89b81	protein_00fb8657255fb894315401cecb9ab9e3047ef7b3d1f0d35d357663269780201c_single_sequence_seed20260919	peptide_00fb8657255fb894315401cecb9ab9e3047ef7b3d1f0d35d357663269780201c	00fb8657255fb894315401cecb9ab9e3047ef7b3d1f0d35d357663269780201c	boltz2_2.2.1_single_sequence	sensitivity	20260919	PF01423.29	9	42	34	0.5	span_below_50aa	results/structure_campaign/compute/single_sequence_deepdive/models/protein_00fb8657255fb894315401cecb9ab9e3047ef7b3d1f0d35d357663269780201c_single_sequence_seed20260919/model.cif	2548993c9bccce6b20f3b247535badd453bbf59c336e3298ed3ca3f978fb980f	54bd36033bc1a3517d2e8631c0c227380c445bc512777f17b33f6f81b56e42fa			
domain_d6e5003bcf290f4aad0c97eb	protein_06a47ea8fb14decf2e1f83ce3d7b3bc9900a29ed89cc722332a43a369472b176_single_sequence_seed20260919	peptide_06a47ea8fb14decf2e1f83ce3d7b3bc9900a29ed89cc722332a43a369472b176	06a47ea8fb14decf2e1f83ce3d7b3bc9900a29ed89cc722332a43a369472b176	boltz2_2.2.1_single_sequence	sensitivity	20260919	PF21236.4	87	154	68	0.0	insufficient_local_confidence	results/structure_campaign/compute/single_sequence_deepdive/models/protein_06a47ea8fb14decf2e1f83ce3d7b3bc9900a29ed89cc722332a43a369472b176_single_sequence_seed20260919/model.cif	4bb11f01d285e3160ba66e566159988df59bf5c379517b2e13df7d0adc99fced	bd09c39fb92c08d389c1cdb5fb575e52c55b2fbcde046d82f47e8e0e458fd726			
domain_0be5b667eecbed87fbdb6a47	protein_06a47ea8fb14decf2e1f83ce3d7b3bc9900a29ed89cc722332a43a369472b176_single_sequence_seed20260919	peptide_06a47ea8fb14decf2e1f83ce3d7b3bc9900a29ed89cc722332a43a369472b176	06a47ea8fb14decf2e1f83ce3d7b3bc9900a29ed89cc722332a43a369472b176	boltz2_2.2.1_single_sequence	sensitivity	20260919	PF00004.36	212	284	73	0.0	insufficient_local_confidence	results/structure_campaign/compute/single_sequence_deepdive/models/protein_06a47ea8fb14decf2e1f83ce3d7b3bc9900a29ed89cc722332a43a369472b176_single_sequence_seed20260919/model.cif	4bb11f01d285e3160ba66e566159988df59bf5c379517b2e13df7d0adc99fced	bd09c39fb92c08d389c1cdb5fb575e52c55b2fbcde046d82f47e8e0e458fd726			
domain_1035e0a4d92871eb42bf3cb4	protein_101700281cde078bee94b7382d6e603a4babf7b2c6c73ebf43d4a469d59c79f5_single_sequence_seed20260919	peptide_101700281cde078bee94b7382d6e603a4babf7b2c6c73ebf43d4a469d59c79f5	101700281cde078bee94b7382d6e603a4babf7b2c6c73ebf43d4a469d59c79f5	boltz2_2.2.1_single_sequence	sensitivity	20260919	PF16880.11	24	56	33	0.0	span_below_50aa	results/structure_campaign/compute/single_sequence_full/models/protein_101700281cde078bee94b7382d6e603a4babf7b2c6c73ebf43d4a469d59c79f5_single_sequence_seed20260919/model.cif	6be1b8be24c5c6e4f451d2aef4de37e3b7a705dae1f290d96a5cc7ad32c1d983	13e60249d6a429227651528fa6411abce6fca1090fefd306c3e7a94ad0a1a78f			
domain_ea164432cfa509e42a4355ae	protein_101700281cde078bee94b7382d6e603a4babf7b2c6c73ebf43d4a469d59c79f5_single_sequence_seed20260919	peptide_101700281cde078bee94b7382d6e603a4babf7b2c6c73ebf43d4a469d59c79f5	101700281cde078bee94b7382d6e603a4babf7b2c6c73ebf43d4a469d59c79f5	boltz2_2.2.1_single_sequence	sensitivity	20260919	PF00350.30	61	139	79	0.0	insufficient_local_confidence	results/structure_campaign/compute/single_sequence_full/models/protein_101700281cde078bee94b7382d6e603a4babf7b2c6c73ebf43d4a469d59c79f5_single_sequence_seed20260919/model.cif	6be1b8be24c5c6e4f451d2aef4de37e3b7a705dae1f290d96a5cc7ad32c1d983	13e60249d6a429227651528fa6411abce6fca1090fefd306c3e7a94ad0a1a78f			
domain_0288ceca4d60fabd99bc9b2b	protein_1148a09617eba2312e87a99c5e199bf30521982cb6c30cc7354ca5f31aa604ee_single_sequence_seed20260919	peptide_1148a09617eba2312e87a99c5e199bf30521982cb6c30cc7354ca5f31aa604ee	1148a09617eba2312e87a99c5e199bf30521982cb6c30cc7354ca5f31aa604ee	boltz2_2.2.1_single_sequence	sensitivity	20260919	PF11934.14	109	220	112	0.0	insufficient_local_confidence	results/structure_campaign/compute/single_sequence_full/models/protein_1148a09617eba2312e87a99c5e199bf30521982cb6c30cc7354ca5f31aa604ee_single_sequence_seed20260919/model.cif	1fed87a7f406f3ef12107358c2bdeacc90f9a608b7196b222c97940e51d9de8e	2e27ec8702e64ea87ac8d263dd59493f40f64cfb620adb06cdf875c914aa48b6			
domain_6cfa329e009bf7801d071273	protein_1148a09617eba2312e87a99c5e199bf30521982cb6c30cc7354ca5f31aa604ee_single_sequence_seed20260919	peptide_1148a09617eba2312e87a99c5e199bf30521982cb6c30cc7354ca5f31aa604ee	1148a09617eba2312e87a99c5e199bf30521982cb6c30cc7354ca5f31aa604ee	boltz2_2.2.1_single_sequence	sensitivity	20260919	PF01858.23	367	559	193	0.0	insufficient_local_confidence	results/structure_campaign/compute/single_sequence_full/models/protein_1148a09617eba2312e87a99c5e199bf30521982cb6c30cc7354ca5f31aa604ee_single_sequence_seed20260919/model.cif	1fed87a7f406f3ef12107358c2bdeacc90f9a608b7196b222c97940e51d9de8e	2e27ec8702e64ea87ac8d263dd59493f40f64cfb620adb06cdf875c914aa48b6			
domain_6a88a1c22d709abf4ba9ee02	protein_1148a09617eba2312e87a99c5e199bf30521982cb6c30cc7354ca5f31aa604ee_single_sequence_seed20260919	peptide_1148a09617eba2312e87a99c5e199bf30521982cb6c30cc7354ca5f31aa604ee	1148a09617eba2312e87a99c5e199bf30521982cb6c30cc7354ca5f31aa604ee	boltz2_2.2.1_single_sequence	sensitivity	20260919	PF04089.20	660	750	91	0.0	insufficient_local_confidence	results/structure_campaign/compute/single_sequence_full/models/protein_1148a09617eba2312e87a99c5e199bf30521982cb6c30cc7354ca5f31aa604ee_single_sequence_seed20260919/model.cif	1fed87a7f406f3ef12107358c2bdeacc90f9a608b7196b222c97940e51d9de8e	2e27ec8702e64ea87ac8d263dd59493f40f64cfb620adb06cdf875c914aa48b6			
domain_388b81a5a5384886ae42937d	protein_13af641587610835ccf13231157fe90ef6e91f0485fa14f7ec5a46506b5a8823_single_sequence_seed20260919	control_13af641587610835ccf13231157fe90ef6e91f0485fa14f7ec5a46506b5a8823	13af641587610835ccf13231157fe90ef6e91f0485fa14f7ec5a46506b5a8823	boltz2_2.2.1_single_sequence	control	20260919	PF03165.23	31	68	38	0.0	span_below_50aa	results/structure_campaign/compute/single_sequence_full/models/protein_13af641587610835ccf13231157fe90ef6e91f0485fa14f7ec5a46506b5a8823_single_sequence_seed20260919/model.cif	fb613c19ac94448374513dcea1b86a247ab59ef0222030d1fb87b8dffa381da7	358c9231fcf66838762cb945f1080665e3156ce4f6ccb2bc4ad8d01d0bfe359f			
domain_121751f2565c7d327cb68914	protein_19394e5c359c5a82b8cb1bd0ed1fa1b68fb38f6139c5c1acdf5b19900a03299a_single_sequence_seed20260919	peptide_19394e5c359c5a82b8cb1bd0ed1fa1b68fb38f6139c5c1acdf5b19900a03299a	19394e5c359c5a82b8cb1bd0ed1fa1b68fb38f6139c5c1acdf5b19900a03299a	boltz2_2.2.1_single_sequence	sensitivity	20260919	PF00071.29	5	38	34	0.0	span_below_50aa	results/structure_campaign/compute/single_sequence_full/models/protein_19394e5c359c5a82b8cb1bd0ed1fa1b68fb38f6139c5c1acdf5b19900a03299a_single_sequence_seed20260919/model.cif	7058e2312efef53f076d9077add5f9e225f0ffeb8b362eb29be0dd7f92240831	07e592175858a236389a3b7290376e66691f3d34c1e9c0ead05bf61261e875d5			
domain_d1438d4758dc66ba013cd99e	protein_19394e5c359c5a82b8cb1bd0ed1fa1b68fb38f6139c5c1acdf5b19900a03299a_single_sequence_seed20260919	peptide_19394e5c359c5a82b8cb1bd0ed1fa1b68fb38f6139c5c1acdf5b19900a03299a	19394e5c359c5a82b8cb1bd0ed1fa1b68fb38f6139c5c1acdf5b19900a03299a	boltz2_2.2.1_single_sequence	sensitivity	20260919	PF03134.25	37	96	60	0.0	insufficient_local_confidence	results/structure_campaign/compute/single_sequence_full/models/protein_19394e5c359c5a82b8cb1bd0ed1fa1b68fb38f6139c5c1acdf5b19900a03299a_single_sequence_seed20260919/model.cif	7058e2312efef53f076d9077add5f9e225f0ffeb8b362eb29be0dd7f92240831	07e592175858a236389a3b7290376e66691f3d34c1e9c0ead05bf61261e875d5			
domain_1506c8b9e849b662a9a8eadb	protein_1bb99356d918b0fbaa9b069fdeb691f9390e078bfa32068a8186f372bbfd91a3_single_sequence_seed20260919	control_1bb99356d918b0fbaa9b069fdeb691f9390e078bfa32068a8186f372bbfd91a3	1bb99356d918b0fbaa9b069fdeb691f9390e078bfa32068a8186f372bbfd91a3	boltz2_2.2.1_single_sequence	control	20260919	PF04201.21	8	115	108	0.18518518518518517	insufficient_local_confidence	results/structure_campaign/compute/single_sequence_full/models/protein_1bb99356d918b0fbaa9b069fdeb691f9390e078bfa32068a8186f372bbfd91a3_single_sequence_seed20260919/model.cif	1eefb35a221e9df501fef7663e16b1f8740402867c75ba2372c51e4afccee56c	7fad839579981a138d9a549818df67e28989c3a7b698acbc23b66266df1c0170			
domain_22c3eb7c10e7ad4e568deb17	protein_2f5ccec75975e3c6f577920bce8d2353c43c2083ced5a445cd4306874aa49f96_single_sequence_seed20260919	peptide_2f5ccec75975e3c6f577920bce8d2353c43c2083ced5a445cd4306874aa49f96	2f5ccec75975e3c6f577920bce8d2353c43c2083ced5a445cd4306874aa49f96	boltz2_2.2.1_single_sequence	sensitivity	20260919	PF08477.20	10	42	33	0.3333333333333333	span_below_50aa	results/structure_campaign/compute/single_sequence_full/models/protein_2f5ccec75975e3c6f577920bce8d2353c43c2083ced5a445cd4306874aa49f96_single_sequence_seed20260919/model.cif	440cb3bc9f2958a2ec69612493976873f2a4e9df5606b165093f5f5da3068224	fb9e6dd8fd06565391f64e9512397d458ec0427b392bc079fdf9f55797109949			
domain_8f277ed0dc337360ef5d1a53	protein_2f5ccec75975e3c6f577920bce8d2353c43c2083ced5a445cd4306874aa49f96_single_sequence_seed20260919	peptide_2f5ccec75975e3c6f577920bce8d2353c43c2083ced5a445cd4306874aa49f96	2f5ccec75975e3c6f577920bce8d2353c43c2083ced5a445cd4306874aa49f96	boltz2_2.2.1_single_sequence	sensitivity	20260919	PF00071.29	10	43	34	0.3235294117647059	span_below_50aa	results/structure_campaign/compute/single_sequence_full/models/protein_2f5ccec75975e3c6f577920bce8d2353c43c2083ced5a445cd4306874aa49f96_single_sequence_seed20260919/model.cif	440cb3bc9f2958a2ec69612493976873f2a4e9df5606b165093f5f5da3068224	fb9e6dd8fd06565391f64e9512397d458ec0427b392bc079fdf9f55797109949			
domain_c97c1b47861e58dae680bc9e	protein_2fd568c243ae5fc146a0c3231fbaef7e40cf01dbf9a2cc5cea6ca2f10c9a8f54_single_sequence_seed20260919	peptide_2fd568c243ae5fc146a0c3231fbaef7e40cf01dbf9a2cc5cea6ca2f10c9a8f54	2fd568c243ae5fc146a0c3231fbaef7e40cf01dbf9a2cc5cea6ca2f10c9a8f54	boltz2_2.2.1_single_sequence	sensitivity	20260919	PF16660.11	151	246	96	0.0	insufficient_local_confidence	results/structure_campaign/compute/single_sequence_deepdive/models/protein_2fd568c243ae5fc146a0c3231fbaef7e40cf01dbf9a2cc5cea6ca2f10c9a8f54_single_sequence_seed20260919/model.cif	5c0dd4bd6626e6099157b35a84aa2248ac4dac4928512acd75216e3534021de8	561c67a2959da2557dead24603ae2503bb3941d7a0a530a838f3b66a9269cb50			
domain_7380833608552f101f1a529c	protein_345129754ff0ccc173929ddf22b27736775c4329d5023cd85485e4a3b98d6af1_single_sequence_seed20260919	control_345129754ff0ccc173929ddf22b27736775c4329d5023cd85485e4a3b98d6af1	345129754ff0ccc173929ddf22b27736775c4329d5023cd85485e4a3b98d6af1	boltz2_2.2.1_single_sequence	control	20260919	PF03972.20	8	150	143	0.0	insufficient_local_confidence	results/structure_campaign/compute/single_sequence_full/models/protein_345129754ff0ccc173929ddf22b27736775c4329d5023cd85485e4a3b98d6af1_single_sequence_seed20260919/model.cif	77a168ed221ae2e13b5e05579a88094a479698f84759d32d4fa3eb237aa6a315	c7b7451c84c08bb7831895189190adb171204e2bb4ae323c429b7180021d8cd1			
domain_30b3a41b15d8d77a65ed92b7	protein_4d8da7a249b8e2edf2d48ecc95d93eb6898532d6e07ed982fec0fc4c9c14e12a_single_sequence_seed20260919	control_4d8da7a249b8e2edf2d48ecc95d93eb6898532d6e07ed982fec0fc4c9c14e12a	4d8da7a249b8e2edf2d48ecc95d93eb6898532d6e07ed982fec0fc4c9c14e12a	boltz2_2.2.1_single_sequence	control	20260919	PF00025.28	6	176	171	0.7719298245614035	insufficient_local_confidence	results/structure_campaign/compute/single_sequence_full/models/protein_4d8da7a249b8e2edf2d48ecc95d93eb6898532d6e07ed982fec0fc4c9c14e12a_single_sequence_seed20260919/model.cif	3b316b96ff5023dd74671c36c2fe3e68e8b19222066aa319811e555234179339	416a8556e388edb9827efbb954c3cf1986956d26080e89f04e26dfc07c76a532			
domain_56a7f76e5642fdd2764f6c53	protein_4d8da7a249b8e2edf2d48ecc95d93eb6898532d6e07ed982fec0fc4c9c14e12a_single_sequence_seed20260919	control_4d8da7a249b8e2edf2d48ecc95d93eb6898532d6e07ed982fec0fc4c9c14e12a	4d8da7a249b8e2edf2d48ecc95d93eb6898532d6e07ed982fec0fc4c9c14e12a	boltz2_2.2.1_single_sequence	control	20260919	PF09439.17	16	143	128	0.796875	insufficient_local_confidence	results/structure_campaign/compute/single_sequence_full/models/protein_4d8da7a249b8e2edf2d48ecc95d93eb6898532d6e07ed982fec0fc4c9c14e12a_single_sequence_seed20260919/model.cif	3b316b96ff5023dd74671c36c2fe3e68e8b19222066aa319811e555234179339	416a8556e388edb9827efbb954c3cf1986956d26080e89f04e26dfc07c76a532			
domain_a8218bce72513fba2e54134d	protein_4d8da7a249b8e2edf2d48ecc95d93eb6898532d6e07ed982fec0fc4c9c14e12a_single_sequence_seed20260919	control_4d8da7a249b8e2edf2d48ecc95d93eb6898532d6e07ed982fec0fc4c9c14e12a	4d8da7a249b8e2edf2d48ecc95d93eb6898532d6e07ed982fec0fc4c9c14e12a	boltz2_2.2.1_single_sequence	control	20260919	PF01926.30	19	124	106	0.7735849056603774	insufficient_local_confidence	results/structure_campaign/compute/single_sequence_full/models/protein_4d8da7a249b8e2edf2d48ecc95d93eb6898532d6e07ed982fec0fc4c9c14e12a_single_sequence_seed20260919/model.cif	3b316b96ff5023dd74671c36c2fe3e68e8b19222066aa319811e555234179339	416a8556e388edb9827efbb954c3cf1986956d26080e89f04e26dfc07c76a532			
domain_1b040bcdb346eccdfa5e4190	protein_4d8da7a249b8e2edf2d48ecc95d93eb6898532d6e07ed982fec0fc4c9c14e12a_single_sequence_seed20260919	control_4d8da7a249b8e2edf2d48ecc95d93eb6898532d6e07ed982fec0fc4c9c14e12a	4d8da7a249b8e2edf2d48ecc95d93eb6898532d6e07ed982fec0fc4c9c14e12a	boltz2_2.2.1_single_sequence	control	20260919	PF08477.20	19	129	111	0.7837837837837838	insufficient_local_confidence	results/structure_campaign/compute/single_sequence_full/models/protein_4d8da7a249b8e2edf2d48ecc95d93eb6898532d6e07ed982fec0fc4c9c14e12a_single_sequence_seed20260919/model.cif	3b316b96ff5023dd74671c36c2fe3e68e8b19222066aa319811e555234179339	416a8556e388edb9827efbb954c3cf1986956d26080e89f04e26dfc07c76a532			
domain_1a42dd46f636ed90ba8e4bc2	protein_4d8da7a249b8e2edf2d48ecc95d93eb6898532d6e07ed982fec0fc4c9c14e12a_single_sequence_seed20260919	control_4d8da7a249b8e2edf2d48ecc95d93eb6898532d6e07ed982fec0fc4c9c14e12a	4d8da7a249b8e2edf2d48ecc95d93eb6898532d6e07ed982fec0fc4c9c14e12a	boltz2_2.2.1_single_sequence	control	20260919	PF04670.19	19	141	123	0.8048780487804879	qualified	results/structure_campaign/compute/single_sequence_full/models/protein_4d8da7a249b8e2edf2d48ecc95d93eb6898532d6e07ed982fec0fc4c9c14e12a_single_sequence_seed20260919/model.cif	3b316b96ff5023dd74671c36c2fe3e68e8b19222066aa319811e555234179339	416a8556e388edb9827efbb954c3cf1986956d26080e89f04e26dfc07c76a532	results/structure_campaign/diversity/snapshots/8a5ae8c8c9cbc370/72950160dea7/domains/domain_1a42dd46f636ed90ba8e4bc2.pdb	e0e26020c82014055d0eec9086dc5bd7e066b888c2e94d5f5232b5c5b9674ea2	cluster_a1c924d81ffe5eb16151
domain_50432456cbfbc364d5ce67e0	protein_4d8da7a249b8e2edf2d48ecc95d93eb6898532d6e07ed982fec0fc4c9c14e12a_single_sequence_seed20260919	control_4d8da7a249b8e2edf2d48ecc95d93eb6898532d6e07ed982fec0fc4c9c14e12a	4d8da7a249b8e2edf2d48ecc95d93eb6898532d6e07ed982fec0fc4c9c14e12a	boltz2_2.2.1_single_sequence	control	20260919	PF00071.29	19	168	150	0.82	qualified	results/structure_campaign/compute/single_sequence_full/models/protein_4d8da7a249b8e2edf2d48ecc95d93eb6898532d6e07ed982fec0fc4c9c14e12a_single_sequence_seed20260919/model.cif	3b316b96ff5023dd74671c36c2fe3e68e8b19222066aa319811e555234179339	416a8556e388edb9827efbb954c3cf1986956d26080e89f04e26dfc07c76a532	results/structure_campaign/diversity/snapshots/8a5ae8c8c9cbc370/72950160dea7/domains/domain_50432456cbfbc364d5ce67e0.pdb	94e8808006690e690af6a13073bd4cb498d9da66ccfcd67503bb90697f15170b	cluster_a1c924d81ffe5eb16151
domain_deecbfaaa7e5789d18543ec1	protein_5e0a55ceea7aa5596a1130b2f7a693b8a52acf6bf2ac12e69951ade5c9fb2d52_single_sequence_seed20260919	peptide_5e0a55ceea7aa5596a1130b2f7a693b8a52acf6bf2ac12e69951ade5c9fb2d52	5e0a55ceea7aa5596a1130b2f7a693b8a52acf6bf2ac12e69951ade5c9fb2d52	boltz2_2.2.1_single_sequence	sensitivity	20260919	PF00554.28	42	84	43	0.0	span_below_50aa	results/structure_campaign/compute/single_sequence_full/models/protein_5e0a55ceea7aa5596a1130b2f7a693b8a52acf6bf2ac12e69951ade5c9fb2d52_single_sequence_seed20260919/model.cif	53855436930b5d4160507470b1ef2fb825dbaffac42ad8bc4866b68cff5bb547	42f8d4bfe3531aa8179bfa734c34ae3e64af7ee675964a36cab62db35ae40a05			
domain_e6b8d48ce134f0e344922466	protein_61a6c306c0a882793e9a0eb0f38e9dffb4ad15d1ae413e718969b8f43c6e86e4_single_sequence_seed20260919	control_61a6c306c0a882793e9a0eb0f38e9dffb4ad15d1ae413e718969b8f43c6e86e4	61a6c306c0a882793e9a0eb0f38e9dffb4ad15d1ae413e718969b8f43c6e86e4	boltz2_2.2.1_single_sequence	control	20260919	PF02225.28	72	149	78	0.0	insufficient_local_confidence	results/structure_campaign/compute/single_sequence_full/models/protein_61a6c306c0a882793e9a0eb0f38e9dffb4ad15d1ae413e718969b8f43c6e86e4_single_sequence_seed20260919/model.cif	605278496be89e0416ee49eadaa437abe127b4110c141f553cb7ffd3744f8554	ae1f2c43ef00df6639767fa8c6f6e1ff54892f89acac3fd236ba61ede14d039b			
domain_315da2ae6fee60e0caeb067d	protein_61dbcd41ff74ad3f3b63240c13327fee06c0feb5d06fe4cf72c1220d5d18bb06_single_sequence_seed20260919	peptide_61dbcd41ff74ad3f3b63240c13327fee06c0feb5d06fe4cf72c1220d5d18bb06	61dbcd41ff74ad3f3b63240c13327fee06c0feb5d06fe4cf72c1220d5d18bb06	boltz2_2.2.1_single_sequence	sensitivity	20260919	PF20825.3	40	132	93	0.08602150537634409	insufficient_local_confidence	results/structure_campaign/compute/single_sequence_full/models/protein_61dbcd41ff74ad3f3b63240c13327fee06c0feb5d06fe4cf72c1220d5d18bb06_single_sequence_seed20260919/model.cif	371b3ec216039813611c629c68731e81d9253f21259d1a511f1683eb0039efaa	ae5e4ebb9d372bbd6b317f5915a3c982bb017650fba01e9610172015db25827e			
domain_f34bba1f648b7ca4ec75f2c8	protein_61dbcd41ff74ad3f3b63240c13327fee06c0feb5d06fe4cf72c1220d5d18bb06_single_sequence_seed20260919	peptide_61dbcd41ff74ad3f3b63240c13327fee06c0feb5d06fe4cf72c1220d5d18bb06	61dbcd41ff74ad3f3b63240c13327fee06c0feb5d06fe4cf72c1220d5d18bb06	boltz2_2.2.1_single_sequence	sensitivity	20260919	PF03489.23	81	113	33	0.09090909090909091	span_below_50aa	results/structure_campaign/compute/single_sequence_full/models/protein_61dbcd41ff74ad3f3b63240c13327fee06c0feb5d06fe4cf72c1220d5d18bb06_single_sequence_seed20260919/model.cif	371b3ec216039813611c629c68731e81d9253f21259d1a511f1683eb0039efaa	ae5e4ebb9d372bbd6b317f5915a3c982bb017650fba01e9610172015db25827e			
domain_f255c2f4d5e4927193722a83	protein_6ae36d8a89ac3ac04b43b02983f3cb8994037ee6cadc0be1d50523eaca3430e4_single_sequence_seed20260919	peptide_6ae36d8a89ac3ac04b43b02983f3cb8994037ee6cadc0be1d50523eaca3430e4	6ae36d8a89ac3ac04b43b02983f3cb8994037ee6cadc0be1d50523eaca3430e4	boltz2_2.2.1_single_sequence	sensitivity	20260919	PF00227.32	34	144	111	0.0	insufficient_local_confidence	results/structure_campaign/compute/single_sequence_full/models/protein_6ae36d8a89ac3ac04b43b02983f3cb8994037ee6cadc0be1d50523eaca3430e4_single_sequence_seed20260919/model.cif	8f9a49d9f516dfc8b69388467a7961d2a337ef212939ef2023b31bc5f8be43fa	585e6475b11f4b27b4ad6148a5d04ece3055ad4eaa0039be069f781bfe360b84			
domain_e01d1281bad0bb6ab9107699	protein_6de3b695e6fb7625fb0b645afd1d9dbcedf1ea280f2faf93d7ebafbd589a09ef_single_sequence_seed20260919	peptide_6de3b695e6fb7625fb0b645afd1d9dbcedf1ea280f2faf93d7ebafbd589a09ef	6de3b695e6fb7625fb0b645afd1d9dbcedf1ea280f2faf93d7ebafbd589a09ef	boltz2_2.2.1_single_sequence	sensitivity	20260919	PF02225.28	72	149	78	0.0	insufficient_local_confidence	results/structure_campaign/compute/single_sequence_full/models/protein_6de3b695e6fb7625fb0b645afd1d9dbcedf1ea280f2faf93d7ebafbd589a09ef_single_sequence_seed20260919/model.cif	ae96a15e0324c69bdef9f4295c282cd717d429dddc252ccd71754924ab3bc843	4a83d4a018beead8a34e4ab2ff4c2a07d13f9186a5db05e96e2d8e4c12c2c492			
domain_830844b2aca69124ecee5186	protein_6de3b695e6fb7625fb0b645afd1d9dbcedf1ea280f2faf93d7ebafbd589a09ef_single_sequence_seed20260919	peptide_6de3b695e6fb7625fb0b645afd1d9dbcedf1ea280f2faf93d7ebafbd589a09ef	6de3b695e6fb7625fb0b645afd1d9dbcedf1ea280f2faf93d7ebafbd589a09ef	boltz2_2.2.1_single_sequence	sensitivity	20260919	PF00227.32	152	260	109	0.08256880733944955	insufficient_local_confidence	results/structure_campaign/compute/single_sequence_full/models/protein_6de3b695e6fb7625fb0b645afd1d9dbcedf1ea280f2faf93d7ebafbd589a09ef_single_sequence_seed20260919/model.cif	ae96a15e0324c69bdef9f4295c282cd717d429dddc252ccd71754924ab3bc843	4a83d4a018beead8a34e4ab2ff4c2a07d13f9186a5db05e96e2d8e4c12c2c492			
domain_e7819ddecdd79ee2b2310045	protein_70b1ed4ba81a68375cfb42e68d1af3b9cf1105b34faaa49a883b93a8bfa81b6c_single_sequence_seed20260919	peptide_70b1ed4ba81a68375cfb42e68d1af3b9cf1105b34faaa49a883b93a8bfa81b6c	70b1ed4ba81a68375cfb42e68d1af3b9cf1105b34faaa49a883b93a8bfa81b6c	boltz2_2.2.1_single_sequence	sensitivity	20260919	PF00071.29	5	37	33	0.0	span_below_50aa	results/structure_campaign/compute/single_sequence_full/models/protein_70b1ed4ba81a68375cfb42e68d1af3b9cf1105b34faaa49a883b93a8bfa81b6c_single_sequence_seed20260919/model.cif	c6313f04bc82f3440fd1903c6dd87618b622bb5a26e1b30bdc80e4c7066ad1e4	af613d4aad283e4a67e2318588f9a31bfe55e30d5943f8265e636d00b25266ca			
domain_c3833bfd3dc7a6d1355d52cd	protein_70b1ed4ba81a68375cfb42e68d1af3b9cf1105b34faaa49a883b93a8bfa81b6c_single_sequence_seed20260919	peptide_70b1ed4ba81a68375cfb42e68d1af3b9cf1105b34faaa49a883b93a8bfa81b6c	70b1ed4ba81a68375cfb42e68d1af3b9cf1105b34faaa49a883b93a8bfa81b6c	boltz2_2.2.1_single_sequence	sensitivity	20260919	PF03134.25	37	109	73	0.0	insufficient_local_confidence	results/structure_campaign/compute/single_sequence_full/models/protein_70b1ed4ba81a68375cfb42e68d1af3b9cf1105b34faaa49a883b93a8bfa81b6c_single_sequence_seed20260919/model.cif	c6313f04bc82f3440fd1903c6dd87618b622bb5a26e1b30bdc80e4c7066ad1e4	af613d4aad283e4a67e2318588f9a31bfe55e30d5943f8265e636d00b25266ca			
domain_165229c7321ec9cfc320e99d	protein_7153a9988f10e3f16ef9401be9c3ebf0e792e0075a0738bde80362e44019b419_single_sequence_seed20260919	peptide_7153a9988f10e3f16ef9401be9c3ebf0e792e0075a0738bde80362e44019b419	7153a9988f10e3f16ef9401be9c3ebf0e792e0075a0738bde80362e44019b419	boltz2_2.2.1_single_sequence	sensitivity	20260919	PF13520.13	39	170	132	0.0	insufficient_local_confidence	results/structure_campaign/compute/single_sequence_full/models/protein_7153a9988f10e3f16ef9401be9c3ebf0e792e0075a0738bde80362e44019b419_single_sequence_seed20260919/model.cif	641b78d548c3f8a8579187318fada550be9845d0e55e53e39984640db774a9d2	26e5b4324f7cc64c6c231c69e84181a623e9b3c5f2b11252bc068017345b6cab			
domain_5156ce6b9573fb0b25892e35	protein_7153a9988f10e3f16ef9401be9c3ebf0e792e0075a0738bde80362e44019b419_single_sequence_seed20260919	peptide_7153a9988f10e3f16ef9401be9c3ebf0e792e0075a0738bde80362e44019b419	7153a9988f10e3f16ef9401be9c3ebf0e792e0075a0738bde80362e44019b419	boltz2_2.2.1_single_sequence	sensitivity	20260919	PF00324.28	47	145	99	0.0	insufficient_local_confidence	results/structure_campaign/compute/single_sequence_full/models/protein_7153a9988f10e3f16ef9401be9c3ebf0e792e0075a0738bde80362e44019b419_single_sequence_seed20260919/model.cif	641b78d548c3f8a8579187318fada550be9845d0e55e53e39984640db774a9d2	26e5b4324f7cc64c6c231c69e84181a623e9b3c5f2b11252bc068017345b6cab			
domain_50f1fb29684bc706cc38c9ec	protein_7153a9988f10e3f16ef9401be9c3ebf0e792e0075a0738bde80362e44019b419_single_sequence_seed20260919	peptide_7153a9988f10e3f16ef9401be9c3ebf0e792e0075a0738bde80362e44019b419	7153a9988f10e3f16ef9401be9c3ebf0e792e0075a0738bde80362e44019b419	boltz2_2.2.1_single_sequence	sensitivity	20260919	PF01227.28	172	303	132	0.0	insufficient_local_confidence	results/structure_campaign/compute/single_sequence_full/models/protein_7153a9988f10e3f16ef9401be9c3ebf0e792e0075a0738bde80362e44019b419_single_sequence_seed20260919/model.cif	641b78d548c3f8a8579187318fada550be9845d0e55e53e39984640db774a9d2	26e5b4324f7cc64c6c231c69e84181a623e9b3c5f2b11252bc068017345b6cab			
domain_b3aed181a7a0044c98d254a0	protein_74500f70e6a9f3f7e33db93e70c8610c8c7af7704f8522687bc26abc4cd3eb18_single_sequence_seed20260919	peptide_74500f70e6a9f3f7e33db93e70c8610c8c7af7704f8522687bc26abc4cd3eb18	74500f70e6a9f3f7e33db93e70c8610c8c7af7704f8522687bc26abc4cd3eb18	boltz2_2.2.1_single_sequence	sensitivity	20260919	PF00129.24	22	200	179	0.49162011173184356	insufficient_local_confidence	results/structure_campaign/compute/single_sequence_full/models/protein_74500f70e6a9f3f7e33db93e70c8610c8c7af7704f8522687bc26abc4cd3eb18_single_sequence_seed20260919/model.cif	877ff198e18f7193f78b250eee30ac8545aa0331264428721f9aa48a90c8ef16	6ebd1c51f5e6047b64b9cf9219a7e747e1420397e00a8e1bc79510ddf4663f3e			
domain_c52505ed6597f48577200e77	protein_7b0d5d3c3a31c1168531049ad5eb4bf68c7070067b6a2cd48ed4f7d87f40e85a_single_sequence_seed20260919	peptide_7b0d5d3c3a31c1168531049ad5eb4bf68c7070067b6a2cd48ed4f7d87f40e85a	7b0d5d3c3a31c1168531049ad5eb4bf68c7070067b6a2cd48ed4f7d87f40e85a	boltz2_2.2.1_single_sequence	sensitivity	20260919	PF00520.38	126	416	291	0.8556701030927835	qualified	results/structure_campaign/compute/single_sequence_full/models/protein_7b0d5d3c3a31c1168531049ad5eb4bf68c7070067b6a2cd48ed4f7d87f40e85a_single_sequence_seed20260919/model.cif	a108693b9c357d670a8e04cabf73776b47335f3e791d0d2cf9584b8ee16ad40c	8694a9e29cedcc62d1e446aaae0daf7513ec675c5d534bb289370c98f7c3a91c	results/structure_campaign/diversity/snapshots/8a5ae8c8c9cbc370/72950160dea7/domains/domain_c52505ed6597f48577200e77.pdb	0137cf0f097e2e869c21af3ca1be45c01d0b075ee5a775102e43b8645874f438	cluster_d21c3659e7677c2b6db9
domain_f4ba46069a4655e235980e23	protein_7b0d5d3c3a31c1168531049ad5eb4bf68c7070067b6a2cd48ed4f7d87f40e85a_single_sequence_seed20260919	peptide_7b0d5d3c3a31c1168531049ad5eb4bf68c7070067b6a2cd48ed4f7d87f40e85a	7b0d5d3c3a31c1168531049ad5eb4bf68c7070067b6a2cd48ed4f7d87f40e85a	boltz2_2.2.1_single_sequence	sensitivity	20260919	PF00520.38	524	759	236	0.8983050847457628	qualified	results/structure_campaign/compute/single_sequence_full/models/protein_7b0d5d3c3a31c1168531049ad5eb4bf68c7070067b6a2cd48ed4f7d87f40e85a_single_sequence_seed20260919/model.cif	a108693b9c357d670a8e04cabf73776b47335f3e791d0d2cf9584b8ee16ad40c	8694a9e29cedcc62d1e446aaae0daf7513ec675c5d534bb289370c98f7c3a91c	results/structure_campaign/diversity/snapshots/8a5ae8c8c9cbc370/72950160dea7/domains/domain_f4ba46069a4655e235980e23.pdb	383fe3ae62aafa9f76f0dc346ca7c884e7ba0be695a5465061ea0f5323afec74	cluster_d21c3659e7677c2b6db9
domain_521f9dd61764eae434b7c54a	protein_7b0d5d3c3a31c1168531049ad5eb4bf68c7070067b6a2cd48ed4f7d87f40e85a_single_sequence_seed20260919	peptide_7b0d5d3c3a31c1168531049ad5eb4bf68c7070067b6a2cd48ed4f7d87f40e85a	7b0d5d3c3a31c1168531049ad5eb4bf68c7070067b6a2cd48ed4f7d87f40e85a	boltz2_2.2.1_single_sequence	sensitivity	20260919	PF00520.38	885	1162	278	0.8381294964028777	qualified	results/structure_campaign/compute/single_sequence_full/models/protein_7b0d5d3c3a31c1168531049ad5eb4bf68c7070067b6a2cd48ed4f7d87f40e85a_single_sequence_seed20260919/model.cif	a108693b9c357d670a8e04cabf73776b47335f3e791d0d2cf9584b8ee16ad40c	8694a9e29cedcc62d1e446aaae0daf7513ec675c5d534bb289370c98f7c3a91c	results/structure_campaign/diversity/snapshots/8a5ae8c8c9cbc370/72950160dea7/domains/domain_521f9dd61764eae434b7c54a.pdb	0a8ef19a975c00732f3845b520da796f176689d26b86cf4d0bf1518386093de9	cluster_d21c3659e7677c2b6db9
domain_43775318fbb82962611b9708	protein_7b0d5d3c3a31c1168531049ad5eb4bf68c7070067b6a2cd48ed4f7d87f40e85a_single_sequence_seed20260919	peptide_7b0d5d3c3a31c1168531049ad5eb4bf68c7070067b6a2cd48ed4f7d87f40e85a	7b0d5d3c3a31c1168531049ad5eb4bf68c7070067b6a2cd48ed4f7d87f40e85a	boltz2_2.2.1_single_sequence	sensitivity	20260919	PF00520.38	1205	1459	255	0.803921568627451	qualified	results/structure_campaign/compute/single_sequence_full/models/protein_7b0d5d3c3a31c1168531049ad5eb4bf68c7070067b6a2cd48ed4f7d87f40e85a_single_sequence_seed20260919/model.cif	a108693b9c357d670a8e04cabf73776b47335f3e791d0d2cf9584b8ee16ad40c	8694a9e29cedcc62d1e446aaae0daf7513ec675c5d534bb289370c98f7c3a91c	results/structure_campaign/diversity/snapshots/8a5ae8c8c9cbc370/72950160dea7/domains/domain_43775318fbb82962611b9708.pdb	6b74faf5f3b74383296599bee7cee7cd7dc69542120544f8c7d1ea86d33b34ee	cluster_d21c3659e7677c2b6db9
domain_2f6ae25452d8049380d6176d	protein_7b0d5d3c3a31c1168531049ad5eb4bf68c7070067b6a2cd48ed4f7d87f40e85a_single_sequence_seed20260919	peptide_7b0d5d3c3a31c1168531049ad5eb4bf68c7070067b6a2cd48ed4f7d87f40e85a	7b0d5d3c3a31c1168531049ad5eb4bf68c7070067b6a2cd48ed4f7d87f40e85a	boltz2_2.2.1_single_sequence	sensitivity	20260919	PF08016.19	1293	1453	161	0.7701863354037267	insufficient_local_confidence	results/structure_campaign/compute/single_sequence_full/models/protein_7b0d5d3c3a31c1168531049ad5eb4bf68c7070067b6a2cd48ed4f7d87f40e85a_single_sequence_seed20260919/model.cif	a108693b9c357d670a8e04cabf73776b47335f3e791d0d2cf9584b8ee16ad40c	8694a9e29cedcc62d1e446aaae0daf7513ec675c5d534bb289370c98f7c3a91c			
domain_8c54835dc757aeeb1df0cb78	protein_7b0d5d3c3a31c1168531049ad5eb4bf68c7070067b6a2cd48ed4f7d87f40e85a_single_sequence_seed20260919	peptide_7b0d5d3c3a31c1168531049ad5eb4bf68c7070067b6a2cd48ed4f7d87f40e85a	7b0d5d3c3a31c1168531049ad5eb4bf68c7070067b6a2cd48ed4f7d87f40e85a	boltz2_2.2.1_single_sequence	sensitivity	20260919	PF16905.11	1469	1522	54	0.0	insufficient_local_confidence	results/structure_campaign/compute/single_sequence_full/models/protein_7b0d5d3c3a31c1168531049ad5eb4bf68c7070067b6a2cd48ed4f7d87f40e85a_single_sequence_seed20260919/model.cif	a108693b9c357d670a8e04cabf73776b47335f3e791d0d2cf9584b8ee16ad40c	8694a9e29cedcc62d1e446aaae0daf7513ec675c5d534bb289370c98f7c3a91c			
domain_da01d0d1766c2b81d8603332	protein_7b0d5d3c3a31c1168531049ad5eb4bf68c7070067b6a2cd48ed4f7d87f40e85a_single_sequence_seed20260919	peptide_7b0d5d3c3a31c1168531049ad5eb4bf68c7070067b6a2cd48ed4f7d87f40e85a	7b0d5d3c3a31c1168531049ad5eb4bf68c7070067b6a2cd48ed4f7d87f40e85a	boltz2_2.2.1_single_sequence	sensitivity	20260919	PF08763.18	1532	1606	75	0.0	insufficient_local_confidence	results/structure_campaign/compute/single_sequence_full/models/protein_7b0d5d3c3a31c1168531049ad5eb4bf68c7070067b6a2cd48ed4f7d87f40e85a_single_sequence_seed20260919/model.cif	a108693b9c357d670a8e04cabf73776b47335f3e791d0d2cf9584b8ee16ad40c	8694a9e29cedcc62d1e446aaae0daf7513ec675c5d534bb289370c98f7c3a91c			
domain_55d2734cae535879641a67a7	protein_8500b17b3f5cc9f4deaed97ff0ad19025d5d94095c67bb9c969910558b69f1f8_single_sequence_seed20260919	control_8500b17b3f5cc9f4deaed97ff0ad19025d5d94095c67bb9c969910558b69f1f8	8500b17b3f5cc9f4deaed97ff0ad19025d5d94095c67bb9c969910558b69f1f8	boltz2_2.2.1_single_sequence	control	20260919	PF11934.14	109	220	112	0.0	insufficient_local_confidence	results/structure_campaign/compute/single_sequence_full/models/protein_8500b17b3f5cc9f4deaed97ff0ad19025d5d94095c67bb9c969910558b69f1f8_single_sequence_seed20260919/model.cif	b24180d900efe1108188533080c92c906ee6f12d4eef2071734770b1b82ea223	68613eee1f167a1d755dbaeceea8ed40132e002f34e3e335efe4a308388845bf			
domain_b961f85ba2caa50e7a9d259a	protein_8500b17b3f5cc9f4deaed97ff0ad19025d5d94095c67bb9c969910558b69f1f8_single_sequence_seed20260919	control_8500b17b3f5cc9f4deaed97ff0ad19025d5d94095c67bb9c969910558b69f1f8	8500b17b3f5cc9f4deaed97ff0ad19025d5d94095c67bb9c969910558b69f1f8	boltz2_2.2.1_single_sequence	control	20260919	PF01858.23	367	557	191	0.0	insufficient_local_confidence	results/structure_campaign/compute/single_sequence_full/models/protein_8500b17b3f5cc9f4deaed97ff0ad19025d5d94095c67bb9c969910558b69f1f8_single_sequence_seed20260919/model.cif	b24180d900efe1108188533080c92c906ee6f12d4eef2071734770b1b82ea223	68613eee1f167a1d755dbaeceea8ed40132e002f34e3e335efe4a308388845bf			
domain_0ea52dbfe04b0a8189987da1	protein_91b6c2354036f74992cb5f2520a3614bb2b0ecc3feab662dbb7e791accc4b3b7_single_sequence_seed20260919	peptide_91b6c2354036f74992cb5f2520a3614bb2b0ecc3feab662dbb7e791accc4b3b7	91b6c2354036f74992cb5f2520a3614bb2b0ecc3feab662dbb7e791accc4b3b7	boltz2_2.2.1_single_sequence	sensitivity	20260919	PF00777.24	101	170	70	0.0	insufficient_local_confidence	results/structure_campaign/compute/single_sequence_full/models/protein_91b6c2354036f74992cb5f2520a3614bb2b0ecc3feab662dbb7e791accc4b3b7_single_sequence_seed20260919/model.cif	22c0c2d1d7a0c01b138f9c88f5090f2361eba3f2ad9c826af21d489560e22e4e	87b200a769182c6472c2d21faf1ad44da7f293f575b3160cf09f8286fcee4a05			
domain_1cee4e8898ed4f4381d370f6	protein_91b6c2354036f74992cb5f2520a3614bb2b0ecc3feab662dbb7e791accc4b3b7_single_sequence_seed20260919	peptide_91b6c2354036f74992cb5f2520a3614bb2b0ecc3feab662dbb7e791accc4b3b7	91b6c2354036f74992cb5f2520a3614bb2b0ecc3feab662dbb7e791accc4b3b7	boltz2_2.2.1_single_sequence	sensitivity	20260919	PF06679.18	166	213	48	0.0	span_below_50aa	results/structure_campaign/compute/single_sequence_full/models/protein_91b6c2354036f74992cb5f2520a3614bb2b0ecc3feab662dbb7e791accc4b3b7_single_sequence_seed20260919/model.cif	22c0c2d1d7a0c01b138f9c88f5090f2361eba3f2ad9c826af21d489560e22e4e	87b200a769182c6472c2d21faf1ad44da7f293f575b3160cf09f8286fcee4a05			
domain_7579a76111597041729e24d2	protein_9a99577ea77e93a51bb896132001fac6caa242ee517a62995ddef9d39a72f54a_single_sequence_seed20260919	peptide_9a99577ea77e93a51bb896132001fac6caa242ee517a62995ddef9d39a72f54a	9a99577ea77e93a51bb896132001fac6caa242ee517a62995ddef9d39a72f54a	boltz2_2.2.1_single_sequence	sensitivity	20260919	PF26141.1	52	233	182	0.0	insufficient_local_confidence	results/structure_campaign/compute/single_sequence_full/models/protein_9a99577ea77e93a51bb896132001fac6caa242ee517a62995ddef9d39a72f54a_single_sequence_seed20260919/model.cif	84deb6e3bc2d291f8052f44487a10677637b47f01c014b56c8557bb83edfe664	b266b54095abf8832a42dccf4e100b763f4f511d9767cce4f14285e50f758212			
domain_e7af84175711832361f23ce2	protein_9a99577ea77e93a51bb896132001fac6caa242ee517a62995ddef9d39a72f54a_single_sequence_seed20260919	peptide_9a99577ea77e93a51bb896132001fac6caa242ee517a62995ddef9d39a72f54a	9a99577ea77e93a51bb896132001fac6caa242ee517a62995ddef9d39a72f54a	boltz2_2.2.1_single_sequence	sensitivity	20260919	PF00801.27	275	318	44	0.0	span_below_50aa	results/structure_campaign/compute/single_sequence_full/models/protein_9a99577ea77e93a51bb896132001fac6caa242ee517a62995ddef9d39a72f54a_single_sequence_seed20260919/model.cif	84deb6e3bc2d291f8052f44487a10677637b47f01c014b56c8557bb83edfe664	b266b54095abf8832a42dccf4e100b763f4f511d9767cce4f14285e50f758212			
domain_2175600fe4e860c5f4ca1816	protein_9a99577ea77e93a51bb896132001fac6caa242ee517a62995ddef9d39a72f54a_single_sequence_seed20260919	peptide_9a99577ea77e93a51bb896132001fac6caa242ee517a62995ddef9d39a72f54a	9a99577ea77e93a51bb896132001fac6caa242ee517a62995ddef9d39a72f54a	boltz2_2.2.1_single_sequence	sensitivity	20260919	PF18911.7	277	317	41	0.0	span_below_50aa	results/structure_campaign/compute/single_sequence_full/models/protein_9a99577ea77e93a51bb896132001fac6caa242ee517a62995ddef9d39a72f54a_single_sequence_seed20260919/model.cif	84deb6e3bc2d291f8052f44487a10677637b47f01c014b56c8557bb83edfe664	b266b54095abf8832a42dccf4e100b763f4f511d9767cce4f14285e50f758212			
domain_cd16b5fa01144630ce7ca5e5	protein_9a99577ea77e93a51bb896132001fac6caa242ee517a62995ddef9d39a72f54a_single_sequence_seed20260919	peptide_9a99577ea77e93a51bb896132001fac6caa242ee517a62995ddef9d39a72f54a	9a99577ea77e93a51bb896132001fac6caa242ee517a62995ddef9d39a72f54a	boltz2_2.2.1_single_sequence	sensitivity	20260919	PF20433.4	419	469	51	0.0	insufficient_local_confidence	results/structure_campaign/compute/single_sequence_full/models/protein_9a99577ea77e93a51bb896132001fac6caa242ee517a62995ddef9d39a72f54a_single_sequence_seed20260919/model.cif	84deb6e3bc2d291f8052f44487a10677637b47f01c014b56c8557bb83edfe664	b266b54095abf8832a42dccf4e100b763f4f511d9767cce4f14285e50f758212			
domain_291518dfab35c3b8f0382385	protein_9a99577ea77e93a51bb896132001fac6caa242ee517a62995ddef9d39a72f54a_single_sequence_seed20260919	peptide_9a99577ea77e93a51bb896132001fac6caa242ee517a62995ddef9d39a72f54a	9a99577ea77e93a51bb896132001fac6caa242ee517a62995ddef9d39a72f54a	boltz2_2.2.1_single_sequence	sensitivity	20260919	PF00025.28	536	706	171	0.5380116959064327	insufficient_local_confidence	results/structure_campaign/compute/single_sequence_full/models/protein_9a99577ea77e93a51bb896132001fac6caa242ee517a62995ddef9d39a72f54a_single_sequence_seed20260919/model.cif	84deb6e3bc2d291f8052f44487a10677637b47f01c014b56c8557bb83edfe664	b266b54095abf8832a42dccf4e100b763f4f511d9767cce4f14285e50f758212			
domain_9d329d3cbb5d65f7636d7ab9	protein_9a99577ea77e93a51bb896132001fac6caa242ee517a62995ddef9d39a72f54a_single_sequence_seed20260919	peptide_9a99577ea77e93a51bb896132001fac6caa242ee517a62995ddef9d39a72f54a	9a99577ea77e93a51bb896132001fac6caa242ee517a62995ddef9d39a72f54a	boltz2_2.2.1_single_sequence	sensitivity	20260919	PF09439.17	546	673	128	0.5390625	insufficient_local_confidence	results/structure_campaign/compute/single_sequence_full/models/protein_9a99577ea77e93a51bb896132001fac6caa242ee517a62995ddef9d39a72f54a_single_sequence_seed20260919/model.cif	84deb6e3bc2d291f8052f44487a10677637b47f01c014b56c8557bb83edfe664	b266b54095abf8832a42dccf4e100b763f4f511d9767cce4f14285e50f758212			
domain_cf16d3bea0909bc6d74ab644	protein_9a99577ea77e93a51bb896132001fac6caa242ee517a62995ddef9d39a72f54a_single_sequence_seed20260919	peptide_9a99577ea77e93a51bb896132001fac6caa242ee517a62995ddef9d39a72f54a	9a99577ea77e93a51bb896132001fac6caa242ee517a62995ddef9d39a72f54a	boltz2_2.2.1_single_sequence	sensitivity	20260919	PF08477.20	549	659	111	0.4954954954954955	insufficient_local_confidence	results/structure_campaign/compute/single_sequence_full/models/protein_9a99577ea77e93a51bb896132001fac6caa242ee517a62995ddef9d39a72f54a_single_sequence_seed20260919/model.cif	84deb6e3bc2d291f8052f44487a10677637b47f01c014b56c8557bb83edfe664	b266b54095abf8832a42dccf4e100b763f4f511d9767cce4f14285e50f758212			
domain_1a50634e6aa886cda800c027	protein_9a99577ea77e93a51bb896132001fac6caa242ee517a62995ddef9d39a72f54a_single_sequence_seed20260919	peptide_9a99577ea77e93a51bb896132001fac6caa242ee517a62995ddef9d39a72f54a	9a99577ea77e93a51bb896132001fac6caa242ee517a62995ddef9d39a72f54a	boltz2_2.2.1_single_sequence	sensitivity	20260919	PF04670.19	549	670	122	0.5409836065573771	insufficient_local_confidence	results/structure_campaign/compute/single_sequence_full/models/protein_9a99577ea77e93a51bb896132001fac6caa242ee517a62995ddef9d39a72f54a_single_sequence_seed20260919/model.cif	84deb6e3bc2d291f8052f44487a10677637b47f01c014b56c8557bb83edfe664	b266b54095abf8832a42dccf4e100b763f4f511d9767cce4f14285e50f758212			
domain_34f72ff5516826fbef62c6fd	protein_9a99577ea77e93a51bb896132001fac6caa242ee517a62995ddef9d39a72f54a_single_sequence_seed20260919	peptide_9a99577ea77e93a51bb896132001fac6caa242ee517a62995ddef9d39a72f54a	9a99577ea77e93a51bb896132001fac6caa242ee517a62995ddef9d39a72f54a	boltz2_2.2.1_single_sequence	sensitivity	20260919	PF00071.29	549	693	145	0.5655172413793104	insufficient_local_confidence	results/structure_campaign/compute/single_sequence_full/models/protein_9a99577ea77e93a51bb896132001fac6caa242ee517a62995ddef9d39a72f54a_single_sequence_seed20260919/model.cif	84deb6e3bc2d291f8052f44487a10677637b47f01c014b56c8557bb83edfe664	b266b54095abf8832a42dccf4e100b763f4f511d9767cce4f14285e50f758212			
domain_830d39718d18dde3e6c78bd4	protein_b0d22e27937167cce8168e89f2f47683b4ada96ad48b9ebb22e347b9e99abcb8_single_sequence_seed20260919	peptide_b0d22e27937167cce8168e89f2f47683b4ada96ad48b9ebb22e347b9e99abcb8	b0d22e27937167cce8168e89f2f47683b4ada96ad48b9ebb22e347b9e99abcb8	boltz2_2.2.1_single_sequence	sensitivity	20260919	PF20825.3	40	136	97	0.05154639175257732	insufficient_local_confidence	results/structure_campaign/compute/single_sequence_full/models/protein_b0d22e27937167cce8168e89f2f47683b4ada96ad48b9ebb22e347b9e99abcb8_single_sequence_seed20260919/model.cif	63ac5ff80fa107cbff05de1f0065225c162c9aa61e1d8eced18d697d0fe86458	a6521059cbd7dadf8e8e706142c0f896d7bfac9e913178ee6edd41994ba9b13c			
domain_65ac448c65a795ddd9e91222	protein_b0d22e27937167cce8168e89f2f47683b4ada96ad48b9ebb22e347b9e99abcb8_single_sequence_seed20260919	peptide_b0d22e27937167cce8168e89f2f47683b4ada96ad48b9ebb22e347b9e99abcb8	b0d22e27937167cce8168e89f2f47683b4ada96ad48b9ebb22e347b9e99abcb8	boltz2_2.2.1_single_sequence	sensitivity	20260919	PF03489.23	81	113	33	0.0	span_below_50aa	results/structure_campaign/compute/single_sequence_full/models/protein_b0d22e27937167cce8168e89f2f47683b4ada96ad48b9ebb22e347b9e99abcb8_single_sequence_seed20260919/model.cif	63ac5ff80fa107cbff05de1f0065225c162c9aa61e1d8eced18d697d0fe86458	a6521059cbd7dadf8e8e706142c0f896d7bfac9e913178ee6edd41994ba9b13c			
domain_1d0000fc5fef32729bd98b5f	protein_b537f99b45ff96dfbe025055a4ef53a4d336495d89f7355a3e01399abae3638e_single_sequence_seed20260919	peptide_b537f99b45ff96dfbe025055a4ef53a4d336495d89f7355a3e01399abae3638e	b537f99b45ff96dfbe025055a4ef53a4d336495d89f7355a3e01399abae3638e	boltz2_2.2.1_single_sequence	sensitivity	20260919	PF03126.24	363	464	102	0.0	insufficient_local_confidence	results/structure_campaign/compute/single_sequence_full/models/protein_b537f99b45ff96dfbe025055a4ef53a4d336495d89f7355a3e01399abae3638e_single_sequence_seed20260919/model.cif	40bbc0673b821895f45d8f1fb086de7b922f5ed1104b6fe4e3c8eee5823aa969	2f6e045faabb4f4aa50683a65c433c4905f3ae34e41ddb97a932b8650bb28737			
domain_d8f97eb91dd21f6dd5bdf2d0	protein_bcd139b19630cb31f3a89703fedd00936138336ed28e45f87045ef3f8222c90c_single_sequence_seed20260919	peptide_bcd139b19630cb31f3a89703fedd00936138336ed28e45f87045ef3f8222c90c	bcd139b19630cb31f3a89703fedd00936138336ed28e45f87045ef3f8222c90c	boltz2_2.2.1_single_sequence	sensitivity	20260919	PF05279.17	52	132	81	0.0	insufficient_local_confidence	results/structure_campaign/compute/single_sequence_full/models/protein_bcd139b19630cb31f3a89703fedd00936138336ed28e45f87045ef3f8222c90c_single_sequence_seed20260919/model.cif	50d60936e1292fdd579e2faebd64634c5a0fcf0230a9b91ad4025e4611d4bd10	0e335f59b028a90d5eff5b8fe96642a7b9d53f025c3d5c58aa8c513a48f48130			
domain_9c2ffeaa6eeaf955e6fd19b7	protein_bcd139b19630cb31f3a89703fedd00936138336ed28e45f87045ef3f8222c90c_single_sequence_seed20260919	peptide_bcd139b19630cb31f3a89703fedd00936138336ed28e45f87045ef3f8222c90c	bcd139b19630cb31f3a89703fedd00936138336ed28e45f87045ef3f8222c90c	boltz2_2.2.1_single_sequence	sensitivity	20260919	PF08477.20	132	238	107	0.04672897196261682	insufficient_local_confidence	results/structure_campaign/compute/single_sequence_full/models/protein_bcd139b19630cb31f3a89703fedd00936138336ed28e45f87045ef3f8222c90c_single_sequence_seed20260919/model.cif	50d60936e1292fdd579e2faebd64634c5a0fcf0230a9b91ad4025e4611d4bd10	0e335f59b028a90d5eff5b8fe96642a7b9d53f025c3d5c58aa8c513a48f48130			
domain_94e65ebeb13b7717096fc209	protein_bcd139b19630cb31f3a89703fedd00936138336ed28e45f87045ef3f8222c90c_single_sequence_seed20260919	peptide_bcd139b19630cb31f3a89703fedd00936138336ed28e45f87045ef3f8222c90c	bcd139b19630cb31f3a89703fedd00936138336ed28e45f87045ef3f8222c90c	boltz2_2.2.1_single_sequence	sensitivity	20260919	PF00071.29	132	284	153	0.13071895424836602	insufficient_local_confidence	results/structure_campaign/compute/single_sequence_full/models/protein_bcd139b19630cb31f3a89703fedd00936138336ed28e45f87045ef3f8222c90c_single_sequence_seed20260919/model.cif	50d60936e1292fdd579e2faebd64634c5a0fcf0230a9b91ad4025e4611d4bd10	0e335f59b028a90d5eff5b8fe96642a7b9d53f025c3d5c58aa8c513a48f48130			
domain_b94a4f754843e2d3c81b7cf6	protein_bcd139b19630cb31f3a89703fedd00936138336ed28e45f87045ef3f8222c90c_single_sequence_seed20260919	peptide_bcd139b19630cb31f3a89703fedd00936138336ed28e45f87045ef3f8222c90c	bcd139b19630cb31f3a89703fedd00936138336ed28e45f87045ef3f8222c90c	boltz2_2.2.1_single_sequence	sensitivity	20260919	PF00025.28	133	277	145	0.13793103448275862	insufficient_local_confidence	results/structure_campaign/compute/single_sequence_full/models/protein_bcd139b19630cb31f3a89703fedd00936138336ed28e45f87045ef3f8222c90c_single_sequence_seed20260919/model.cif	50d60936e1292fdd579e2faebd64634c5a0fcf0230a9b91ad4025e4611d4bd10	0e335f59b028a90d5eff5b8fe96642a7b9d53f025c3d5c58aa8c513a48f48130			
domain_c999de45febf0782fe19b8e6	protein_c4c915da39d6ec74952059215262a9989ad6435c495f79363d36b565c91f216d_single_sequence_seed20260919	control_c4c915da39d6ec74952059215262a9989ad6435c495f79363d36b565c91f216d	c4c915da39d6ec74952059215262a9989ad6435c495f79363d36b565c91f216d	boltz2_2.2.1_single_sequence	control	20260919	PF06679.18	1	45	45	0.0	span_below_50aa	results/structure_campaign/compute/single_sequence_full/models/protein_c4c915da39d6ec74952059215262a9989ad6435c495f79363d36b565c91f216d_single_sequence_seed20260919/model.cif	1ee36212bf09ea3803b39f75b7b4181a2baa304d95a2398b298893bb6aaa6475	3a95a6600bfd3e01214ee3fc882f3a828dc157284ef47a8c11dc5c9ea844cd51			
domain_d5898a26b4f7f5c98e985084	protein_ca2772f82b0e861861636ddd31697e08475ddd2b2f93467e300b85d3aa0b3c75_single_sequence_seed20260919	peptide_ca2772f82b0e861861636ddd31697e08475ddd2b2f93467e300b85d3aa0b3c75	ca2772f82b0e861861636ddd31697e08475ddd2b2f93467e300b85d3aa0b3c75	boltz2_2.2.1_single_sequence	sensitivity	20260919	PF00307.37	32	134	103	0.0	insufficient_local_confidence	results/structure_campaign/compute/single_sequence_full/models/protein_ca2772f82b0e861861636ddd31697e08475ddd2b2f93467e300b85d3aa0b3c75_single_sequence_seed20260919/model.cif	ce51940925bd21f8378bb5649523d1e3b84bd7ca0919f0b12e79bdb30bac2f29	da02f7ec12f7d01798d0d560b509ffd991eb182e7ae8475d4b3619f1d860419b			
domain_c9e1bd1af5e0f4491d5b7160	protein_ca2772f82b0e861861636ddd31697e08475ddd2b2f93467e300b85d3aa0b3c75_single_sequence_seed20260919	peptide_ca2772f82b0e861861636ddd31697e08475ddd2b2f93467e300b85d3aa0b3c75	ca2772f82b0e861861636ddd31697e08475ddd2b2f93467e300b85d3aa0b3c75	boltz2_2.2.1_single_sequence	sensitivity	20260919	PF00307.37	152	254	103	0.0	insufficient_local_confidence	results/structure_campaign/compute/single_sequence_full/models/protein_ca2772f82b0e861861636ddd31697e08475ddd2b2f93467e300b85d3aa0b3c75_single_sequence_seed20260919/model.cif	ce51940925bd21f8378bb5649523d1e3b84bd7ca0919f0b12e79bdb30bac2f29	da02f7ec12f7d01798d0d560b509ffd991eb182e7ae8475d4b3619f1d860419b			
domain_99e642c07a95d216ea3f5faa	protein_ca2772f82b0e861861636ddd31697e08475ddd2b2f93467e300b85d3aa0b3c75_single_sequence_seed20260919	peptide_ca2772f82b0e861861636ddd31697e08475ddd2b2f93467e300b85d3aa0b3c75	ca2772f82b0e861861636ddd31697e08475ddd2b2f93467e300b85d3aa0b3c75	boltz2_2.2.1_single_sequence	sensitivity	20260919	PF00435.28	311	417	107	0.9065420560747663	qualified	results/structure_campaign/compute/single_sequence_full/models/protein_ca2772f82b0e861861636ddd31697e08475ddd2b2f93467e300b85d3aa0b3c75_single_sequence_seed20260919/model.cif	ce51940925bd21f8378bb5649523d1e3b84bd7ca0919f0b12e79bdb30bac2f29	da02f7ec12f7d01798d0d560b509ffd991eb182e7ae8475d4b3619f1d860419b	results/structure_campaign/diversity/snapshots/8a5ae8c8c9cbc370/72950160dea7/domains/domain_99e642c07a95d216ea3f5faa.pdb	72bb37435cbc7f6d99d9f965b3c9fdf800c0851d0af1546be5fe6e6aa9703025	cluster_fd1beb45412ff7b5fab2
domain_3f88b2aed1524633a637a561	protein_ca2772f82b0e861861636ddd31697e08475ddd2b2f93467e300b85d3aa0b3c75_single_sequence_seed20260919	peptide_ca2772f82b0e861861636ddd31697e08475ddd2b2f93467e300b85d3aa0b3c75	ca2772f82b0e861861636ddd31697e08475ddd2b2f93467e300b85d3aa0b3c75	boltz2_2.2.1_single_sequence	sensitivity	20260919	PF00435.28	421	526	106	0.7735849056603774	insufficient_local_confidence	results/structure_campaign/compute/single_sequence_full/models/protein_ca2772f82b0e861861636ddd31697e08475ddd2b2f93467e300b85d3aa0b3c75_single_sequence_seed20260919/model.cif	ce51940925bd21f8378bb5649523d1e3b84bd7ca0919f0b12e79bdb30bac2f29	da02f7ec12f7d01798d0d560b509ffd991eb182e7ae8475d4b3619f1d860419b			
domain_b956140fe567aa8e90292564	protein_ca2772f82b0e861861636ddd31697e08475ddd2b2f93467e300b85d3aa0b3c75_single_sequence_seed20260919	peptide_ca2772f82b0e861861636ddd31697e08475ddd2b2f93467e300b85d3aa0b3c75	ca2772f82b0e861861636ddd31697e08475ddd2b2f93467e300b85d3aa0b3c75	boltz2_2.2.1_single_sequence	sensitivity	20260919	PF00435.28	1128	1230	103	0.6699029126213593	insufficient_local_confidence	results/structure_campaign/compute/single_sequence_full/models/protein_ca2772f82b0e861861636ddd31697e08475ddd2b2f93467e300b85d3aa0b3c75_single_sequence_seed20260919/model.cif	ce51940925bd21f8378bb5649523d1e3b84bd7ca0919f0b12e79bdb30bac2f29	da02f7ec12f7d01798d0d560b509ffd991eb182e7ae8475d4b3619f1d860419b			
domain_012aae784d9c2f9afa567302	protein_ca2772f82b0e861861636ddd31697e08475ddd2b2f93467e300b85d3aa0b3c75_single_sequence_seed20260919	peptide_ca2772f82b0e861861636ddd31697e08475ddd2b2f93467e300b85d3aa0b3c75	ca2772f82b0e861861636ddd31697e08475ddd2b2f93467e300b85d3aa0b3c75	boltz2_2.2.1_single_sequence	sensitivity	20260919	PF00435.28	1653	1746	94	0.9361702127659575	qualified	results/structure_campaign/compute/single_sequence_full/models/protein_ca2772f82b0e861861636ddd31697e08475ddd2b2f93467e300b85d3aa0b3c75_single_sequence_seed20260919/model.cif	ce51940925bd21f8378bb5649523d1e3b84bd7ca0919f0b12e79bdb30bac2f29	da02f7ec12f7d01798d0d560b509ffd991eb182e7ae8475d4b3619f1d860419b	results/structure_campaign/diversity/snapshots/8a5ae8c8c9cbc370/72950160dea7/domains/domain_012aae784d9c2f9afa567302.pdb	f573c07857b04f991dc4147d5066f1dece4c24dd09db0306ef258c81028d82d9	cluster_fd1beb45412ff7b5fab2
domain_1326f69bea5fed4a46e67f54	protein_ca2772f82b0e861861636ddd31697e08475ddd2b2f93467e300b85d3aa0b3c75_single_sequence_seed20260919	peptide_ca2772f82b0e861861636ddd31697e08475ddd2b2f93467e300b85d3aa0b3c75	ca2772f82b0e861861636ddd31697e08475ddd2b2f93467e300b85d3aa0b3c75	boltz2_2.2.1_single_sequence	sensitivity	20260919	PF00435.28	1977	2076	100	0.78	insufficient_local_confidence	results/structure_campaign/compute/single_sequence_full/models/protein_ca2772f82b0e861861636ddd31697e08475ddd2b2f93467e300b85d3aa0b3c75_single_sequence_seed20260919/model.cif	ce51940925bd21f8378bb5649523d1e3b84bd7ca0919f0b12e79bdb30bac2f29	da02f7ec12f7d01798d0d560b509ffd991eb182e7ae8475d4b3619f1d860419b			
domain_5697e02af99c262488197d03	protein_ca2772f82b0e861861636ddd31697e08475ddd2b2f93467e300b85d3aa0b3c75_single_sequence_seed20260919	peptide_ca2772f82b0e861861636ddd31697e08475ddd2b2f93467e300b85d3aa0b3c75	ca2772f82b0e861861636ddd31697e08475ddd2b2f93467e300b85d3aa0b3c75	boltz2_2.2.1_single_sequence	sensitivity	20260919	PF00435.28	2232	2331	100	0.95	qualified	results/structure_campaign/compute/single_sequence_full/models/protein_ca2772f82b0e861861636ddd31697e08475ddd2b2f93467e300b85d3aa0b3c75_single_sequence_seed20260919/model.cif	ce51940925bd21f8378bb5649523d1e3b84bd7ca0919f0b12e79bdb30bac2f29	da02f7ec12f7d01798d0d560b509ffd991eb182e7ae8475d4b3619f1d860419b	results/structure_campaign/diversity/snapshots/8a5ae8c8c9cbc370/72950160dea7/domains/domain_5697e02af99c262488197d03.pdb	cb164399e77a05aaf135cd9a124f60e154a355570141a430540611585ccf64b7	cluster_fd1beb45412ff7b5fab2
domain_aecd4c103d010ef2cd1de366	protein_d09ba36d63b4b05b94c1787f8ea186e5b841f5920b3ffb5356533bd95afd68da_single_sequence_seed20260919	peptide_d09ba36d63b4b05b94c1787f8ea186e5b841f5920b3ffb5356533bd95afd68da	d09ba36d63b4b05b94c1787f8ea186e5b841f5920b3ffb5356533bd95afd68da	boltz2_2.2.1_single_sequence	sensitivity	20260919	PF07686.24	29	122	94	0.7553191489361702	insufficient_local_confidence	results/structure_campaign/compute/single_sequence_full/models/protein_d09ba36d63b4b05b94c1787f8ea186e5b841f5920b3ffb5356533bd95afd68da_single_sequence_seed20260919/model.cif	dd32065905c1eac77dda09f62df0b1f886a2d6a3935e17731ba04b57aa7f7773	79efa93d0b2ac302995080ab43264e31a92fabb5bb1a64d4233be8490f5abada			
domain_283a81c16e03cc2d337bb6e7	protein_d09ba36d63b4b05b94c1787f8ea186e5b841f5920b3ffb5356533bd95afd68da_single_sequence_seed20260919	peptide_d09ba36d63b4b05b94c1787f8ea186e5b841f5920b3ffb5356533bd95afd68da	d09ba36d63b4b05b94c1787f8ea186e5b841f5920b3ffb5356533bd95afd68da	boltz2_2.2.1_single_sequence	sensitivity	20260919	PF02578.22	131	257	127	0.0	insufficient_local_confidence	results/structure_campaign/compute/single_sequence_full/models/protein_d09ba36d63b4b05b94c1787f8ea186e5b841f5920b3ffb5356533bd95afd68da_single_sequence_seed20260919/model.cif	dd32065905c1eac77dda09f62df0b1f886a2d6a3935e17731ba04b57aa7f7773	79efa93d0b2ac302995080ab43264e31a92fabb5bb1a64d4233be8490f5abada			
domain_a2f72bed61630a14eee5fb50	protein_d12ded276778cca561f61708455f059a1bccb3f6e5b75d6ea02f274ab7b9a20d_single_sequence_seed20260919	peptide_d12ded276778cca561f61708455f059a1bccb3f6e5b75d6ea02f274ab7b9a20d	d12ded276778cca561f61708455f059a1bccb3f6e5b75d6ea02f274ab7b9a20d	boltz2_2.2.1_single_sequence	sensitivity	20260919	PF04201.21	136	243	108	0.0	insufficient_local_confidence	results/structure_campaign/compute/single_sequence_full/models/protein_d12ded276778cca561f61708455f059a1bccb3f6e5b75d6ea02f274ab7b9a20d_single_sequence_seed20260919/model.cif	d51f0261207585457939e531b91c50a3b79f3aff2347e0192b75bc2a67487d81	b4583658b09438d5e89fb20a4065c35757c8dc69b6171632707dc666eaa4ade6			
domain_734878961711fd3b04d69640	protein_d9dadae508e1aba65519f0bec221151e33dd065734ac6bd7d657c57034b61154_single_sequence_seed20260919	peptide_d9dadae508e1aba65519f0bec221151e33dd065734ac6bd7d657c57034b61154	d9dadae508e1aba65519f0bec221151e33dd065734ac6bd7d657c57034b61154	boltz2_2.2.1_single_sequence	sensitivity	20260919	PF06762.21	27	82	56	0.4107142857142857	insufficient_local_confidence	results/structure_campaign/compute/single_sequence_full/models/protein_d9dadae508e1aba65519f0bec221151e33dd065734ac6bd7d657c57034b61154_single_sequence_seed20260919/model.cif	157f2f3f78eae5dafb5cc94921367202dbb5afc0cb72901842e25c6ef70b6eb3	d23c759ed5bc58dc7189b477423c9afb33bee4941a6a7c16dff25344cfa5b95e			
domain_70201219dd52302ff31af268	protein_dba94fe4564b656dcb4c88ed9c0af05dfe78a7d6ea0ef18b1c71b29fe58fa0d9_single_sequence_seed20260919	peptide_dba94fe4564b656dcb4c88ed9c0af05dfe78a7d6ea0ef18b1c71b29fe58fa0d9	dba94fe4564b656dcb4c88ed9c0af05dfe78a7d6ea0ef18b1c71b29fe58fa0d9	boltz2_2.2.1_single_sequence	sensitivity	20260919	PF01370.28	30	78	49	0.6938775510204082	span_below_50aa	results/structure_campaign/compute/single_sequence_full/models/protein_dba94fe4564b656dcb4c88ed9c0af05dfe78a7d6ea0ef18b1c71b29fe58fa0d9_single_sequence_seed20260919/model.cif	2dbef20d4497674785da3fda6e08c6832fcf099832512880b58aa9ed33feadb6	c73db746e57eaee8439c7d84c344b4b855bc6b6de2ca2e3b2d827374acccb753			
domain_23713b7f31528a6e57269799	protein_dba94fe4564b656dcb4c88ed9c0af05dfe78a7d6ea0ef18b1c71b29fe58fa0d9_single_sequence_seed20260919	peptide_dba94fe4564b656dcb4c88ed9c0af05dfe78a7d6ea0ef18b1c71b29fe58fa0d9	dba94fe4564b656dcb4c88ed9c0af05dfe78a7d6ea0ef18b1c71b29fe58fa0d9	boltz2_2.2.1_single_sequence	sensitivity	20260919	PF01073.26	31	61	31	0.8064516129032258	span_below_50aa	results/structure_campaign/compute/single_sequence_full/models/protein_dba94fe4564b656dcb4c88ed9c0af05dfe78a7d6ea0ef18b1c71b29fe58fa0d9_single_sequence_seed20260919/model.cif	2dbef20d4497674785da3fda6e08c6832fcf099832512880b58aa9ed33feadb6	c73db746e57eaee8439c7d84c344b4b855bc6b6de2ca2e3b2d827374acccb753			
domain_faaa34b93a60f7bda1bb966e	protein_dfb8a2ccde79614b69b3425f8cd6ffcf0f2bddaf437ae76facc8bb7ebdfacb2e_single_sequence_seed20260919	peptide_dfb8a2ccde79614b69b3425f8cd6ffcf0f2bddaf437ae76facc8bb7ebdfacb2e	dfb8a2ccde79614b69b3425f8cd6ffcf0f2bddaf437ae76facc8bb7ebdfacb2e	boltz2_2.2.1_single_sequence	sensitivity	20260919	PF03972.20	8	150	143	0.0	insufficient_local_confidence	results/structure_campaign/compute/single_sequence_full/models/protein_dfb8a2ccde79614b69b3425f8cd6ffcf0f2bddaf437ae76facc8bb7ebdfacb2e_single_sequence_seed20260919/model.cif	25709e31b33320a031e428acaa0de82f17bade5d54a33aa5a3bb783f7bfa23e3	07d86c669829ef3f8ed012ed49899985321fa1d57b35b94cd2e5ff26b0b089b7			
domain_125a928850d139e3c9efdcf1	protein_e5af13d33e889258c3c023a666c476f620d82348973f983e518b9779866522d1_single_sequence_seed20260919	peptide_e5af13d33e889258c3c023a666c476f620d82348973f983e518b9779866522d1	e5af13d33e889258c3c023a666c476f620d82348973f983e518b9779866522d1	boltz2_2.2.1_single_sequence	sensitivity	20260919	PF03821.23	103	173	71	0.15492957746478872	insufficient_local_confidence	results/structure_campaign/compute/single_sequence_full/models/protein_e5af13d33e889258c3c023a666c476f620d82348973f983e518b9779866522d1_single_sequence_seed20260919/model.cif	781895cc7585f2a092c65a454942c338cdcd025ce1823456595f7d2ed02dc918	38b643ba60b452e060d07e6fc967d97910c748c1d2b219e4adfb40eb60f54928			
domain_ba0bbd444ef22c7312be0fa2	protein_e6bde9e98c0c71a406cda37d339a2829de1ba0ba203b851d67e4082deda858a7_single_sequence_seed20260919	peptide_e6bde9e98c0c71a406cda37d339a2829de1ba0ba203b851d67e4082deda858a7	e6bde9e98c0c71a406cda37d339a2829de1ba0ba203b851d67e4082deda858a7	boltz2_2.2.1_single_sequence	sensitivity	20260919	PF22999.3	110	232	123	0.0	insufficient_local_confidence	results/structure_campaign/compute/single_sequence_full/models/protein_e6bde9e98c0c71a406cda37d339a2829de1ba0ba203b851d67e4082deda858a7_single_sequence_seed20260919/model.cif	1c7c11a18b22d08d556e52ed0223c7da6fa9d6bdd0841e46a0961a0089133d68	d7670e1c0ce24029ac7faed01df85579f08e0afe4233e087b90dc65a49256959			
domain_fbd905e737a3aee6f31e87b4	protein_e6bde9e98c0c71a406cda37d339a2829de1ba0ba203b851d67e4082deda858a7_single_sequence_seed20260919	peptide_e6bde9e98c0c71a406cda37d339a2829de1ba0ba203b851d67e4082deda858a7	e6bde9e98c0c71a406cda37d339a2829de1ba0ba203b851d67e4082deda858a7	boltz2_2.2.1_single_sequence	sensitivity	20260919	PF23009.2	241	325	85	0.0	insufficient_local_confidence	results/structure_campaign/compute/single_sequence_full/models/protein_e6bde9e98c0c71a406cda37d339a2829de1ba0ba203b851d67e4082deda858a7_single_sequence_seed20260919/model.cif	1c7c11a18b22d08d556e52ed0223c7da6fa9d6bdd0841e46a0961a0089133d68	d7670e1c0ce24029ac7faed01df85579f08e0afe4233e087b90dc65a49256959			
domain_5b22cbd52ba97efb6c035170	protein_e6bde9e98c0c71a406cda37d339a2829de1ba0ba203b851d67e4082deda858a7_single_sequence_seed20260919	peptide_e6bde9e98c0c71a406cda37d339a2829de1ba0ba203b851d67e4082deda858a7	e6bde9e98c0c71a406cda37d339a2829de1ba0ba203b851d67e4082deda858a7	boltz2_2.2.1_single_sequence	sensitivity	20260919	PF13639.13	331	379	49	0.5306122448979592	span_below_50aa	results/structure_campaign/compute/single_sequence_full/models/protein_e6bde9e98c0c71a406cda37d339a2829de1ba0ba203b851d67e4082deda858a7_single_sequence_seed20260919/model.cif	1c7c11a18b22d08d556e52ed0223c7da6fa9d6bdd0841e46a0961a0089133d68	d7670e1c0ce24029ac7faed01df85579f08e0afe4233e087b90dc65a49256959			
domain_9c897d835fcb60cfadad12d5	protein_f0766d124b52f0061597ce4e822e9275a04152df574f9a512631a0fa6ed8a2fa_single_sequence_seed20260919	peptide_f0766d124b52f0061597ce4e822e9275a04152df574f9a512631a0fa6ed8a2fa	f0766d124b52f0061597ce4e822e9275a04152df574f9a512631a0fa6ed8a2fa	boltz2_2.2.1_single_sequence	sensitivity	20260919	PF04598.18	4	77	74	0.0	insufficient_local_confidence	results/structure_campaign/compute/single_sequence_deepdive/models/protein_f0766d124b52f0061597ce4e822e9275a04152df574f9a512631a0fa6ed8a2fa_single_sequence_seed20260919/model.cif	a0d605c70053a20e3c02077184f41f17cd185bda2756113c53811565a0b98eac	6c9e0dca685d1e620cadb3ca60299bed2ddaadc1d808cdc0634f7190a8dc87c7			
domain_257bbada21574ea891893019	protein_f3b157eea4a7b3afed59584e95a707bc05cb7cf6e128952858f1c030fdca8e9f_single_sequence_seed20260919	peptide_f3b157eea4a7b3afed59584e95a707bc05cb7cf6e128952858f1c030fdca8e9f	f3b157eea4a7b3afed59584e95a707bc05cb7cf6e128952858f1c030fdca8e9f	boltz2_2.2.1_single_sequence	sensitivity	20260919	PF03165.23	31	69	39	0.05128205128205128	span_below_50aa	results/structure_campaign/compute/single_sequence_full/models/protein_f3b157eea4a7b3afed59584e95a707bc05cb7cf6e128952858f1c030fdca8e9f_single_sequence_seed20260919/model.cif	1e52ef38d6252ccf2c85e817b6a772579a9f613f4e26616ff5b5c6cbc17af3e5	5f6366c62e89a2167e94d4d7b9ccded8db011877b8ec4ba35cc4eaa8af391c0b			
domain_be1b5ac056d0df0ee68cdeb3	protein_fa6506540deb5226f196b5e2c3dc3fd6a10972fec505231d4d43a33b7e157c2a_single_sequence_seed20260919	peptide_fa6506540deb5226f196b5e2c3dc3fd6a10972fec505231d4d43a33b7e157c2a	fa6506540deb5226f196b5e2c3dc3fd6a10972fec505231d4d43a33b7e157c2a	boltz2_2.2.1_single_sequence	sensitivity	20260919	PF16660.11	220	315	96	0.0	insufficient_local_confidence	results/structure_campaign/compute/single_sequence_full/models/protein_fa6506540deb5226f196b5e2c3dc3fd6a10972fec505231d4d43a33b7e157c2a_single_sequence_seed20260919/model.cif	480b66cf4088cbac0c16ed0e1eb2bcd48a5a54b043ae908d48f9878ac8525013	a448d1f897c723dba4193e3795c76383437cbe8101975c5620f3b8838ab10417			
domain_04b204db340ac69052226487	protein_fa6506540deb5226f196b5e2c3dc3fd6a10972fec505231d4d43a33b7e157c2a_single_sequence_seed20260919	peptide_fa6506540deb5226f196b5e2c3dc3fd6a10972fec505231d4d43a33b7e157c2a	fa6506540deb5226f196b5e2c3dc3fd6a10972fec505231d4d43a33b7e157c2a	boltz2_2.2.1_single_sequence	sensitivity	20260919	PF20826.3	575	630	56	0.0	insufficient_local_confidence	results/structure_campaign/compute/single_sequence_full/models/protein_fa6506540deb5226f196b5e2c3dc3fd6a10972fec505231d4d43a33b7e157c2a_single_sequence_seed20260919/model.cif	480b66cf4088cbac0c16ed0e1eb2bcd48a5a54b043ae908d48f9878ac8525013	a448d1f897c723dba4193e3795c76383437cbe8101975c5620f3b8838ab10417			
domain_1bd594c3482ce2004f884406	protein_ff641b7f66baa209ff86e50cff70775b9fc1fd0004872ad33a501711d57eaf5e_single_sequence_seed20260919	peptide_ff641b7f66baa209ff86e50cff70775b9fc1fd0004872ad33a501711d57eaf5e	ff641b7f66baa209ff86e50cff70775b9fc1fd0004872ad33a501711d57eaf5e	boltz2_2.2.1_single_sequence	sensitivity	20260919	PF00169.36	6	68	63	0.0	insufficient_local_confidence	results/structure_campaign/compute/single_sequence_full/models/protein_ff641b7f66baa209ff86e50cff70775b9fc1fd0004872ad33a501711d57eaf5e_single_sequence_seed20260919/model.cif	2991b90b0b1204a00627e96d781bbc88f1242e90111b43f8720cadcb712a8897	80c3bbd69fce5372143ec3b91062ea2548a2b85248e8dd108f05c1cf9d182eb0			
domain_8e7d7143d133906d32a2e712	protein_ff641b7f66baa209ff86e50cff70775b9fc1fd0004872ad33a501711d57eaf5e_single_sequence_seed20260919	peptide_ff641b7f66baa209ff86e50cff70775b9fc1fd0004872ad33a501711d57eaf5e	ff641b7f66baa209ff86e50cff70775b9fc1fd0004872ad33a501711d57eaf5e	boltz2_2.2.1_single_sequence	sensitivity	20260919	PF00059.28	39	128	90	0.0	insufficient_local_confidence	results/structure_campaign/compute/single_sequence_full/models/protein_ff641b7f66baa209ff86e50cff70775b9fc1fd0004872ad33a501711d57eaf5e_single_sequence_seed20260919/model.cif	2991b90b0b1204a00627e96d781bbc88f1242e90111b43f8720cadcb712a8897	80c3bbd69fce5372143ec3b91062ea2548a2b85248e8dd108f05c1cf9d182eb0			
domain_f97d2a47a251886069f153c1	protein_ff94800e922179729e86c53f89319115126e45abae0220aa9052e0fb76f532c1_single_sequence_seed20260919	control_ff94800e922179729e86c53f89319115126e45abae0220aa9052e0fb76f532c1	ff94800e922179729e86c53f89319115126e45abae0220aa9052e0fb76f532c1	boltz2_2.2.1_single_sequence	control	20260919	PF20825.3	40	129	90	0.15555555555555556	insufficient_local_confidence	results/structure_campaign/compute/single_sequence_full/models/protein_ff94800e922179729e86c53f89319115126e45abae0220aa9052e0fb76f532c1_single_sequence_seed20260919/model.cif	ea1177cef01fb00c50527115ccaf9ae3761b24b4ad0f4cf6815ebe4934ce032f	c45bcc701040909dd6085ac3fa1833aabf4a514336e4e8a1713b3bba5e174ca7			
domain_c2d0accb2c516150a64b25ca	protein_ff94800e922179729e86c53f89319115126e45abae0220aa9052e0fb76f532c1_single_sequence_seed20260919	control_ff94800e922179729e86c53f89319115126e45abae0220aa9052e0fb76f532c1	ff94800e922179729e86c53f89319115126e45abae0220aa9052e0fb76f532c1	boltz2_2.2.1_single_sequence	control	20260919	PF03489.23	81	113	33	0.0	span_below_50aa	results/structure_campaign/compute/single_sequence_full/models/protein_ff94800e922179729e86c53f89319115126e45abae0220aa9052e0fb76f532c1_single_sequence_seed20260919/model.cif	ea1177cef01fb00c50527115ccaf9ae3761b24b4ad0f4cf6815ebe4934ce032f	c45bcc701040909dd6085ac3fa1833aabf4a514336e4e8a1713b3bba5e174ca7			
