species	assembly	run	read_id	caller	gene5	gene3	chrom5	chrom3	strand5	strand3	boundary5_0based	boundary3_0based	query_gap_nt	status	start5	end5	qstart5	qend5	start3	end3	qstart3	qend3	original_read_id	mapq5	aligned_nt5	mapq3	aligned_nt3	alignment_qc_pass
bos_taurus	ARS-UCD2.0	SRR31429688	SRR31429688.1372087	LongGF	ENSBTAG00000071406	ENSBTAG00000076786	23	4	+	+	27947975	106071887	-1	unvalidated_caller_evidence	27873896	27947975	5	1460	106071887	106075652	1459	2078	0c7e1ea4-ca6b-42bf-aae1-568c577eeac1	60	1389	60	601	True
bos_taurus	ARS-UCD2.0	SRR31429688	SRR31429688.1534760	LongGF	ENSBTAG00000071406	ENSBTAG00000076786	23	4	+	+	27947971	106071885	3	unvalidated_caller_evidence	27830896	27947971	0	1502	106071885	106075652	1505	2111	a5b53ed2-578b-4cdf-b008-c1f79cbe4788	60	1482	26	598	True
bos_taurus	ARS-UCD2.0	SRR31429688	SRR31429688.1610012	LongGF	ENSBTAG00000071406	ENSBTAG00000076786	23	4	+	+	27947975	106071887	-1	unvalidated_caller_evidence	27945364	27947975	14	1479	106071887	106075644	1478	2104	7a60d113-c855-491f-b996-7a5dbb3f35d9	54	1392	60	597	True
bos_taurus	ARS-UCD2.0	SRR31429688	SRR31429688.1767033	LongGF	ENSBTAG00000071406	ENSBTAG00000076786	23	4	+	+	27947975	106071887	5	unvalidated_caller_evidence	27946622	27947975	5	1022	106071887	106075652	1027	1663	83fd6b3a-175e-4058-83ce-4c8ac52ba41f	60	1001	60	613	True
bos_taurus	ARS-UCD2.0	SRR31429688	SRR31429688.404879	LongGF	ENSBTAG00000071406	ENSBTAG00000076786	23	4	+	+	27947972	106071886	8	unvalidated_caller_evidence	27830857	27947972	19	1608	106071886	106075652	1616	2242	7d8839a9-33aa-4a26-9206-7a289f07b9c0	60	1544	60	610	True
bos_taurus	ARS-UCD2.0	SRR31429688	SRR31429688.433451	LongGF	ENSBTAG00000071406	ENSBTAG00000076786	23	4	+	+	27947971	106071885	3	unvalidated_caller_evidence	27830769	27947971	0	1707	106071885	106075652	1710	2336	d5febb4c-9935-4ea6-bb39-746212f99aec	60	1642	60	615	True
bos_taurus	ARS-UCD2.0	SRR31429688	SRR31429688.642816	LongGF	ENSBTAG00000071406	ENSBTAG00000076786	23	4	+	+	27947975	106071879	-9	unvalidated_caller_evidence	27947483	27947975	2	493	106071879	106075652	484	1123	13a5e095-59e6-4110-b903-1a1990e197f9	37	469	43	617	True
bos_taurus	ARS-UCD2.0	SRR31429688	SRR31429688.708113	LongGF	ENSBTAG00000071406	ENSBTAG00000076786	23	4	+	+	27947975	106071886	4	unvalidated_caller_evidence	27947773	27947975	0	195	106071886	106075652	199	828	3ca8c2d3-282f-41b3-9cd4-56d0eda1e048	1	190	60	614	False
bos_taurus	ARS-UCD2.0	SRR31429688	SRR31429688.862987	LongGF	ENSBTAG00000071406	ENSBTAG00000076786	23	4	+	+	27947975	106071885	0	unvalidated_caller_evidence	27947477	27947975	0	497	106071885	106075652	497	1131	14395781-c09f-4518-a5ff-b15d1a2a7546	60	486	60	615	True
bos_taurus	ARS-UCD2.0	SRR31429688	SRR31429688.1019982	LongGF	ENSBTAG00000074557	ENSBTAG00000000223	11	11	+	+	26360602	26643598	-3	unvalidated_caller_evidence	26360318	26360602	0	274	26643598	26670031	271	3118	abcf4a66-d9cc-4d5d-b7b7-15f5a6761aed	60	272	60	2781	True
bos_taurus	ARS-UCD2.0	SRR31429688	SRR31429688.1481648	LongGF	ENSBTAG00000074557	ENSBTAG00000000223	11	11	+	+	26360599	26643608	8	unvalidated_caller_evidence	26360331	26360599	19	285	26643608	26670031	293	3142	673a7a06-7837-4f55-8957-d4fb8f7715a1	60	247	60	2758	True
bos_taurus	ARS-UCD2.0	SRR31429688	SRR31429688.1550894	LongGF	ENSBTAG00000074557	ENSBTAG00000000223	11	11	+	+	26360602	26643598	-3	unvalidated_caller_evidence	26360273	26360602	1	311	26643598	26677330	308	2046	f806c3ae-7601-4f9c-81e0-0f5ef488bacf	60	307	60	1702	True
bos_taurus	ARS-UCD2.0	SRR31429688	SRR31429688.347997	LongGF	ENSBTAG00000074557	ENSBTAG00000000223	11	11	+	+	26360602	26643598	-3	unvalidated_caller_evidence	26360314	26360602	0	289	26643598	26677135	286	9154	c0ae1384-69f3-490e-ac4d-a572ee860763	60	278	60	8684	True
bos_taurus	ARS-UCD2.0	SRR31429688	SRR31429688.393671	LongGF	ENSBTAG00000074557	ENSBTAG00000000223	11	11	+	+	26360602	26643598	-3	unvalidated_caller_evidence	26360177	26360602	1	426	26643598	26670028	423	3254	de929781-ce5d-48f8-8b64-cfa42989a32d	60	413	60	2779	True
bos_taurus	ARS-UCD2.0	SRR31429688	SRR31429688.1513538	LongGF	ENSBTAG00000072259	ENSBTAG00000058030	NKLS02001733.1	17	+	+	7618	71170638	13	unvalidated_caller_evidence	7135	7618	3	371	71170638	71172445	384	880	bcd55ad8-a639-4a3b-beb4-fe07122ad2f1	29	360	0	482	False
bos_taurus	ARS-UCD2.0	SRR31429688	SRR31429688.1630667	LongGF	ENSBTAG00000072259	ENSBTAG00000058030	NKLS02001733.1	17	+	+	7633	71170635	-3	unvalidated_caller_evidence	7135	7633	2	381	71170635	71172439	378	874	7aec22b6-97ac-4806-992a-b03b887fbbf6	15	375	0	479	False
bos_taurus	ARS-UCD2.0	SRR31429688	SRR31429688.1776464	LongGF	ENSBTAG00000072259	ENSBTAG00000058030	NKLS02001733.1	17	+	+	7634	71170638	1	unvalidated_caller_evidence	7131	7634	0	393	71170638	71172445	394	897	12bffd82-3337-4215-9ab8-2f8b16f12b90	37	377	0	490	False
bos_taurus	ARS-UCD2.0	SRR31429688	SRR31429688.197324	LongGF	ENSBTAG00000072259	ENSBTAG00000058030	NKLS02001733.1	17	+	+	7632	71170640	1	unvalidated_caller_evidence	7144	7632	6	384	71170640	71172443	385	882	48cf35ae-34d3-4eca-8fca-144ab0e0d22b	37	362	0	480	False
bos_taurus	ARS-UCD2.0	SRR31429688	SRR31429688.972221	LongGF	ENSBTAG00000072259	ENSBTAG00000058030	NKLS02001733.1	17	+	+	7633	71170633	-2	unvalidated_caller_evidence	7134	7633	2	375	71170633	71172440	373	878	95e51dbe-f7c9-48ad-ac4a-d2bb0a295209	26	370	0	495	False
bos_taurus	ARS-UCD2.0	SRR31429688	SRR31429688.1366117	LongGF	ENSBTAG00000068150	ENSBTAG00000005273	11	11	+	+	6825833	6876058	-2	unvalidated_caller_evidence	6825560	6825833	0	268	6876058	6915251	266	5470	d55e90c6-0ee1-46df-9217-c64bd0e970d8	60	263	60	5085	True
bos_taurus	ARS-UCD2.0	SRR31429688	SRR31429688.1600833	LongGF	ENSBTAG00000068150	ENSBTAG00000005273	11	11	+	+	6825832	6876058	2	unvalidated_caller_evidence	6825567	6825832	7	262	6876058	6915251	264	3817	51c04f94-3927-468e-a432-e463eff21743	60	245	60	3417	True
bos_taurus	ARS-UCD2.0	SRR31429688	SRR31429688.373214	LongGF	ENSBTAG00000068150	ENSBTAG00000005273	11	11	+	+	6825833	6876058	-2	unvalidated_caller_evidence	6825562	6825833	1	264	6876058	6915249	262	3864	ecff268c-82a6-4e8b-a8ff-8a15702d1e09	60	254	60	3534	True
bos_taurus	ARS-UCD2.0	SRR31429688	SRR31429688.472740	LongGF	ENSBTAG00000068150	ENSBTAG00000005273	11	11	+	+	6825833	6876058	-2	unvalidated_caller_evidence	6825560	6825833	0	270	6876058	6915249	268	3773	c1038f93-c042-4a5c-9cbd-f05059212259	60	262	60	3445	True
bos_taurus	ARS-UCD2.0	SRR31429688	SRR31429688.607733	LongGF	ENSBTAG00000068150	ENSBTAG00000005273	11	11	+	+	6825827	6876070	13	unvalidated_caller_evidence	6825529	6825827	2	295	6876070	6915249	308	3795	6a9f83d2-3aa2-4bf7-b322-d7fd06a02489	60	283	60	3420	True
bos_taurus	ARS-UCD2.0	SRR31429688	SRR31429688.1181999	LongGF	ENSBTAG00000056213	ENSBTAG00000004662	26	26	-	-	11177114	11125549	-1	unvalidated_caller_evidence	11177114	11206220	0	205	11102710	11125549	204	4321	06048203-fbf6-4c5b-9b28-f07c80f858c6	60	198	60	4013	True
bos_taurus	ARS-UCD2.0	SRR31429688	SRR31429688.121646	LongGF	ENSBTAG00000056213	ENSBTAG00000004662	26	26	-	-	11177114	11125549	-1	unvalidated_caller_evidence	11177114	11206164	1	140	11118506	11125549	139	1683	8ef8c2a6-130e-4d1b-bb22-0ceefcfa5c09	15	136	60	1514	False
bos_taurus	ARS-UCD2.0	SRR31429688	SRR31429688.1475082	LongGF	ENSBTAG00000056213	ENSBTAG00000004662	26	26	-	-	11177114	11125549	-1	unvalidated_caller_evidence	11177114	11206352	0	324	11102710	11125549	323	4410	2eb779cc-2c22-4073-af34-6cae3392ee15	60	317	60	3990	True
bos_taurus	ARS-UCD2.0	SRR31429688	SRR31429688.35863	LongGF	ENSBTAG00000056213	ENSBTAG00000004662	26	26	-	-	11177116	11125549	0	unvalidated_caller_evidence	11177116	11206167	7	151	11102710	11125549	151	4219	94870bdd-0354-47b9-b581-4576abacbfb1	57	141	60	3967	True
bos_taurus	ARS-UCD2.0	SRR31429688	SRR31429688.1687048	LongGF	ENSBTAG00000049411	ENSBTAG00000074626	X	Y	+	-	138904041	1142014	-2	unvalidated_caller_evidence	138855839	138904041	2	327	1105594	1142014	325	1312	7fe78d86-f236-4382-8881-a04ebffaa279	13	321	22	971	False
bos_taurus	ARS-UCD2.0	SRR31429688	SRR31429688.1857236	LongGF	ENSBTAG00000049411	ENSBTAG00000074626	X	Y	+	-	138904041	1142014	-2	unvalidated_caller_evidence	138855855	138904041	0	304	1105594	1142014	302	1274	ebffb75d-52f2-4f21-8626-df793cf09ecc	13	303	10	953	False
bos_taurus	ARS-UCD2.0	SRR31429688	SRR31429688.261348	LongGF	ENSBTAG00000049411	ENSBTAG00000074626	X	Y	+	-	138904041	1142014	-2	unvalidated_caller_evidence	138896907	138904041	131	303	1121579	1142014	301	986	d3354afa-c274-4074-8d7f-8f0ed49163ac	23	159	0	658	False
bos_taurus	ARS-UCD2.0	SRR31429688	SRR31429688.292118	LongGF	ENSBTAG00000049411	ENSBTAG00000074626	X	Y	+	-	138904035	1142015	1	unvalidated_caller_evidence	138855865	138904035	7	314	1102628	1142015	315	1555	95e40968-7eb3-4668-a163-27197c6b256d	2	288	10	1176	False
bos_taurus	ARS-UCD2.0	SRR31429688	SRR31429688.1078291	LongGF	ENSBTAG00000050515	ENSBTAG00000064308	NKLS02001361.1	17	+	+	30108	71164401	4	unvalidated_caller_evidence	29816	30108	101	398	71164401	71166204	402	925	a948258e-804d-4907-9bba-4c15761df26b	47	281	1	492	False
bos_taurus	ARS-UCD2.0	SRR31429688	SRR31429688.1755745	LongGF	ENSBTAG00000050515	ENSBTAG00000064308	NKLS02001361.1	17	+	+	30107	71164401	1	unvalidated_caller_evidence	29623	30107	5	369	71164401	71166207	370	865	6ffd30a0-4852-4cf3-ad9a-a94697455132	42	357	1	480	False
bos_taurus	ARS-UCD2.0	SRR31429688	SRR31429688.64414	LongGF	ENSBTAG00000050515	ENSBTAG00000064308	NKLS02001361.1	17	+	+	30112	71164412	8	unvalidated_caller_evidence	29612	30112	0	373	71164412	71166179	381	824	11983fe6-00c1-452a-8d7d-fa7f2d8be689	32	364	1	434	False
bos_taurus	ARS-UCD2.0	SRR31429688	SRR31429688.925605	LongGF	ENSBTAG00000050515	ENSBTAG00000064308	NKLS02001361.1	17	+	+	30107	71164402	8	unvalidated_caller_evidence	29611	30107	0	382	71164402	71166199	390	882	9041644e-b6f7-4e03-9728-a9e59832b5f6	60	379	1	481	False
bos_taurus	ARS-UCD2.0	SRR31429688	SRR31429688.1333081	LongGF	ENSBTAG00000001801	ENSBTAG00000060658	24	24	+	+	12655865	12715333	-5	unvalidated_caller_evidence	12650252	12655865	8	1181	12715333	12715481	1176	1321	81277469-6779-48a8-90e4-a5af6837f9a9	60	1152	60	145	True
bos_taurus	ARS-UCD2.0	SRR31429688	SRR31429688.162825	LongGF	ENSBTAG00000001801	ENSBTAG00000060658	24	24	+	+	12655865	12715333	-5	unvalidated_caller_evidence	12650297	12655865	3	1140	12715333	12715474	1135	1265	0350d2ef-3db8-455d-bc30-83e9a0f4b78e	60	1120	60	130	True
bos_taurus	ARS-UCD2.0	SRR31429688	SRR31429688.1771837	LongGF	ENSBTAG00000001801	ENSBTAG00000060658	24	24	+	+	12655865	12715333	-5	unvalidated_caller_evidence	12653489	12655865	0	722	12715333	12715474	717	854	a77e8fd2-2b98-4e5e-8bc2-642c5cabcdb6	60	713	60	136	True
bos_taurus	ARS-UCD2.0	SRR31429688	SRR31429688.3747	LongGF	ENSBTAG00000001801	ENSBTAG00000060658	24	24	+	+	12655865	12715333	-5	unvalidated_caller_evidence	12650240	12655865	0	1197	12715333	12715474	1192	1331	dfc2caa7-3fd4-462d-94cb-1be2083115ee	60	1176	60	135	True
bos_taurus	ARS-UCD2.0	SRR31429688	SRR31429688.266176	LongGF	ENSBTAG00000050515	ENSBTAG00000058030	NKLS02001361.1	17	+	+	30100	71170639	16	unvalidated_caller_evidence	29654	30100	0	331	71170639	71172443	347	850	5734d3d4-cf45-4acb-90eb-e682f49279c0	60	324	0	492	False
bos_taurus	ARS-UCD2.0	SRR31429688	SRR31429688.880572	LongGF	ENSBTAG00000050515	ENSBTAG00000058030	NKLS02001361.1	17	+	+	30108	71170627	1	unvalidated_caller_evidence	29612	30108	0	381	71170627	71172443	382	899	dac036e8-9df8-4e48-9ea7-ed8aad205e0d	60	372	0	501	False
bos_taurus	ARS-UCD2.0	SRR31429688	SRR31429688.889731	LongGF	ENSBTAG00000050515	ENSBTAG00000058030	NKLS02001361.1	17	+	+	30114	71170636	3	unvalidated_caller_evidence	29621	30114	4	377	71170636	71172442	380	874	cde3a6a4-8d85-4d15-9c5c-d6a19fdaf8fe	30	365	0	474	False
bos_taurus	ARS-UCD2.0	SRR31429688	SRR31429688.1670238	LongGF	ENSBTAG00000047223	ENSBTAG00000052413	13	13	-	-	57531508	57479957	-4	unvalidated_caller_evidence	57531508	57531911	0	389	57465316	57479957	385	1778	a20bc369-6cb5-404a-8422-f6310105691b	60	382	60	1367	True
bos_taurus	ARS-UCD2.0	SRR31429688	SRR31429688.383870	LongGF	ENSBTAG00000047223	ENSBTAG00000052413	13	13	-	-	57531508	57479957	-4	unvalidated_caller_evidence	57531508	57532584	0	817	57465315	57479957	813	2193	ed0254d2-3122-45fb-94c9-fae3e4cfb2b7	60	794	60	1334	True
bos_taurus	ARS-UCD2.0	SRR31429688	SRR31429688.911128	LongGF	ENSBTAG00000047223	ENSBTAG00000052413	13	13	-	-	57531508	57479957	-4	unvalidated_caller_evidence	57531508	57531636	2	127	57465316	57479957	123	1453	4098b60b-0c22-4bda-94d6-c90f017ace32	60	122	60	1314	True
bos_taurus	ARS-UCD2.0	SRR31429688	SRR31429688.1507699	LongGF	ENSBTAG00000050136	ENSBTAG00000064308	17	17	+	+	70793470	71164401	-3	unvalidated_caller_evidence	70792971	70793470	0	477	71164401	71166204	474	971	160a4d0a-42b7-4a5c-9819-c350256f9f73	0	372	1	488	False
bos_taurus	ARS-UCD2.0	SRR31429688	SRR31429688.1744610	LongGF	ENSBTAG00000050136	ENSBTAG00000064308	17	17	+	+	70793470	71164401	-3	unvalidated_caller_evidence	70792970	70793470	4	395	71164401	71166200	392	901	352536ee-4278-4356-8fc2-da6d839c3a80	1	373	0	496	False
bos_taurus	ARS-UCD2.0	SRR31429688	SRR31429688.1147699	LongGF	ENSBTAG00000058403	ENSBTAG00000018248	22	22	+	+	59639136	59738445	8	unvalidated_caller_evidence	59638244	59639136	0	177	59738445	59826633	185	2810	209876ca-b102-4ead-accf-d167968faae2	60	174	60	2571	True
bos_taurus	ARS-UCD2.0	SRR31429688	SRR31429688.65174	LongGF	ENSBTAG00000058403	ENSBTAG00000018248	22	22	+	+	59639141	59738441	-1	unvalidated_caller_evidence	59638025	59639141	7	399	59738441	59826843	398	3245	4b9dbcd7-ee33-4485-b95d-91ad3831b4ff	60	386	60	2784	True
bos_taurus	ARS-UCD2.0	SRR31429688	SRR31429688.1239560	LongGF	ENSBTAG00000071137	ENSBTAG00000014861	27	27	-	-	37368928	37306640	-4	unvalidated_caller_evidence	37368928	37369080	1	151	37252166	37306640	147	3556	0abd6caa-9e12-43e7-9ffd-cbba4407c4fb	60	147	60	3348	True
bos_taurus	ARS-UCD2.0	SRR31429688	SRR31429688.545095	LongGF	ENSBTAG00000071137	ENSBTAG00000014861	27	27	-	-	37368928	37306640	-4	unvalidated_caller_evidence	37368928	37369073	0	141	37252166	37306640	137	3592	22e1eb95-b210-44b7-a302-0f41063fdf91	60	141	60	3388	True
bos_taurus	ARS-UCD2.0	SRR31429688	SRR31429688.339760	LongGF	ENSBTAG00000075859	ENSBTAG00000017294	27	8	-	+	6225410	103551038	0	unvalidated_caller_evidence	6225410	6226176	144	897	103551038	103554405	897	1547	92f775a2-a202-4be3-9e6d-1acd2ed54d8d	60	716	60	634	True
bos_taurus	ARS-UCD2.0	SRR31429688	SRR31429688.535240	LongGF	ENSBTAG00000075859	ENSBTAG00000017294	27	8	-	+	6225409	103551036	-2	unvalidated_caller_evidence	6225409	6226176	169	930	103551036	103554405	928	1560	b633b9f9-1b15-4589-89b4-4758659d6d20	60	732	60	628	True
bos_taurus	ARS-UCD2.0	SRR31429688	SRR31429688.1285813	LongGF	ENSBTAG00000019338	ENSBTAG00000006439	X	X	+	+	3168951	2980426	-1	unvalidated_caller_evidence	3168846	3168951	3	109	2980426	3007250	108	1434	3f276886-2ef5-4d73-ad07-1bea99997865	0	102	45	1310	False
bos_taurus	ARS-UCD2.0	SRR31429688	SRR31429688.1434724	LongGF	ENSBTAG00000019338	ENSBTAG00000006439	X	X	+	+	3168951	2980426	-1	unvalidated_caller_evidence	3168803	3168951	6	165	2980426	3007256	164	1665	9b9356cd-8267-48fb-9560-304c69d281b2	0	146	48	1450	False
bos_taurus	ARS-UCD2.0	SRR31429688	SRR31429688.1028161	LongGF	ENSBTAG00000008505	ENSBTAG00000006745	11	17	+	+	77918266	2846470	-1	unvalidated_caller_evidence	77917847	77918266	7	426	2846470	2848782	425	877	18678dd4-33b9-43a0-8803-0202ecd3f54d	60	409	60	449	True
bos_taurus	ARS-UCD2.0	SRR31429688	SRR31429688.1147920	LongGF	ENSBTAG00000006745	ENSBTAG00000012703	17	23	+	-	2848594	12494288	3	unvalidated_caller_evidence	2846289	2848594	0	452	12494168	12494288	455	572	4a060f76-94a2-4526-91fc-a363d175e792	60	445	60	117	True
bos_taurus	ARS-UCD2.0	SRR31429688	SRR31429688.1404541	LongGF	ENSBTAG00000069262	ENSBTAG00000005273	11	11	+	+	6781926	6876058	1	unvalidated_caller_evidence	6781748	6781926	18	192	6876058	6912369	193	849	2c208cd4-de31-472a-9501-f3ba64090ab4	60	173	60	641	True
bos_taurus	ARS-UCD2.0	SRR31429688	SRR31429688.1682730	LongGF	ENSBTAG00000060382	ENSBTAG00000005338	27	15	-	+	6219483	63302958	16	unvalidated_caller_evidence	6219483	6220065	0	583	63302958	63316292	599	1303	ce6bde39-5dc9-4f94-a8de-40ea5024ae7c	60	556	1	677	False
bos_taurus	ARS-UCD2.0	SRR31429688	SRR31429688.536636	LongGF	ENSBTAG00000005373	ENSBTAG00000046684	10	10	-	-	46993319	100832069	2	unvalidated_caller_evidence	46993319	46993873	11	559	100831734	100832069	561	890	6449cf0b-4d19-4fcc-818c-ecf8857a04ab	60	533	60	324	True
bos_taurus	ARS-UCD2.0	SRR31429688	SRR31429688.58700	LongGF	ENSBTAG00000005386	ENSBTAG00000038477	1	11	+	+	96484403	49462993	-3	unvalidated_caller_evidence	96484041	96484403	0	344	49462993	49463255	341	599	cfb2a060-804f-4b7e-a53a-a85faba4aa3a	60	338	60	253	True
bos_taurus	ARS-UCD2.0	SRR31429688	SRR31429688.770087	LongGF	ENSBTAG00000075859	ENSBTAG00000005574	27	8	-	+	6225414	11181250	2	unvalidated_caller_evidence	6225414	6225930	2	493	11181250	11194504	495	2030	f19183aa-a01a-45cb-847b-31ad959dc860	60	481	60	1518	True
bos_taurus	ARS-UCD2.0	SRR31429688	SRR31429688.729830	LongGF	ENSBTAG00000005868	ENSBTAG00000046358	5	14	+	+	96912662	63641298	-2	unvalidated_caller_evidence	96875383	96912662	1	915	63641298	63643551	913	1500	1dc01e74-851c-4c91-8cb3-27fddbe39477	60	890	60	569	True
bos_taurus	ARS-UCD2.0	SRR31429688	SRR31429688.1307691	LongGF	ENSBTAG00000017121	ENSBTAG00000006075	6	11	+	+	88489355	50551160	5	unvalidated_caller_evidence	88488683	88489355	5	110	50551160	50551404	115	351	b07dbd72-4331-4ebf-a33d-c2c02aef306c	60	104	60	227	True
bos_taurus	ARS-UCD2.0	SRR31429688	SRR31429688.1674785	LongGF	ENSBTAG00000006142	ENSBTAG00000073712	1	7	+	+	113341871	68214099	-1	unvalidated_caller_evidence	113338963	113341871	5	151	68214099	68214216	150	263	8f4e6348-ab59-4185-947e-8b05be89467e	60	145	45	110	True
bos_taurus	ARS-UCD2.0	SRR31429688	SRR31429688.1012542	LongGF	ENSBTAG00000074756	ENSBTAG00000006307	3	6	+	-	9984089	102252074	1	unvalidated_caller_evidence	9983923	9984089	0	161	102227691	102252074	162	830	2bf9c17f-7de2-4fc9-b1da-708b3c759116	60	159	60	653	True
bos_taurus	ARS-UCD2.0	SRR31429688	SRR31429688.974869	LongGF	ENSBTAG00000006354	ENSBTAG00000006370	18	3	-	+	39037401	14500829	18	unvalidated_caller_evidence	39037401	39041596	40	1253	14500829	14501152	1271	1584	09a0c2d5-32cd-461c-9643-64f4ba2cb3d9	60	1164	60	310	True
bos_taurus	ARS-UCD2.0	SRR31429688	SRR31429688.1211327	LongGF	ENSBTAG00000007620	ENSBTAG00000026886	16	21	+	-	51202687	68462509	4	unvalidated_caller_evidence	51201648	51202687	0	170	68460843	68462509	174	450	41fe43c4-49e8-42a5-86d7-6844230f12a3	60	168	60	273	True
bos_taurus	ARS-UCD2.0	SRR31429688	SRR31429688.1589784	LongGF	ENSBTAG00000007685	ENSBTAG00000067528	9	9	-	-	104081262	104025328	-2	unvalidated_caller_evidence	104081262	104088263	0	322	104023614	104025328	320	1990	60a79db8-ba92-4332-bb65-b251ab3b53da	60	318	60	1629	True
bos_taurus	ARS-UCD2.0	SRR31429688	SRR31429688.461653	LongGF	ENSBTAG00000007850	ENSBTAG00000011931	22	5	+	+	48061009	57531483	6	unvalidated_caller_evidence	48059599	48061009	0	256	57531483	57532163	262	523	6082596f-3e4a-4e23-b2d1-5a05e18a0710	60	248	60	256	True
bos_taurus	ARS-UCD2.0	SRR31429688	SRR31429688.788193	LongGF	ENSBTAG00000030600	ENSBTAG00000007850	18	22	-	+	2774125	48074411	-2	unvalidated_caller_evidence	2774125	2774308	0	184	48074411	48074585	182	349	fb8e6bfc-49f7-42f4-8cf7-eb0fc30fb005	60	178	34	161	True
bos_taurus	ARS-UCD2.0	SRR31429688	SRR31429688.305665	LongGF	ENSBTAG00000014177	ENSBTAG00000007920	20	13	+	-	33339236	51276307	-1	unvalidated_caller_evidence	33325719	33339236	0	427	51276054	51276307	426	652	4825dfc3-e258-46b5-b652-6d01598a3924	60	416	60	226	True
bos_taurus	ARS-UCD2.0	SRR31429688	SRR31429688.552652	LongGF	ENSBTAG00000008122	ENSBTAG00000023939	3	26	+	-	59600004	21016770	-3	unvalidated_caller_evidence	59592051	59600004	1	350	21016659	21016770	347	459	34a9a036-eaec-47d2-9de9-a806b7f37ff2	21	343	60	109	True
bos_taurus	ARS-UCD2.0	SRR31429688	SRR31429688.695793	LongGF	ENSBTAG00000046172	ENSBTAG00000008237	16	29	-	+	59423249	50185524	-3	unvalidated_caller_evidence	59423249	59438152	2	918	50185524	50185634	915	1023	d9a50933-8f06-4588-b040-d18c8b8a6fab	60	890	60	108	True
bos_taurus	ARS-UCD2.0	SRR31429688	SRR31429688.1123621	LongGF	ENSBTAG00000006864	ENSBTAG00000009735	23	18	-	-	27333783	65641242	-1	unvalidated_caller_evidence	27333783	27339130	0	1270	65641103	65641242	1269	1404	f755c49c-ff1b-4de3-b6a6-ccf1aa10b1ba	28	1249	51	133	True
bos_taurus	ARS-UCD2.0	SRR31429688	SRR31429688.725199	LongGF	ENSBTAG00000008509	ENSBTAG00000016151	22	19	-	-	50135594	19857575	3	unvalidated_caller_evidence	50135594	50146676	0	957	19855907	19857575	960	1722	d840f3e7-8afa-4a55-8d4e-eb9f747b974c	60	929	60	735	True
bos_taurus	ARS-UCD2.0	SRR31429688	SRR31429688.1040819	LongGF	ENSBTAG00000008570	ENSBTAG00000009965	7	25	-	-	61774376	1765435	11	unvalidated_caller_evidence	61774376	61777358	22	503	1765106	1765435	514	837	b2e6dc30-1f8c-4280-949c-7691b7a7dde5	60	468	60	318	True
bos_taurus	ARS-UCD2.0	SRR31429688	SRR31429688.151387	LongGF	ENSBTAG00000031178	ENSBTAG00000008570	1	7	+	-	125443326	61776697	-1	unvalidated_caller_evidence	125441575	125443326	1172	1371	61774367	61776697	1370	1708	6a33d4c7-9e94-4ac3-a9cd-99c7bcfda488	60	194	58	335	True
bos_taurus	ARS-UCD2.0	SRR31429688	SRR31429688.1226762	LongGF	ENSBTAG00000008612	ENSBTAG00000010123	5	18	+	+	103387249	52640414	2	unvalidated_caller_evidence	103386920	103387249	6	330	52640414	52640562	332	482	e4e49dd5-4dd3-418b-ae02-eb43cb41f8c9	60	317	57	141	True
bos_taurus	ARS-UCD2.0	SRR31429688	SRR31429688.491566	LongGF	ENSBTAG00000013718	ENSBTAG00000008612	6	5	-	+	86979670	103386987	8	unvalidated_caller_evidence	86979670	86980642	3	266	103386987	103387577	274	846	0bc23e73-41ac-484c-bbd3-8454780004b9	60	258	60	568	True
bos_taurus	ARS-UCD2.0	SRR31429688	SRR31429688.72809	LongGF	ENSBTAG00000018033	ENSBTAG00000008937	13	13	-	-	23808018	13034718	-1	unvalidated_caller_evidence	23808018	23808394	0	348	13034518	13034718	347	546	648a5e13-0922-42d8-89c0-a0f68cdbafbd	60	346	33	192	True
bos_taurus	ARS-UCD2.0	SRR31429688	SRR31429688.660490	LongGF	ENSBTAG00000013452	ENSBTAG00000009212	10	3	-	+	52088024	8283960	-1	unvalidated_caller_evidence	52088024	52088814	4	780	8283960	8284123	779	938	e96509f5-851d-41f0-a049-98b13771d568	60	758	60	154	True
bos_taurus	ARS-UCD2.0	SRR31429688	SRR31429688.1782118	LongGF	ENSBTAG00000008505	ENSBTAG00000017196	11	21	+	+	77920383	55389055	1	unvalidated_caller_evidence	77920224	77920383	2	155	55389055	55392453	156	1075	e2cf8d0e-24bc-492c-9588-93ed57f43170	60	153	60	904	True
bos_taurus	ARS-UCD2.0	SRR31429688	SRR31429688.1330599	LongGF	ENSBTAG00000006833	ENSBTAG00000014744	24	7	-	+	58311359	46380008	0	unvalidated_caller_evidence	58311359	58311469	0	107	46380008	46418507	107	374	1e8b3da4-1515-409a-a8ff-70edafcce21a	60	107	60	262	True
bos_taurus	ARS-UCD2.0	SRR31429688	SRR31429688.1522947	LongGF	ENSBTAG00000006883	ENSBTAG00000010662	5	17	-	+	26937091	70092636	-3	unvalidated_caller_evidence	26937091	26939142	0	195	70092636	70093301	192	840	06ae7308-780a-4716-938d-b38fe4186eb2	60	166	60	638	True
bos_taurus	ARS-UCD2.0	SRR31429688	SRR31429688.266669	LongGF	ENSBTAG00000020330	ENSBTAG00000006991	5	6	-	+	22013250	25428864	1	unvalidated_caller_evidence	22013250	22014835	0	643	25428864	25429844	644	946	e6f53dbf-8eab-4643-bbef-da45c084572e	60	610	60	298	True
bos_taurus	ARS-UCD2.0	SRR31429688	SRR31429688.742903	LongGF	ENSBTAG00000006995	ENSBTAG00000070144	11	9	+	+	37340683	9706158	5	unvalidated_caller_evidence	37331502	37340683	0	439	9706158	9727228	444	1005	ec83d69e-76ec-4bdb-a2ac-9cceb63c22e0	60	429	60	540	True
bos_taurus	ARS-UCD2.0	SRR31429688	SRR31429688.110146	LongGF	ENSBTAG00000007578	ENSBTAG00000015358	26	8	-	-	37380008	91146283	11	unvalidated_caller_evidence	37380008	37380172	0	164	91142798	91146283	175	898	534be054-0912-42d6-a66f-dc3ab02df1a0	60	157	60	708	True
bos_taurus	ARS-UCD2.0	SRR31429688	SRR31429688.1432433	LongGF	ENSBTAG00000007332	ENSBTAG00000014501	15	10	+	-	29093087	65538930	3	unvalidated_caller_evidence	29091461	29093087	0	223	65538752	65538930	226	400	73d2633a-4dc5-4038-a972-67e4e424e2e8	43	220	60	170	True
bos_taurus	ARS-UCD2.0	SRR31429688	SRR31429688.1606311	LongGF	ENSBTAG00000001392	ENSBTAG00000046158	5	23	+	-	56537541	27415880	2	unvalidated_caller_evidence	56536523	56537541	1	997	27415351	27415880	999	1211	d39aaf08-7ef7-4450-b2fc-c9d816db89fc	60	975	60	209	True
bos_taurus	ARS-UCD2.0	SRR31429688	SRR31429688.874543	LongGF	ENSBTAG00000011994	ENSBTAG00000001509	19	5	+	+	28053253	60550202	-2	unvalidated_caller_evidence	28020457	28053253	2	1412	60550202	60550374	1410	1582	5db69747-5bb6-468b-aa95-3134446b5442	60	1383	60	169	True
bos_taurus	ARS-UCD2.0	SRR31429688	SRR31429688.920597	LongGF	ENSBTAG00000016224	ENSBTAG00000001538	8	3	-	+	110987273	116880160	-1	unvalidated_caller_evidence	110987273	110991965	0	470	116880160	116880374	469	679	aea7816f-c965-427c-9e9a-b7dafe9d2386	60	461	21	206	True
bos_taurus	ARS-UCD2.0	SRR31429688	SRR31429688.161703	LongGF	ENSBTAG00000001553	ENSBTAG00000021755	5	2	-	+	25781157	60303824	-1	unvalidated_caller_evidence	25781157	25781586	0	411	60303824	60304056	410	640	e38c133b-bc1d-489a-8148-0bb29b4d0cc8	41	406	0	230	False
bos_taurus	ARS-UCD2.0	SRR31429688	SRR31429688.1372492	LongGF	ENSBTAG00000001575	ENSBTAG00000002549	11	2	-	+	29581627	119418806	-1	unvalidated_caller_evidence	29581627	29581753	7	121	119418806	119419163	120	473	9ff082d5-1a24-468f-b54d-ba619049dce9	9	109	2	345	False
bos_taurus	ARS-UCD2.0	SRR31429688	SRR31429688.560086	LongGF	ENSBTAG00000001638	ENSBTAG00000003205	17	11	+	-	2867070	95852903	2	unvalidated_caller_evidence	2866640	2867070	2	415	95850465	95852903	417	639	4db70ff8-ab1f-44a3-b5f1-9dc78843188d	60	409	1	217	False
bos_taurus	ARS-UCD2.0	SRR31429688	SRR31429688.1470381	LongGF	ENSBTAG00000004887	ENSBTAG00000001638	11	17	+	+	10261396	2867220	3	unvalidated_caller_evidence	10260345	10261396	1	355	2867220	2867519	358	659	d2482132-6379-47f8-ae70-17340cb771cf	60	344	60	285	True
bos_taurus	ARS-UCD2.0	SRR31429688	SRR31429688.593232	LongGF	ENSBTAG00000011963	ENSBTAG00000004362	18	16	-	-	51356139	55273716	-4	unvalidated_caller_evidence	51356139	51362197	42	433	55267229	55273716	429	1257	c744b147-f306-40fe-8c52-b8706853b416	1	383	60	813	False
bos_taurus	ARS-UCD2.0	SRR31429688	SRR31429688.1208225	LongGF	ENSBTAG00000001697	ENSBTAG00000013593	1	21	+	+	81288452	29165997	0	unvalidated_caller_evidence	81288304	81288452	0	135	29165997	29166245	135	379	fe734d62-2053-45e2-8e6f-cbb92e73b199	60	135	17	239	False
bos_taurus	ARS-UCD2.0	SRR31429688	SRR31429688.898833	LongGF	ENSBTAG00000020807	ENSBTAG00000001829	29	13	-	-	43327680	54445967	-2	unvalidated_caller_evidence	43327680	43328227	6	195	54445574	54445967	193	570	b30487e3-9492-4038-8e5d-83f3dc890d5d	1	185	60	371	False
bos_taurus	ARS-UCD2.0	SRR31429688	SRR31429688.1778812	LongGF	ENSBTAG00000001881	ENSBTAG00000026428	10	25	-	+	81514789	2017487	2	unvalidated_caller_evidence	81514789	81514928	0	140	2017487	2018066	142	704	ecf8b5b8-acf1-45a5-90ba-96e677e15451	60	137	50	552	True
bos_taurus	ARS-UCD2.0	SRR31429688	SRR31429688.905664	LongGF	ENSBTAG00000001915	ENSBTAG00000004362	19	16	-	-	62619741	55273673	3	unvalidated_caller_evidence	62619741	62622311	32	396	55267283	55273673	399	1130	dee37d92-dab2-41b6-a697-1942368258ca	60	354	60	715	True
bos_taurus	ARS-UCD2.0	SRR31429688	SRR31429688.676902	LongGF	ENSBTAG00000000442	ENSBTAG00000013410	26	21	-	+	14896298	68139476	10	unvalidated_caller_evidence	14896298	14898125	3	268	68139476	68139652	278	447	b3d8dae3-70d1-4c79-8819-bfdd1bff1e56	60	258	60	168	True
bos_taurus	ARS-UCD2.0	SRR31429688	SRR31429688.805157	LongGF	ENSBTAG00000000522	ENSBTAG00000024555	1	16	-	-	80616338	32203144	5	unvalidated_caller_evidence	80616338	80618800	0	346	32202829	32203144	351	661	de60fba0-d876-4cd6-bdbf-0e904ab42112	60	343	60	303	True
bos_taurus	ARS-UCD2.0	SRR31429688	SRR31429688.58270	LongGF	ENSBTAG00000058539	ENSBTAG00000001271	6	9	-	-	84297011	96575299	-2	unvalidated_caller_evidence	84297011	84299971	0	159	96575180	96575299	157	277	0960b114-aaae-4298-8746-120c9e0a9ced	0	157	60	118	False
bos_taurus	ARS-UCD2.0	SRR31429688	SRR31429688.1223154	LongGF	ENSBTAG00000007152	ENSBTAG00000000705	5	11	-	-	55744956	24757314	-4	unvalidated_caller_evidence	55744956	55745134	0	176	24756939	24757314	172	541	229a6586-2920-4739-a778-3b0ec15d3113	60	172	60	363	True
bos_taurus	ARS-UCD2.0	SRR31429688	SRR31429688.124437	LongGF	ENSBTAG00000013924	ENSBTAG00000000802	18	15	+	+	55952915	42116358	1	unvalidated_caller_evidence	55950546	55952915	4	509	42116358	42116470	510	622	ceed1785-a1b5-494b-a6a1-a997c97e929d	60	494	60	111	True
bos_taurus	ARS-UCD2.0	SRR31429688	SRR31429688.1855480	LongGF	ENSBTAG00000031171	ENSBTAG00000000997	3	10	-	+	57269467	22194970	2	unvalidated_caller_evidence	57269467	57269691	0	207	22194970	22195088	209	326	e02f8fd2-270f-437f-94e1-a54d3acd7d0f	60	200	10	115	False
bos_taurus	ARS-UCD2.0	SRR31429688	SRR31429688.492409	LongGF	ENSBTAG00000001036	ENSBTAG00000016151	4	19	+	-	68573249	19856045	14	unvalidated_caller_evidence	68564497	68573249	387	710	19855907	19856045	724	859	ae6a8dfe-1116-4c8a-ab5b-56ac2051ad3b	60	317	10	131	False
bos_taurus	ARS-UCD2.0	SRR31429688	SRR31429688.1340194	LongGF	ENSBTAG00000001124	ENSBTAG00000001915	10	19	-	-	99691564	62614061	-1	unvalidated_caller_evidence	99691564	99706618	1	222	62611660	62614061	221	529	0a470e86-315c-4dd1-a4d2-7ccd2ef96643	60	220	60	296	True
bos_taurus	ARS-UCD2.0	SRR31429688	SRR31429688.1791764	LongGF	ENSBTAG00000001254	ENSBTAG00000060636	14	14	+	+	63839846	63892475	6	unvalidated_caller_evidence	63800525	63839846	1	315	63892475	63892666	321	506	d9266423-57d8-44e8-b9ea-665a5ffa2a3b	60	310	60	181	True
bos_taurus	ARS-UCD2.0	SRR31429688	SRR31429688.389010	LongGF	ENSBTAG00000033137	ENSBTAG00000000526	27	1	+	+	38928671	135823690	-3	unvalidated_caller_evidence	38825517	38928671	1012	1742	135823690	135824421	1739	2448	163e69c8-03b2-418a-ad71-c6ef10f43bf8	60	723	60	701	True
bos_taurus	ARS-UCD2.0	SRR31429688	SRR31429688.1507876	LongGF	ENSBTAG00000006161	ENSBTAG00000003564	4	15	-	+	51704598	46615396	-2	unvalidated_caller_evidence	51704598	51704829	13	242	46615396	46615959	240	686	4680590b-f044-42ee-bb49-95c702e3830e	60	220	60	430	True
bos_taurus	ARS-UCD2.0	SRR31429688	SRR31429688.1474840	LongGF	ENSBTAG00000003564	ENSBTAG00000008840	15	13	+	+	46615406	61138873	-2	unvalidated_caller_evidence	46615149	46615406	8	175	61138873	61146813	173	731	13518abf-797f-43d3-83fa-83a59303bd55	60	166	60	548	True
bos_taurus	ARS-UCD2.0	SRR31429688	SRR31429688.1566432	LongGF	ENSBTAG00000024291	ENSBTAG00000003773	4	4	+	-	92649159	13500254	-3	unvalidated_caller_evidence	92647981	92649159	0	300	13462660	13500254	297	1936	0c95fab3-170d-4290-9db2-b899e2b04d4d	60	296	60	1610	True
bos_taurus	ARS-UCD2.0	SRR31429688	SRR31429688.1420014	LongGF	ENSBTAG00000073770	ENSBTAG00000003898	13	3	-	+	70031575	23560416	-2	unvalidated_caller_evidence	70031575	70032347	4	725	23560416	23560573	723	876	2e531a54-f4ff-441a-bdbc-7c84f2514576	60	714	60	150	True
bos_taurus	ARS-UCD2.0	SRR31429688	SRR31429688.470454	LongGF	ENSBTAG00000009121	ENSBTAG00000003994	X	4	+	+	8341168	76124041	-2	unvalidated_caller_evidence	8278519	8341168	5	579	76124041	76124833	577	1355	de2a321e-1eee-49d8-b13e-d74c90488298	60	565	60	763	True
bos_taurus	ARS-UCD2.0	SRR31429688	SRR31429688.1497158	LongGF	ENSBTAG00000006920	ENSBTAG00000004175	1	17	-	+	82966274	53470407	-1	unvalidated_caller_evidence	82966274	82968181	0	617	53470407	53470909	616	1029	20c57fda-de83-4a73-8389-d5a4d8909789	60	601	60	407	True
bos_taurus	ARS-UCD2.0	SRR31429688	SRR31429688.617707	LongGF	ENSBTAG00000018283	ENSBTAG00000004175	22	17	-	+	11583939	53468103	17	unvalidated_caller_evidence	11583939	11588372	9	454	53468103	53470906	471	1064	563f7231-f251-4d82-a451-a608bf518f80	60	434	60	580	True
bos_taurus	ARS-UCD2.0	SRR31429688	SRR31429688.1164330	LongGF	ENSBTAG00000020938	ENSBTAG00000009284	5	5	+	+	36660123	56923186	-3	unvalidated_caller_evidence	36650673	36660123	1	764	56923186	56923309	761	890	7609fa40-04da-4130-8d2a-0906220faeb5	60	752	60	121	True
bos_taurus	ARS-UCD2.0	SRR31429688	SRR31429688.670874	LongGF	ENSBTAG00000004511	ENSBTAG00000020747	11	11	-	+	104777727	100810965	-4	unvalidated_caller_evidence	104777727	104777974	0	252	100810965	100822241	248	851	ad4574c9-24af-4b81-b9e8-f22f961bbd7b	60	238	60	589	True
bos_taurus	ARS-UCD2.0	SRR31429688	SRR31429688.1241223	LongGF	ENSBTAG00000004840	ENSBTAG00000016149	5	20	-	+	103417387	35138362	-1	unvalidated_caller_evidence	103417387	103418835	0	302	35138362	35143369	301	825	c23473f3-2e99-40c2-8b44-556eed74ad3d	60	297	60	510	True
bos_taurus	ARS-UCD2.0	SRR31429688	SRR31429688.524725	LongGF	ENSBTAG00000004840	ENSBTAG00000060375	5	8	-	-	103408428	103297839	3	unvalidated_caller_evidence	103408428	103408788	0	351	103296274	103297839	354	752	8f642bc9-73bc-44e3-9924-433effde38da	60	346	60	393	True
bos_taurus	ARS-UCD2.0	SRR31429688	SRR31429688.1143568	LongGF	ENSBTAG00000005122	ENSBTAG00000012065	1	12	-	+	80518928	73158553	11	unvalidated_caller_evidence	80518928	80523452	12	264	73158553	73160528	275	586	281272d6-0c74-4bd6-a985-d8c6b0cc9534	60	246	60	310	True
bos_taurus	ARS-UCD2.0	SRR31429688	SRR31429688.800681	LongGF	ENSBTAG00000005122	ENSBTAG00000038716	1	16	-	-	80509098	50517037	0	unvalidated_caller_evidence	80509098	80527130	52	866	50516467	50517037	866	1411	a6aff4f2-8382-44c3-9ec4-9fce710244e8	60	790	60	526	True
bos_taurus	ARS-UCD2.0	SRR31429688	SRR31429688.1028297	LongGF	ENSBTAG00000001936	ENSBTAG00000031631	13	16	-	+	58614709	51256823	-7	unvalidated_caller_evidence	58614709	58615129	3	258	51256823	51257855	251	646	c7d0eed8-8126-4376-8e09-775089378281	60	250	60	387	True
bos_taurus	ARS-UCD2.0	SRR31429688	SRR31429688.668724	LongGF	ENSBTAG00000015047	ENSBTAG00000002030	6	3	-	+	84986388	113723306	3	unvalidated_caller_evidence	84986388	84986686	4	302	113723306	113730889	305	439	ebd6c20a-a567-4009-9f3a-b920871d5c2b	60	288	60	131	True
bos_taurus	ARS-UCD2.0	SRR31429688	SRR31429688.1007937	LongGF	ENSBTAG00000002110	ENSBTAG00000005343	10	15	-	+	10127866	34478198	-3	unvalidated_caller_evidence	10127866	10128010	21	162	34478198	34478359	159	319	6a836df1-e1df-4916-ae8f-61561716a36c	60	139	60	157	True
bos_taurus	ARS-UCD2.0	SRR31429688	SRR31429688.1623532	LongGF	ENSBTAG00000002255	ENSBTAG00000004288	10	23	+	-	10197130	25210431	-4	unvalidated_caller_evidence	10192238	10197130	5	216	25209829	25210431	212	805	5e0ed0f8-aa23-49b2-b2ce-3ae12de666bc	60	207	60	581	True
bos_taurus	ARS-UCD2.0	SRR31429688	SRR31429688.1623844	LongGF	ENSBTAG00000002255	ENSBTAG00000046358	10	14	+	+	10197129	63643102	-3	unvalidated_caller_evidence	10192239	10197129	6	206	63643102	63643542	203	624	07883edd-c859-4871-ac2f-f1f28e30d23f	60	198	60	412	True
bos_taurus	ARS-UCD2.0	SRR31429688	SRR31429688.1411742	LongGF	ENSBTAG00000020308	ENSBTAG00000002796	15	7	+	-	41881357	49217434	2	unvalidated_caller_evidence	41881090	41881357	0	265	49216921	49217434	267	744	ff17c4a3-9de7-4def-80fe-95d6bda9ecb5	7	262	60	466	False
bos_taurus	ARS-UCD2.0	SRR31429688	SRR31429688.61840	LongGF	ENSBTAG00000002827	ENSBTAG00000019410	9	9	+	-	96042243	40983906	-5	unvalidated_caller_evidence	96033958	96042243	0	455	40983486	40983906	450	865	4a1cad93-5dc4-4a69-99ba-6ab391a1d628	60	447	60	404	True
bos_taurus	ARS-UCD2.0	SRR31429688	SRR31429688.1385186	LongGF	ENSBTAG00000019852	ENSBTAG00000002935	X	25	-	+	123766229	28320578	-3	unvalidated_caller_evidence	123766229	123769148	6	374	28320578	28320716	371	503	e04100ec-3061-44b4-8ff5-7433b305eb12	60	365	60	131	True
bos_taurus	ARS-UCD2.0	SRR31429688	SRR31429688.1121302	LongGF	ENSBTAG00000014075	ENSBTAG00000003152	13	21	-	+	16140397	58744337	10	unvalidated_caller_evidence	16140397	16143047	9	303	58744337	58744447	313	423	fa594a92-04e1-4a21-8285-5027d5d14699	60	289	56	108	True
bos_taurus	ARS-UCD2.0	SRR31429688	SRR31429688.953480	LongGF	ENSBTAG00000003207	ENSBTAG00000051169	2	2	-	-	25731166	25669260	1	unvalidated_caller_evidence	25731166	25731371	0	196	25661912	25669260	197	524	1276f5bd-70eb-4a83-a507-7599177f4329	60	190	60	317	True
bos_taurus	ARS-UCD2.0	SRR31429688	SRR31429688.1561631	LongGF	ENSBTAG00000003362	ENSBTAG00000016864	5	13	+	+	67601307	67241110	-1	unvalidated_caller_evidence	67600074	67601307	0	231	67241110	67247278	230	755	0a4c7bfc-85fd-4e32-aab1-c08de6e52d91	60	224	60	513	True
bos_taurus	ARS-UCD2.0	SRR31429688	SRR31429688.1504696	LongGF	ENSBTAG00000003362	ENSBTAG00000019368	5	6	+	-	67614730	72408301	10	unvalidated_caller_evidence	67611285	67614730	0	792	72405521	72408301	802	1289	f9fc2804-81ca-43c0-8839-d31b5c9d33c2	60	767	60	479	True
bos_taurus	ARS-UCD2.0	SRR31429688	SRR31429688.1570025	LongGF	ENSBTAG00000003481	ENSBTAG00000032301	14	14	-	-	73279563	73227807	-4	unvalidated_caller_evidence	73279563	73290105	0	247	73226316	73227807	243	979	e119eff2-aaaa-45ba-bebe-83c2679edc3e	60	241	60	716	True
bos_taurus	ARS-UCD2.0	SRR31429688	SRR31429688.485245	LongGF	ENSBTAG00000002452	ENSBTAG00000031295	17	8	-	+	68930823	101778636	-2	unvalidated_caller_evidence	68930823	68942694	1	596	101778636	101808123	594	1936	cf927888-2978-4d50-81ee-a87f39ff1b58	60	589	60	1322	True
bos_taurus	ARS-UCD2.0	SRR31429688	SRR31429688.24098	LongGF	ENSBTAG00000020704	ENSBTAG00000057856	4	4	-	-	76475611	76417041	-1	unvalidated_caller_evidence	76475611	76493548	0	251	76415657	76417041	250	1583	96b4ea96-5602-458f-9a1a-209f6c453a75	60	244	60	1313	True
bos_taurus	ARS-UCD2.0	SRR31429688	SRR31429688.1864699	LongGF	ENSBTAG00000060375	ENSBTAG00000020973	8	22	-	+	103297859	47851448	-1	unvalidated_caller_evidence	103297859	103304056	23	422	47851448	47851689	421	664	6424d58a-6971-4af5-b575-2168ba05e59e	60	392	60	232	True
bos_taurus	ARS-UCD2.0	SRR31429688	SRR31429688.571107	LongGF	ENSBTAG00000021237	ENSBTAG00000065402	23	17	+	+	3522550	72306845	2	unvalidated_caller_evidence	3522406	3522550	0	139	72306845	72307211	141	500	d865e74c-b2f0-4367-babb-3864fa8a2104	60	138	60	346	True
bos_taurus	ARS-UCD2.0	SRR31429688	SRR31429688.206068	LongGF	ENSBTAG00000021263	ENSBTAG00000034139	27	6	+	+	16266613	25512636	-5	unvalidated_caller_evidence	16264891	16266613	10	1676	25512636	25512896	1671	1922	cba7e308-a65c-4d79-9c90-52043f354633	60	1625	60	244	True
bos_taurus	ARS-UCD2.0	SRR31429688	SRR31429688.1117149	LongGF	ENSBTAG00000043553	ENSBTAG00000021523	7	19	+	-	62292540	42418659	0	unvalidated_caller_evidence	62292395	62292540	0	139	42417950	42418659	139	824	3c69d6a1-c7eb-437e-bdf1-9825b8c4adf6	45	135	60	659	True
bos_taurus	ARS-UCD2.0	SRR31429688	SRR31429688.1854222	LongGF	ENSBTAG00000077085	ENSBTAG00000021744	10	15	-	-	42627564	77250504	-3	unvalidated_caller_evidence	42627564	42629341	0	216	77250378	77250504	213	329	84add9ef-5919-46f5-8990-ed06a6f47e2a	1	213	60	115	False
bos_taurus	ARS-UCD2.0	SRR31429688	SRR31429688.876002	LongGF	ENSBTAG00000070993	ENSBTAG00000021980	5	5	-	-	83958376	83890779	5	unvalidated_caller_evidence	83958376	84005500	7	523	83871042	83890779	528	2190	06a67882-09ca-4e36-b580-fdded45dec91	60	505	60	1623	True
bos_taurus	ARS-UCD2.0	SRR31429688	SRR31429688.1595368	LongGF	ENSBTAG00000017294	ENSBTAG00000026181	8	3	+	+	103551617	113418899	11	unvalidated_caller_evidence	103550945	103551617	0	284	113418899	113425179	295	1644	a8c30da6-0368-4810-949f-e7b1c7e50a52	60	280	60	1330	True
bos_taurus	ARS-UCD2.0	SRR31429688	SRR31429688.339842	LongGF	ENSBTAG00000017368	ENSBTAG00000030435	3	2	-	-	103528668	128941703	-2	unvalidated_caller_evidence	103528668	103539446	9	257	128938564	128941703	255	2444	b49b1af3-e457-4879-b4ea-10535da4c045	60	241	60	2127	True
bos_taurus	ARS-UCD2.0	SRR31429688	SRR31429688.1449417	LongGF	ENSBTAG00000022920	ENSBTAG00000017442	X	10	+	-	55325185	4659969	-1	unvalidated_caller_evidence	55324954	55325185	1	236	4659719	4659969	235	484	b8f520f2-0adb-4d6b-bfca-97954cd4f2ce	60	227	60	244	True
bos_taurus	ARS-UCD2.0	SRR31429688	SRR31429688.1321563	LongGF	ENSBTAG00000017722	ENSBTAG00000046633	16	21	-	-	37185900	67530683	9	unvalidated_caller_evidence	37185900	37186047	0	144	67530389	67530683	153	437	608c636b-9048-4a04-b4f5-71b9b8727ceb	60	142	1	284	False
bos_taurus	ARS-UCD2.0	SRR31429688	SRR31429688.344467	LongGF	ENSBTAG00000018112	ENSBTAG00000073781	X	Y	-	+	133451988	6723256	-4	unvalidated_caller_evidence	133451988	133490277	292	522	6723256	6782461	518	2671	d396ba36-9111-4f6d-a262-c75d99451c05	60	224	1	2103	False
bos_taurus	ARS-UCD2.0	SRR31429688	SRR31429688.1504176	LongGF	ENSBTAG00000056582	ENSBTAG00000018616	16	20	-	-	50992689	16799476	-20	unvalidated_caller_evidence	50992689	50992945	0	262	16791872	16799476	242	885	ffa77c8a-e2ec-4915-9bfc-7c86d97905df	1	250	60	591	False
bos_taurus	ARS-UCD2.0	SRR31429688	SRR31429688.1776392	LongGF	ENSBTAG00000018854	ENSBTAG00000077382	1	5	-	-	3829440	71729182	-4	unvalidated_caller_evidence	3829440	3833280	0	239	71726989	71729182	235	868	eb551846-45a6-44a7-83f9-70c9c27642c1	38	236	60	620	True
bos_taurus	ARS-UCD2.0	SRR31429688	SRR31429688.1286309	LongGF	ENSBTAG00000019091	ENSBTAG00000019093	3	3	-	-	39855914	39795310	-1	unvalidated_caller_evidence	39855914	39883193	0	3176	39784083	39795310	3175	4810	d8b7517f-0bcb-4b92-a98d-4a02665a3492	60	3110	60	1582	True
bos_taurus	ARS-UCD2.0	SRR31429688	SRR31429688.188387	LongGF	ENSBTAG00000020130	ENSBTAG00000020132	8	8	+	-	1628042	1645909	-1	unvalidated_caller_evidence	1549396	1628042	0	2532	1641322	1645909	2531	3170	c547d12d-4e8e-4c65-bdc6-fc84142cc72c	60	2495	60	633	True
bos_taurus	ARS-UCD2.0	SRR31429688	SRR31429688.1482722	LongGF	ENSBTAG00000020154	ENSBTAG00000020496	3	23	+	+	8372866	33066758	9	unvalidated_caller_evidence	8370498	8372866	0	1100	33066758	33067997	1109	2295	76aac555-c8b5-4ad3-8feb-2b8fcacdaf8f	60	1079	60	1171	True
bos_taurus	ARS-UCD2.0	SRR31429688	SRR31429688.1447539	LongGF	ENSBTAG00000031679	ENSBTAG00000020518	6	16	-	-	102207470	45416062	-7	unvalidated_caller_evidence	102207470	102208733	3	224	45400215	45416062	217	1084	edfe8d25-44bd-4fb9-989f-12c009cdcf0e	60	213	60	848	True
bos_taurus	ARS-UCD2.0	SRR31429688	SRR31429688.1182835	LongGF	ENSBTAG00000020542	ENSBTAG00000026236	3	25	+	-	16086967	36447151	19	unvalidated_caller_evidence	16086676	16086967	0	273	36445809	36447151	292	1021	0400f8a6-78db-4262-9690-06573a21813c	60	267	60	700	True
bos_taurus	ARS-UCD2.0	SRR31429688	SRR31429688.1685834	LongGF	ENSBTAG00000018046	ENSBTAG00000071196	11	11	+	+	60757541	60817769	-2	unvalidated_caller_evidence	60724018	60757541	0	1030	60817769	60817994	1028	1245	f4c46ef8-50fe-4cd8-974d-8fa3ec8cea0b	60	1007	60	213	True
bos_taurus	ARS-UCD2.0	SRR31429688	SRR31429688.166050	LongGF	ENSBTAG00000046664	ENSBTAG00000047739	12	12	-	-	14798263	14680815	-2	unvalidated_caller_evidence	14798263	14798752	3	488	14678207	14680815	486	1890	f1e2e557-d0fc-4961-80dd-8f3062317aaf	60	473	60	1376	True
bos_taurus	ARS-UCD2.0	SRR31429688	SRR31429688.776477	LongGF	ENSBTAG00000046819	ENSBTAG00000067062	10	10	+	-	22780655	22300816	4	unvalidated_caller_evidence	22780118	22780655	20	366	22263114	22300816	370	1361	de4d7eeb-8b7a-498e-a678-b8f6e906262c	50	342	60	968	True
bos_taurus	ARS-UCD2.0	SRR31429688	SRR31429688.822664	LongGF	ENSBTAG00000076416	ENSBTAG00000047621	26	16	+	+	25631506	5148718	3	unvalidated_caller_evidence	25629624	25631506	1	381	5148718	5149822	384	929	3e39aba7-ff77-4dc6-b6ba-7acd998d9d51	60	369	60	529	True
bos_taurus	ARS-UCD2.0	SRR31429688	SRR31429688.567006	LongGF	ENSBTAG00000048195	ENSBTAG00000047856	1	1	+	+	71249038	71301928	-3	unvalidated_caller_evidence	71232319	71249038	110	526	71301928	71343974	523	3772	cc0ba6c9-4125-4a1f-bbfc-89f77fd8af2e	60	402	60	3160	True
bos_taurus	ARS-UCD2.0	SRR31429688	SRR31429688.10680	LongGF	ENSBTAG00000057336	ENSBTAG00000066107	3	3	-	-	74120433	73972314	-6	unvalidated_caller_evidence	74120433	74146083	0	262	73971988	73972314	256	568	40e7f6cb-014c-4f91-ad42-497c084c01f0	60	259	60	303	True
bos_taurus	ARS-UCD2.0	SRR31429688	SRR31429688.1675419	LongGF	ENSBTAG00000037533	ENSBTAG00000022395	23	29	-	-	27386525	26441084	-3	unvalidated_caller_evidence	27386525	27386875	3	225	26440284	26441084	222	628	2da48e80-b250-45bc-b2ba-6df0af74db37	11	211	60	395	False
bos_taurus	ARS-UCD2.0	SRR31429688	SRR31429688.1660196	LongGF	ENSBTAG00000059382	ENSBTAG00000067062	10	10	-	-	25209180	22272525	-6	unvalidated_caller_evidence	25209180	25209705	0	329	22263114	22272525	323	1338	539c28d6-37fd-4390-af11-26c387e830c3	60	321	60	1000	True
bos_taurus	ARS-UCD2.0	SRR31429688	SRR31429688.107403	LongGF	ENSBTAG00000071899	ENSBTAG00000060646	13	13	-	-	41492620	41411668	-2	unvalidated_caller_evidence	41492620	41495282	70	238	41410362	41411668	236	1500	040764dd-61f8-4f2c-9d83-d8c0896f5975	60	166	60	1241	True
bos_taurus	ARS-UCD2.0	SRR31429688	SRR31429688.305070	LongGF	ENSBTAG00000071089	ENSBTAG00000074354	18	18	-	-	15294760	15179807	-3	unvalidated_caller_evidence	15294760	15304886	0	156	15179083	15179807	153	550	8f7353b7-2568-43b8-9177-caee08d22b62	60	152	60	392	True
bos_taurus	ARS-UCD2.0	SRR31429688	SRR31429688.1410212	LongGF	ENSBTAG00000077423	ENSBTAG00000076312	15	15	-	-	63066740	62977156	4	unvalidated_caller_evidence	63066740	63067015	2	266	62976912	62977156	270	515	e4856249-75e9-4618-a89a-75e2a05da890	60	260	60	240	True
bos_taurus	ARS-UCD2.0	SRR31429688	SRR31429688.432195	LongGF	ENSBTAG00000058190	ENSBTAG00000023659	15	18	+	-	56192156	24042541	0	unvalidated_caller_evidence	56192018	56192156	12	145	24042369	24042541	145	305	278ff29b-d392-40fc-9491-1426f49947e4	60	131	60	157	True
bos_taurus	ARS-UCD2.0	SRR31429688	SRR31429688.781690	LongGF	ENSBTAG00000031800	ENSBTAG00000024909	13	19	-	+	54136256	55823631	0	unvalidated_caller_evidence	54136256	54136571	0	296	55823631	55823754	296	418	7eec52b5-88c3-46ba-b9c8-3bcd6be699ba	37	291	13	120	False
bos_taurus	ARS-UCD2.0	SRR31429688	SRR31429688.1582024	LongGF	ENSBTAG00000046010	ENSBTAG00000031679	25	6	-	-	37794304	102193457	-1	unvalidated_caller_evidence	37794304	37794523	0	234	102192494	102193457	233	1170	a9124060-1ba3-47ee-8b2a-403b20b77975	60	214	60	915	True
bos_taurus	ARS-UCD2.0	SRR31429688	SRR31429688.162647	LongGF	ENSBTAG00000072142	ENSBTAG00000033221	10	20	-	+	88236166	31771258	-1	unvalidated_caller_evidence	88236166	88237597	0	1378	31771258	31771440	1377	1554	3f5220cd-8fe3-4905-a2db-6f878092e56a	60	1347	60	176	True
bos_taurus	ARS-UCD2.0	SRR31429688	SRR31429688.1435148	LongGF	ENSBTAG00000078454	ENSBTAG00000034609	4	4	+	+	106011302	106102661	12	unvalidated_caller_evidence	106010852	106011302	0	327	106102661	106107652	339	1115	dc53f529-e437-4941-b4c1-623271fb0784	60	325	60	764	True
bos_taurus	ARS-UCD2.0	SRR31429688	SRR31429688.1578869	LongGF	ENSBTAG00000038461	ENSBTAG00000047040	5	21	+	-	100776552	59359294	10	unvalidated_caller_evidence	100775840	100776552	0	154	59355560	59359294	164	772	ac99f3f0-f7ee-4df9-a564-34a1bcd89ab3	60	152	60	596	True
bos_taurus	ARS-UCD2.0	SRR31429688	SRR31429688.352390	LongGF	ENSBTAG00000065780	ENSBTAG00000038461	7	5	-	+	95124976	100810001	12	unvalidated_caller_evidence	95124976	95132727	4	298	100810001	100811729	310	615	6062eb69-bcd4-4cb3-a5d2-c2c4a901aae9	60	286	60	301	True
bos_taurus	ARS-UCD2.0	SRR31429688	SRR31429688.632682	LongGF	ENSBTAG00000072338	ENSBTAG00000044001	1	1	-	-	79193915	79124276	-4	unvalidated_caller_evidence	79193915	79194054	1	139	79090859	79124276	135	788	d92ef215-67cc-4538-abbc-5e19284fcd69	60	137	60	633	True
bos_taurus	ARS-UCD2.0	SRR31429688	SRR31429688.991490	LongGF	ENSBTAG00000045703	ENSBTAG00000058465	26	7	-	-	20663639	108567072	-2	unvalidated_caller_evidence	20663639	20663857	0	214	108566656	108567072	212	617	125ec3fc-c410-4953-bf9e-bac743a27633	60	208	60	392	True
bos_taurus	ARS-UCD2.0	SRR31429688	SRR31429688.908317	LongGF	ENSBTAG00000011505	ENSBTAG00000013343	19	18	-	+	26152391	55539787	2	unvalidated_caller_evidence	26152391	26177098	0	1423	55539787	55540365	1425	1811	1b196889-5c6f-46d0-a871-a805e3364a0f	60	1390	0	378	False
bos_taurus	ARS-UCD2.0	SRR31429688	SRR31429688.1194816	LongGF	ENSBTAG00000074516	ENSBTAG00000011683	10	10	-	-	84856722	84796469	-4	unvalidated_caller_evidence	84856722	84901505	0	173	84739199	84796469	169	6950	ad1860cd-d99c-471c-9a8f-51dacc8c5c88	60	168	60	6635	True
bos_taurus	ARS-UCD2.0	SRR31429688	SRR31429688.398022	LongGF	ENSBTAG00000072314	ENSBTAG00000011689	1	18	-	-	43440919	62888646	0	unvalidated_caller_evidence	43440919	43441049	52	181	62888413	62888646	181	412	33e0b5fd-e5e7-4684-8d73-ddf49ff89ab0	60	129	60	224	True
bos_taurus	ARS-UCD2.0	SRR31429688	SRR31429688.1108386	LongGF	ENSBTAG00000012519	ENSBTAG00000011963	11	18	-	-	14206209	51362207	-3	unvalidated_caller_evidence	14206209	14224517	0	621	51355188	51362207	618	1088	4361bcaf-36af-47b2-90f3-5c88b6bac422	60	617	1	457	False
bos_taurus	ARS-UCD2.0	SRR31429688	SRR31429688.1249910	LongGF	ENSBTAG00000012407	ENSBTAG00000012012	13	24	-	+	41542635	4174886	-3	unvalidated_caller_evidence	41542635	41543945	0	1259	4174886	4175481	1256	1797	4946f948-e2ec-4701-ae50-abf4364be656	60	1236	60	535	True
bos_taurus	ARS-UCD2.0	SRR31429688	SRR31429688.1089839	LongGF	ENSBTAG00000017196	ENSBTAG00000024984	21	14	+	+	55388461	69940600	3	unvalidated_caller_evidence	55388184	55388461	2	124	69940600	69976416	127	1763	78aa1ddd-2a06-406a-9978-534e2842a1a7	60	122	60	1597	True
bos_taurus	ARS-UCD2.0	SRR31429688	SRR31429688.268535	LongGF	ENSBTAG00000012403	ENSBTAG00000019147	9	14	+	-	69530660	23278445	-1	unvalidated_caller_evidence	69521621	69530660	5	422	23278326	23278445	421	541	ee9432d1-4a63-4357-840f-8c18bf0f2f9b	60	405	3	118	False
bos_taurus	ARS-UCD2.0	SRR31429688	SRR31429688.68843	LongGF	ENSBTAG00000012403	ENSBTAG00000078029	9	4	+	+	69537763	65608099	-1	unvalidated_caller_evidence	69537102	69537763	0	405	65608099	65608274	404	573	3fe199ff-71ca-490b-aafb-afb1742dcfde	60	393	60	164	True
bos_taurus	ARS-UCD2.0	SRR31429688	SRR31429688.1147129	LongGF	ENSBTAG00000012540	ENSBTAG00000018667	15	8	-	-	82145206	39678462	-1	unvalidated_caller_evidence	82145206	82145676	6	477	39678285	39678462	476	653	ac71f380-893d-4ff3-a72d-ac0c4b8e26e9	22	458	60	175	True
bos_taurus	ARS-UCD2.0	SRR31429688	SRR31429688.686909	LongGF	ENSBTAG00000012557	ENSBTAG00000016282	2	21	+	+	6594289	67994520	-2	unvalidated_caller_evidence	6592698	6594289	1	239	67994520	67994796	237	511	7148eb88-3115-40c5-8a87-fb28078992fa	60	231	60	268	True
bos_taurus	ARS-UCD2.0	SRR31429688	SRR31429688.307939	LongGF	ENSBTAG00000019291	ENSBTAG00000012797	2	1	+	+	31683473	84059130	1	unvalidated_caller_evidence	31681795	31683473	0	409	84059130	84076954	410	3393	94784925-8228-4026-98df-0c542ba64152	60	400	60	2905	True
bos_taurus	ARS-UCD2.0	SRR31429688	SRR31429688.894475	LongGF	ENSBTAG00000020980	ENSBTAG00000012854	15	19	+	-	65003955	40244458	4	unvalidated_caller_evidence	64997633	65003955	0	249	40243167	40244458	253	727	e21ef420-b505-4e59-b9c1-226a023f7fcd	60	247	60	464	True
bos_taurus	ARS-UCD2.0	SRR31429688	SRR31429688.301776	LongGF	ENSBTAG00000009578	ENSBTAG00000015598	14	23	+	-	2951338	8494289	-2	unvalidated_caller_evidence	2918127	2951338	0	301	8488462	8494289	299	835	ee071862-e211-4f7f-a85b-f146b220aade	60	296	60	532	True
bos_taurus	ARS-UCD2.0	SRR31429688	SRR31429688.1249350	LongGF	ENSBTAG00000009871	ENSBTAG00000047833	13	6	-	+	37004882	88563900	3	unvalidated_caller_evidence	37004882	37026766	2	282	88563900	88564158	285	541	5522211f-eb89-481a-8d51-b4414559a8d1	3	274	60	249	False
bos_taurus	ARS-UCD2.0	SRR31429688	SRR31429688.1275375	LongGF	ENSBTAG00000000085	ENSBTAG00000011382	21	19	-	-	33923220	56654064	0	unvalidated_caller_evidence	33923220	33923528	0	285	56653907	56654064	285	430	5adab47c-bbe5-40af-94b9-422021412164	60	281	5	141	False
bos_taurus	ARS-UCD2.0	SRR31429688	SRR31429688.1032630	LongGF	ENSBTAG00000009979	ENSBTAG00000017851	19	11	+	+	37947894	105114465	2	unvalidated_caller_evidence	37947660	37947894	197	427	105114465	105114869	429	810	1fbb0b6b-0294-409f-b4b4-eb1999553187	60	225	60	368	True
bos_taurus	ARS-UCD2.0	SRR31429688	SRR31429688.401094	LongGF	ENSBTAG00000068078	ENSBTAG00000010106	23	23	-	-	15793911	15704300	-4	unvalidated_caller_evidence	15793911	15794073	2	162	15698689	15704300	158	1744	874b0abd-681d-477f-97f5-5aacbf3c2279	60	151	60	1536	True
bos_taurus	ARS-UCD2.0	SRR31429688	SRR31429688.623844	LongGF	ENSBTAG00000011105	ENSBTAG00000040413	5	18	+	+	33863132	34668251	-2	unvalidated_caller_evidence	33862941	33863132	3	185	34668251	34668471	183	389	6d036df3-15f4-4130-a96f-1244494b31b3	42	179	60	204	True
bos_taurus	ARS-UCD2.0	SRR31429688	SRR31429688.1066001	LongGF	ENSBTAG00000069157	ENSBTAG00000010155	19	19	+	+	14468508	14426923	0	unvalidated_caller_evidence	14468371	14468508	1	129	14426923	14427650	129	610	572b740a-7768-48fb-a0d9-4b72ed7e6184	60	127	60	477	True
bos_taurus	ARS-UCD2.0	SRR31429688	SRR31429688.1849859	LongGF	ENSBTAG00000010379	ENSBTAG00000077802	7	7	-	+	4515832	51434771	-2	unvalidated_caller_evidence	4515832	4515975	12	150	51434771	51435226	148	596	313f1f1e-9013-49e6-9652-8b70cd11485f	50	134	60	417	True
bos_taurus	ARS-UCD2.0	SRR31429688	SRR31429688.1473391	LongGF	ENSBTAG00000019253	ENSBTAG00000010910	X	3	-	-	50819037	119662211	-2	unvalidated_caller_evidence	50819037	50822403	0	373	119662082	119662211	371	498	a33404b4-69de-4671-85f3-cbea1be8a387	1	371	60	126	False
bos_taurus	ARS-UCD2.0	SRR31429688	SRR31429688.836958	LongGF	ENSBTAG00000046846	ENSBTAG00000010910	7	3	-	-	6831776	119662330	5	unvalidated_caller_evidence	6831776	6836858	20	341	119662081	119662330	346	593	5ac6b123-4cee-435b-b3b2-4f76f20bd868	60	319	60	244	True
bos_taurus	ARS-UCD2.0	SRR31429688	SRR31429688.929750	LongGF	ENSBTAG00000034645	ENSBTAG00000011050	4	8	-	-	12615198	39860429	-1	unvalidated_caller_evidence	12615198	12630062	1	206	39860232	39860429	205	395	868010a6-108e-4bfa-bc9b-5fa428793f9b	60	205	2	185	False
bos_taurus	ARS-UCD2.0	SRR31429688	SRR31429688.1004674	LongGF	ENSBTAG00000016062	ENSBTAG00000023106	21	1	+	-	54677814	139423616	0	unvalidated_caller_evidence	54673340	54677814	1	835	139422505	139423616	835	1933	6a82598e-1277-4031-ad3d-5b4a6fdecc26	60	812	60	1083	True
bos_taurus	ARS-UCD2.0	SRR31429688	SRR31429688.70021	LongGF	ENSBTAG00000067923	ENSBTAG00000016149	16	20	+	+	2294993	35126901	-2	unvalidated_caller_evidence	2294831	2294993	0	157	35126901	35143358	155	903	1e15b9f6-dfe0-4050-9d90-71af214f03b3	60	154	60	723	True
bos_taurus	ARS-UCD2.0	SRR31429688	SRR31429688.168007	LongGF	ENSBTAG00000020980	ENSBTAG00000016177	15	27	+	+	64988557	19400633	-1	unvalidated_caller_evidence	64975348	64988557	29	189	19400633	19406137	188	660	902ec8e7-b4af-4cff-8664-85238511bbce	60	159	60	465	True
bos_taurus	ARS-UCD2.0	SRR31429688	SRR31429688.1516573	LongGF	ENSBTAG00000031647	ENSBTAG00000016267	7	15	+	+	19599308	80863092	9	unvalidated_caller_evidence	19596347	19599308	0	1660	80863092	80863386	1669	1964	b86703a5-db2e-4f81-92e2-b1dece6049d0	60	1604	60	278	True
bos_taurus	ARS-UCD2.0	SRR31429688	SRR31429688.948749	LongGF	ENSBTAG00000016744	ENSBTAG00000077859	15	21	+	+	64697387	68000917	-2	unvalidated_caller_evidence	64689116	64697387	1	1990	68000917	68001077	1988	2144	c4f43522-378c-4692-89d7-3371f6eb548f	60	1930	60	150	True
bos_taurus	ARS-UCD2.0	SRR31429688	SRR31429688.1796711	LongGF	ENSBTAG00000017143	ENSBTAG00000072260	4	8	-	-	112206728	83422078	-1	unvalidated_caller_evidence	112206728	112210064	1	393	83421741	83422078	392	719	301b5030-7a91-4766-a283-9a311cdcd13b	60	390	13	324	False
bos_taurus	ARS-UCD2.0	SRR31429688	SRR31429688.95503	LongGF	ENSBTAG00000043989	ENSBTAG00000013429	2	7	+	-	125389514	16561533	5	unvalidated_caller_evidence	125389314	125389514	1	197	16561220	16561533	202	503	a6e54955-7a52-4055-88cd-4d4451e2b1a2	60	193	60	299	True
bos_taurus	ARS-UCD2.0	SRR31429688	SRR31429688.1616401	LongGF	ENSBTAG00000016085	ENSBTAG00000013866	X	3	-	-	37220035	16448393	-3	unvalidated_caller_evidence	37220035	37220184	0	143	16447960	16448393	140	291	fa839017-c80c-4835-abbe-76b28304b2a5	60	142	28	149	True
bos_taurus	ARS-UCD2.0	SRR31429688	SRR31429688.205750	LongGF	ENSBTAG00000018636	ENSBTAG00000013924	21	18	+	+	64522714	55952783	16	unvalidated_caller_evidence	64522209	64522714	1	490	55952783	55952928	506	655	7525239e-7c82-434f-93a2-77a26e79e21f	60	483	60	145	True
bos_taurus	ARS-UCD2.0	SRR31429688	SRR31429688.915655	LongGF	ENSBTAG00000014177	ENSBTAG00000018043	20	18	+	-	33325764	35422025	9	unvalidated_caller_evidence	33325648	33325764	0	108	35421761	35422025	117	380	c0f6a89c-5b2c-4b1a-9156-3098a26373d2	45	108	60	258	True
bos_taurus	ARS-UCD2.0	SRR31429688	SRR31429688.1882306	LongGF	ENSBTAG00000016252	ENSBTAG00000014313	19	26	-	-	43904485	19479979	-1	unvalidated_caller_evidence	43904485	43904598	0	113	19468915	19479979	112	3231	7d87b3e5-9154-4e3a-b255-9c4cba265115	60	112	60	3022	True
bos_taurus	ARS-UCD2.0	SRR31429688	SRR31429688.91548	LongGF	ENSBTAG00000026199	ENSBTAG00000016045	25	11	+	-	38802019	85237271	1	unvalidated_caller_evidence	38799241	38802019	0	1172	85237101	85237271	1173	1338	27097450-efd6-46be-9172-e547eaa7ada7	60	1154	60	161	True
bos_taurus	ARS-UCD2.0	SRR31429688	SRR31429688.1880613	LongGF	ENSBTAG00000069157	ENSBTAG00000014522	19	6	+	-	14472044	58632958	-1	unvalidated_caller_evidence	14468457	14472044	52	414	58629739	58632958	413	3616	870222d6-eb2d-4593-acbd-e1af4f42b539	60	354	60	3100	True
bos_taurus	ARS-UCD2.0	SRR31429688	SRR31429688.972119	LongGF	ENSBTAG00000014614	ENSBTAG00000072136	26	4	-	+	10631192	80933704	-1	unvalidated_caller_evidence	10631192	10644089	0	825	80933704	80934032	824	1149	0a7a491d-5ee0-4ec1-92b3-af3106a41eed	60	812	60	316	True
bos_taurus	ARS-UCD2.0	SRR31429688	SRR31429688.82032	LongGF	ENSBTAG00000060345	ENSBTAG00000014872	X	18	-	+	127817232	46805674	-2	unvalidated_caller_evidence	127817232	127817454	6	212	46805674	46805842	210	375	8c06516a-5453-49a1-89e4-075be3ed2a15	60	203	60	162	True
bos_taurus	ARS-UCD2.0	SRR31429688	SRR31429688.1420117	LongGF	ENSBTAG00000015106	ENSBTAG00000023419	23	18	-	-	47824143	54732151	-1	unvalidated_caller_evidence	47824143	47825444	0	1293	54731836	54732151	1292	1607	51f83953-93d8-4c43-920e-50d957149fde	60	1259	60	307	True
