peptide_id	control_id	orf_id	parent_transcript	n_residues	candidate_start_1based	candidate_end_1based	ca_rmsd_angstrom	both_plddt_ge70_residues	confident_subset_rmsd_angstrom	limitation
peptide_0075cb47902db5ee3f5c645d0191f38ba814e2d2b42c4d038ff02a96031e725f	control_1df3c3affc13da72176abc6aab27ee715c073fd7e4b5197f6d44f9051ed23c58	Dnase2a:Kdm3b|ENSMUST00000003910.13|ENSMUST00000043775.9	ENSMUST00000003910.13	238	1	238	20.377067008085564	0		Isolated parental fragment is a computational control; confidence and context affect interpretation
peptide_027defea00b26fa7c7e9a4638732f64c0ccea2b297e5eee8cdc324c81f52b1d5	control_1a3733f9bc62b24e04e89cf25972ecad7d2c4260178d9b042a72c89b350c62fd	Nedd4l:Lman1|ENSMUST00000235343.2|ENSMUST00000048260.15	ENSMUST00000235343.2	99	1	99	3.5165120814222126	0		Isolated parental fragment is a computational control; confidence and context affect interpretation
peptide_029038857aa1559fc6193b71964d76f1911a9a5c95c62a8cc6ec4a60a9e2391c	control_dbdafb0d9bf8811a940b1a4e9d8c53736fbf57f9f2569d8932aaf07a7875cbf7	Zcchc8:Sars|ENSMUST00000031376.12|ENSMUST00000090553.12	ENSMUST00000031376.12	83	1	83	11.251860068786923	10	0.3577494376271448	Isolated parental fragment is a computational control; confidence and context affect interpretation
peptide_02a602f45d4337e2e37a2e19aef685706bfbe7b34df7f38b0083fe6ae8d164ec	control_1db9eca3b69f95544f20fd77d150210a764c4aea7401445db8dceb4106587a43	Sp100:A630001G21Rik|ENSMUST00000054279.15|ENSMUST00000162038.8	ENSMUST00000054279.15	221	1	221	13.153863251877768	4		Isolated parental fragment is a computational control; confidence and context affect interpretation
peptide_031653b966b70cbeeb9b97c802693bd88424dd1abf74cdb15e9d4fac75b25f32	control_36d561cbe83f7dfbe85d3471255fdee333ad7b28481db371d9acd2e537198e0d	Trrap:Bri3|ENSMUST00000038980.13|ENSMUST00000056578.7	ENSMUST00000038980.13	50	1	50	8.639898858785191	4		Isolated parental fragment is a computational control; confidence and context affect interpretation
peptide_03444fb92756f88f13a9a34932293a3b7ba6cfaa1c230ea3b4a8bedbb7e089d7	control_2f739187e90bcf03989e8984345543d371bbcad1aaeee9d1c61c2428e0030931	Napg:Garem1|ENSMUST00000235372.2|ENSMUST00000049260.7	ENSMUST00000235372.2	81	1	81	2.5205048550837845	0		Isolated parental fragment is a computational control; confidence and context affect interpretation
peptide_035943e42f3c245011a7f12ccb482fc1f27acd0d9b50f46e1f1b520c88915037	control_9ab9552f0bd047cd2cf192b47ea8b24e6267094479e8740051221f12a531ea1c	Map2k1:Hif1a|ENSMUST00000005066.9|ENSMUST00000021530.8	ENSMUST00000005066.9	189	1	189	12.770261973676988	11	0.25121737721791093	Isolated parental fragment is a computational control; confidence and context affect interpretation
peptide_03686a20dbe4cd4fff12007e4ab2ffd7d4b746ff6a9c00112dfecccb52d6eb16	control_f466b00bd68f57e58359d89f51b7e86c28d91791510529eaf6ef0f9e77509a08	Wasl:Chchd3|ENSMUST00000031695.15|ENSMUST00000066379.11	ENSMUST00000031695.15	36	1	36	8.537530491195623	0		Isolated parental fragment is a computational control; confidence and context affect interpretation
peptide_03ba7a20f0e98107ebbdfd0ab57601c9ad65df143e934b2c64e526455dde750f	control_1f25d8ad165f30d4b144e15f1c5fbdf8205aabeb7e3cc2e51ae7030c99d4bc37	Zmiz1:Pinx1|ENSMUST00000007961.15|ENSMUST00000022528.6	ENSMUST00000007961.15	93	1	93	2.6610243417696373	65	1.7914340104980104	Isolated parental fragment is a computational control; confidence and context affect interpretation
peptide_04cb1528cc950515e9a8f020c635d3547165fa774e1e1b10b39b151e0c167ce7	control_6c8d57dc93590d00fb9ea6dea42b30b0c384051c8bccc1ad791b2164a5207ade	Ms4a7:Cog6|ENSMUST00000025574.11|ENSMUST00000036665.10	ENSMUST00000025574.11	212	1	212	11.579237373425837	42	0.7444880291486455	Isolated parental fragment is a computational control; confidence and context affect interpretation
peptide_059cfef0008dd945575d476e259a418e3adf12189c1620cb89b515c57ff79836	control_8725feb95f2d712edba585e5f25a5a0cc9d97ad56554a393a06c4975a6b18179	Napg:Garem1|ENSMUST00000236925.2|ENSMUST00000049260.7	ENSMUST00000236925.2	86	1	86	2.5190888616448746	0		Isolated parental fragment is a computational control; confidence and context affect interpretation
peptide_060c736a85b24000a8e57f6dbe0594fd54d4436fc5861f054b63b0d1bc8534bf	control_0096e7450127688825c940032d79b2944056668aa81035736e8c97045e5336b1	Zfp655:Atp5j2|ENSMUST00000085661.9|ENSMUST00000037056.9	ENSMUST00000085661.9	45	1	45	10.70893508830632	0		Isolated parental fragment is a computational control; confidence and context affect interpretation
peptide_06136fb30e9bd46896a72f091ad4dcc17592f1b112a21770b68abac7633a53d0	control_694f5db12f2bbd362d0ff596bb56deeb0a10576e26ae7bbde658c9ec6ba8a2d3	G3bp1:Skp1|ENSMUST00000018727.4|ENSMUST00000037324.12	ENSMUST00000018727.4	245	1	245	26.939850275091317	0		Isolated parental fragment is a computational control; confidence and context affect interpretation
peptide_062902ab40ba4d3341efee4c4e890dd49fba5df43da7d30035aa89b96b893305	control_4e5f4ca1bcfd6842d54eac9bf6b6aee7471ce76f63a7df6df11cb003c610f827	Gask1b:Sh3glb1|ENSMUST00000029567.9|ENSMUST00000198254.5	ENSMUST00000029567.9	373	1	373	19.440407454616203	0		Isolated parental fragment is a computational control; confidence and context affect interpretation
peptide_06e8130452307296201f7d82caa70a01257e2157052c7ca30b666d74e05462ed	control_c01796fddaf1c55d87013cba52539481a54b1a5f2671ed4b956e76d5a1a48f6e	Ms4a7:Cog6|ENSMUST00000056035.9|ENSMUST00000193432.6	ENSMUST00000056035.9	160	1	160	16.56799017895506	0		Isolated parental fragment is a computational control; confidence and context affect interpretation
peptide_07479e50fc51608d8e2edda7935d502182c9408e1c24e849ff2025b35c7984f4	control_d1ca773eed93db97c1b0ad90ac29b2f29a215e99c62c27b0cd47583a75aee905	Adam8:Tyrobp|ENSMUST00000106069.9|ENSMUST00000032800.10	ENSMUST00000106069.9	48	1	48	6.714389885236479	7		Isolated parental fragment is a computational control; confidence and context affect interpretation
peptide_07bb91915af17919f491fdc293812ef495a9b51a10cd4fb5fc7d25fb29d949db	control_822802320b13c5619cc4acf0c526a425383a37ff57eb67c8524bb04ba6c36b4e	Trim25:Atox1|ENSMUST00000000284.7|ENSMUST00000108857.2	ENSMUST00000000284.7	230	1	230	16.620574389895367	75	3.3365327689184863	Isolated parental fragment is a computational control; confidence and context affect interpretation
peptide_07e4a77058d756bfe8d091980b83e27057f72b907adea56145b8b0e64b2dd4fb	control_8bd6bdee45ca264b5c51a9862ec285f301f5d36265bd19c4f174e8fa42598294	Tmbim6:Rmc1|ENSMUST00000023749.15|ENSMUST00000025276.15	ENSMUST00000023749.15	111	1	111	5.751952574302951	0		Isolated parental fragment is a computational control; confidence and context affect interpretation
peptide_07f2c3fbbe467c455acca675059f5556329e6ad151e67a5dec69bb15266ee4a4	control_7faa08843717d2a27866f29608e5cda4f5dfc25d44df470b658e68c10c3302db	Syngr1:Hnrnpdl|ENSMUST00000143928.2|ENSMUST00000086900.11	ENSMUST00000143928.2	90	1	90	7.101317076518746	0		Isolated parental fragment is a computational control; confidence and context affect interpretation
peptide_097dd491610266e2b00ddefa5756e6406a5141c531fd5b72373ee5715b3d4327	control_282d8b4ff23fa39f5e0f368fbd2fe4ed47d7512eda0d5204ef577cbb17ab3b4c	Cux1:Cmtm7|ENSMUST00000176778.8|ENSMUST00000035009.16	ENSMUST00000176778.8	143	1	143	12.302541575762213	0		Isolated parental fragment is a computational control; confidence and context affect interpretation
peptide_09b3a7f06e40af78de8a6680b64c93c2bd65a6d8489fd8947fbce300a2d96f99	control_8776c40679258d7e4cb75900258d6dc2c87743c0449e1152071650d8bbac2a16	Rufy3:Grsf1|ENSMUST00000196686.2|ENSMUST00000078945.12	ENSMUST00000196686.2	135	1	135	10.196976895191819	0		Isolated parental fragment is a computational control; confidence and context affect interpretation
peptide_09c4b8f5b0bb0bc194e7813999443bf64516ddc83be6b7d4d27d134c96af3d03	control_ca026f3105475a0f1c0cd4e50c6e972372162075b385057d89321aa22d7b939b	Cpq:Mdfic|ENSMUST00000042167.10|ENSMUST00000125326.8	ENSMUST00000042167.10	142	1	142	4.939450632876691	0		Isolated parental fragment is a computational control; confidence and context affect interpretation
peptide_09dba631e5af9f22330377a7f09ff66b175a857ea831677f75478578150d5c02	control_2f429ac0746181abc854e6801deab4ae05af7997667d755b1bcf6601dcfbc76c	Stau2:Eloc|ENSMUST00000027052.13|ENSMUST00000115352.10	ENSMUST00000027052.13	104	1	104	18.063293910307067	0		Isolated parental fragment is a computational control; confidence and context affect interpretation
peptide_0aab03d0e225116e9ae842d1a4d08c78934206123f1b05636a53f0b89adebbae	control_84c46753e9540fb1262aa93a38df66d982ca7678f6efd8379a5848b400ea430c	Dram1:Krtcap2|ENSMUST00000020249.2|ENSMUST00000040888.12	ENSMUST00000020249.2	173	1	173	7.395403702302064	0		Isolated parental fragment is a computational control; confidence and context affect interpretation
peptide_0ab3f006176615d1697163432753d8f005665a60f45ca80e8fdf78092235393b	control_a7e4705a3250ba6fa22015a0703375441825f01b77dcfb966ff6c3c525305f48	Exoc6b:Chchd3|ENSMUST00000160197.6|ENSMUST00000066379.11	ENSMUST00000160197.6	36	1	36	4.2142314514368096	22	0.2575348794668126	Isolated parental fragment is a computational control; confidence and context affect interpretation
peptide_0b7e9df4c2b6d200712e45c95098c96eac719000e15145708b24cbdcd5c3df96	control_f17fb4ff7f49079801fdb3130bd2d9b478426dace00c34c650cb498c5109d377	Piezo1:Isca2|ENSMUST00000067252.14|ENSMUST00000021667.7	ENSMUST00000067252.14	94	1	94	4.774994212007866	0		Isolated parental fragment is a computational control; confidence and context affect interpretation
peptide_0d3b32fb4831898cbcefd43020fbbd0b4313d2e84c9dee7c844222d749da3d5d	control_1a51de199bbeb69455c1f9f6fdfe5301c93f2b37d5e3d88781930de9723744ca	Nfkb1:Zranb2|ENSMUST00000029812.14|ENSMUST00000029831.16	ENSMUST00000029812.14	37	1	37	7.865285475865268	0		Isolated parental fragment is a computational control; confidence and context affect interpretation
peptide_0d6dac851b061e6579ccbca382a913ace9cfd8284d475047cfc81fadfa7f7e36	control_2fdba42f13e82edfd3c58d5f4f7461521bad514f1610a649d74f2e2225ae72a0	Iqgap1:Dusp10|ENSMUST00000205304.2|ENSMUST00000048655.8	ENSMUST00000205304.2	65	1	65	9.180572489373283	0		Isolated parental fragment is a computational control; confidence and context affect interpretation
peptide_0eed1bbc62f74cfa7e1d07c58d963f471000b862c1745bf0a243a67478be4fd6	control_a71a60babd1f421d6990cd5bcdaab0b5c7ba0de13c2deee562f9e4ae6bd78b62	Ankrd33b:Chd4|ENSMUST00000044324.9|ENSMUST00000056889.15	ENSMUST00000044324.9	118	1	118	14.123865225565583	0		Isolated parental fragment is a computational control; confidence and context affect interpretation
peptide_0f46e2e20268e8213050283ed394c6260f80b22b9be29c54812e686fa80a2c5e	control_a4382c9d8fdd703487544ee1c349df14444e92b8e3ed64705e3671cc5e667c58	Ric1:Ppcdc|ENSMUST00000043610.13|ENSMUST00000214144.2	ENSMUST00000043610.13	48	1	48	8.0587832654553	0		Isolated parental fragment is a computational control; confidence and context affect interpretation
peptide_0f76130f33d338e14b3b5117353deaf5b91ec6206918d4a00918e824b7ec622f	control_df58affaf9c7487b2d56778127f702804cf36fa8891e34d7d19a32ddaedec340	Clcn7:Psmb9|ENSMUST00000040729.9|ENSMUST00000237228.2	ENSMUST00000040729.9	325	1	325	16.055035700882378	0		Isolated parental fragment is a computational control; confidence and context affect interpretation
peptide_0f7f45d5c36a29f25c2746f5acc161f566aa180ddc1379e8ee6c9a4f41929a47	control_f6e6411f8561b31f7c295b1654852c962c6b90860cf7c57070525812ce80d8bd	Fubp1:Pgd|ENSMUST00000196739.5|ENSMUST00000084124.7	ENSMUST00000196739.5	638	1	638	24.26731133009244	140	13.317251258478034	Isolated parental fragment is a computational control; confidence and context affect interpretation
peptide_109e7f01a1a79fcc98961fad71f59168a842b05374a944a51b16ea8d23b8b352	control_155aa1ad0e2c9d4472a01e2346e2973d96588707db40e4f338a02a919ba77d61	Ankfy1:Ube2g1|ENSMUST00000127610.8|ENSMUST00000021148.13	ENSMUST00000127610.8	107	1	107	6.075831932940805	29	0.38733038291585886	Isolated parental fragment is a computational control; confidence and context affect interpretation
peptide_10d6938ce9d79357ec6ce654a2ae3c7a7f62c2bd343ec5faad8716a87226fd8e	control_93a585822409b0c8fd53dd83c2aacbc9fe96f7b816a174b0304582892dfc621a	Itgav:AI182371|ENSMUST00000111740.9|ENSMUST00000151161.2	ENSMUST00000111740.9	216	1	216	6.904620528362075	119	0.33816008731437786	Isolated parental fragment is a computational control; confidence and context affect interpretation
