timestamp,name,utilization_gpu_percent,memory_used_mib,power_draw_w
2026/09/19 22:38:39.941, NVIDIA A100-SXM4-80GB, 0, 1, 74.84
2026/09/19 22:38:40.964, NVIDIA A100-SXM4-80GB, 0, 1, 75.50
2026/09/19 22:38:41.986, NVIDIA A100-SXM4-80GB, 0, 1, 54.02
2026/09/19 22:38:43.015, NVIDIA A100-SXM4-80GB, 0, 1, 54.02
2026/09/19 22:38:44.043, NVIDIA A100-SXM4-80GB, 0, 1, 54.02
2026/09/19 22:38:45.072, NVIDIA A100-SXM4-80GB, 0, 1, 54.02
2026/09/19 22:38:46.102, NVIDIA A100-SXM4-80GB, 0, 1, 54.02
2026/09/19 22:38:47.131, NVIDIA A100-SXM4-80GB, 0, 1, 54.02
2026/09/19 22:38:48.160, NVIDIA A100-SXM4-80GB, 0, 1, 54.02
2026/09/19 22:38:49.190, NVIDIA A100-SXM4-80GB, 0, 1, 54.02
2026/09/19 22:38:50.219, NVIDIA A100-SXM4-80GB, 0, 1, 54.02
2026/09/19 22:38:51.245, NVIDIA A100-SXM4-80GB, 0, 1, 75.50
2026/09/19 22:38:52.267, NVIDIA A100-SXM4-80GB, 0, 1, 75.50
2026/09/19 22:38:53.290, NVIDIA A100-SXM4-80GB, 0, 1, 54.02
2026/09/19 22:38:54.319, NVIDIA A100-SXM4-80GB, 0, 1, 54.02
2026/09/19 22:38:55.348, NVIDIA A100-SXM4-80GB, 0, 1, 54.02
2026/09/19 22:38:56.378, NVIDIA A100-SXM4-80GB, 0, 1, 54.02
2026/09/19 22:38:57.407, NVIDIA A100-SXM4-80GB, 0, 1, 54.02
2026/09/19 22:38:58.435, NVIDIA A100-SXM4-80GB, 0, 1, 54.02
2026/09/19 22:38:59.464, NVIDIA A100-SXM4-80GB, 0, 1, 54.02
2026/09/19 22:39:00.494, NVIDIA A100-SXM4-80GB, 0, 1, 54.02
2026/09/19 22:39:01.878, NVIDIA A100-SXM4-80GB, 0, 1, 61.56
2026/09/19 22:39:02.905, NVIDIA A100-SXM4-80GB, 0, 1, 75.50
2026/09/19 22:39:03.928, NVIDIA A100-SXM4-80GB, 0, 1, 54.34
2026/09/19 22:39:04.958, NVIDIA A100-SXM4-80GB, 0, 1, 54.02
2026/09/19 22:39:05.985, NVIDIA A100-SXM4-80GB, 0, 1, 54.02
2026/09/19 22:39:07.014, NVIDIA A100-SXM4-80GB, 0, 1, 54.02
2026/09/19 22:39:08.044, NVIDIA A100-SXM4-80GB, 0, 1, 54.02
2026/09/19 22:39:09.074, NVIDIA A100-SXM4-80GB, 0, 1, 54.02
2026/09/19 22:39:10.103, NVIDIA A100-SXM4-80GB, 0, 1, 54.02
2026/09/19 22:39:11.132, NVIDIA A100-SXM4-80GB, 0, 1, 54.02
2026/09/19 22:39:12.161, NVIDIA A100-SXM4-80GB, 0, 1, 54.02
2026/09/19 22:39:13.188, NVIDIA A100-SXM4-80GB, 0, 1, 75.50
2026/09/19 22:39:14.211, NVIDIA A100-SXM4-80GB, 0, 1, 75.50
2026/09/19 22:39:15.234, NVIDIA A100-SXM4-80GB, 0, 1, 54.02
2026/09/19 22:39:16.263, NVIDIA A100-SXM4-80GB, 0, 1, 54.02
2026/09/19 22:39:17.294, NVIDIA A100-SXM4-80GB, 0, 1, 54.02
2026/09/19 22:39:18.323, NVIDIA A100-SXM4-80GB, 0, 1, 54.02
2026/09/19 22:39:19.352, NVIDIA A100-SXM4-80GB, 0, 1, 54.02
2026/09/19 22:39:20.381, NVIDIA A100-SXM4-80GB, 0, 1, 54.02
2026/09/19 22:39:21.411, NVIDIA A100-SXM4-80GB, 0, 1, 54.02
2026/09/19 22:39:22.439, NVIDIA A100-SXM4-80GB, 0, 1, 54.02
2026/09/19 22:39:23.468, NVIDIA A100-SXM4-80GB, 0, 1, 54.02
2026/09/19 22:39:24.494, NVIDIA A100-SXM4-80GB, 0, 1, 75.77
2026/09/19 22:39:25.517, NVIDIA A100-SXM4-80GB, 0, 1, 75.77
2026/09/19 22:39:26.539, NVIDIA A100-SXM4-80GB, 0, 1, 54.02
2026/09/19 22:39:27.567, NVIDIA A100-SXM4-80GB, 0, 1, 54.02
2026/09/19 22:39:28.596, NVIDIA A100-SXM4-80GB, 0, 1, 54.02
2026/09/19 22:39:29.622, NVIDIA A100-SXM4-80GB, 0, 1, 54.02
2026/09/19 22:39:30.649, NVIDIA A100-SXM4-80GB, 0, 1, 54.02
2026/09/19 22:39:31.678, NVIDIA A100-SXM4-80GB, 0, 1, 54.02
2026/09/19 22:39:32.707, NVIDIA A100-SXM4-80GB, 0, 1, 54.02
2026/09/19 22:39:33.735, NVIDIA A100-SXM4-80GB, 0, 1, 54.02
2026/09/19 22:39:35.024, NVIDIA A100-SXM4-80GB, 0, 1, 61.56
2026/09/19 22:39:36.051, NVIDIA A100-SXM4-80GB, 0, 1, 76.09
2026/09/19 22:39:37.075, NVIDIA A100-SXM4-80GB, 0, 1, 54.34
2026/09/19 22:39:38.104, NVIDIA A100-SXM4-80GB, 0, 1, 54.02
2026/09/19 22:39:39.133, NVIDIA A100-SXM4-80GB, 0, 1, 54.02
2026/09/19 22:39:40.161, NVIDIA A100-SXM4-80GB, 0, 1, 54.02
2026/09/19 22:39:41.191, NVIDIA A100-SXM4-80GB, 0, 1, 54.02
2026/09/19 22:39:42.220, NVIDIA A100-SXM4-80GB, 0, 1, 54.02
2026/09/19 22:39:43.248, NVIDIA A100-SXM4-80GB, 0, 1, 54.02
2026/09/19 22:39:44.277, NVIDIA A100-SXM4-80GB, 0, 1, 54.02
2026/09/19 22:39:45.305, NVIDIA A100-SXM4-80GB, 0, 1, 54.02
2026/09/19 22:39:46.331, NVIDIA A100-SXM4-80GB, 0, 1, 75.17
2026/09/19 22:39:47.353, NVIDIA A100-SXM4-80GB, 0, 1, 75.50
2026/09/19 22:39:48.375, NVIDIA A100-SXM4-80GB, 0, 1, 54.02
2026/09/19 22:39:49.403, NVIDIA A100-SXM4-80GB, 0, 1, 54.34
2026/09/19 22:39:50.432, NVIDIA A100-SXM4-80GB, 0, 1, 54.02
2026/09/19 22:39:51.462, NVIDIA A100-SXM4-80GB, 0, 1, 54.02
2026/09/19 22:39:52.490, NVIDIA A100-SXM4-80GB, 0, 1, 54.02
2026/09/19 22:39:53.519, NVIDIA A100-SXM4-80GB, 0, 1, 54.34
2026/09/19 22:39:54.547, NVIDIA A100-SXM4-80GB, 0, 1, 54.02
2026/09/19 22:39:55.576, NVIDIA A100-SXM4-80GB, 0, 1, 54.02
2026/09/19 22:39:56.605, NVIDIA A100-SXM4-80GB, 0, 1, 54.02
2026/09/19 22:39:57.630, NVIDIA A100-SXM4-80GB, 0, 1, 75.50
2026/09/19 22:39:58.650, NVIDIA A100-SXM4-80GB, 0, 1, 75.50
2026/09/19 22:39:59.673, NVIDIA A100-SXM4-80GB, 0, 1, 54.02
2026/09/19 22:40:00.701, NVIDIA A100-SXM4-80GB, 0, 1, 54.02
2026/09/19 22:40:01.729, NVIDIA A100-SXM4-80GB, 0, 1, 54.02
2026/09/19 22:40:02.758, NVIDIA A100-SXM4-80GB, 0, 1, 54.34
2026/09/19 22:40:03.787, NVIDIA A100-SXM4-80GB, 0, 1, 54.02
2026/09/19 22:40:04.816, NVIDIA A100-SXM4-80GB, 0, 1, 54.02
2026/09/19 22:40:05.845, NVIDIA A100-SXM4-80GB, 0, 1, 54.02
2026/09/19 22:40:06.874, NVIDIA A100-SXM4-80GB, 0, 1, 54.02
2026/09/19 22:40:08.144, NVIDIA A100-SXM4-80GB, 0, 1, 61.56
2026/09/19 22:40:09.168, NVIDIA A100-SXM4-80GB, 0, 1, 75.50
2026/09/19 22:40:10.190, NVIDIA A100-SXM4-80GB, 0, 1, 54.34
2026/09/19 22:40:11.219, NVIDIA A100-SXM4-80GB, 0, 1, 54.02
2026/09/19 22:40:12.248, NVIDIA A100-SXM4-80GB, 0, 1, 54.02
2026/09/19 22:40:13.277, NVIDIA A100-SXM4-80GB, 0, 1, 54.02
2026/09/19 22:40:14.308, NVIDIA A100-SXM4-80GB, 0, 1, 54.02
2026/09/19 22:40:15.337, NVIDIA A100-SXM4-80GB, 0, 1, 54.02
2026/09/19 22:40:16.365, NVIDIA A100-SXM4-80GB, 0, 1, 54.02
2026/09/19 22:40:17.394, NVIDIA A100-SXM4-80GB, 0, 1, 54.02
2026/09/19 22:40:18.422, NVIDIA A100-SXM4-80GB, 0, 1, 54.34
2026/09/19 22:40:19.448, NVIDIA A100-SXM4-80GB, 0, 1, 75.50
2026/09/19 22:40:20.470, NVIDIA A100-SXM4-80GB, 0, 1, 75.77
2026/09/19 22:40:21.493, NVIDIA A100-SXM4-80GB, 0, 1, 54.34
2026/09/19 22:40:22.522, NVIDIA A100-SXM4-80GB, 0, 1, 54.02
2026/09/19 22:40:23.552, NVIDIA A100-SXM4-80GB, 0, 1, 54.34
2026/09/19 22:40:24.581, NVIDIA A100-SXM4-80GB, 0, 1, 54.02
2026/09/19 22:40:25.611, NVIDIA A100-SXM4-80GB, 0, 1, 54.02
2026/09/19 22:40:26.640, NVIDIA A100-SXM4-80GB, 0, 1, 54.02
2026/09/19 22:40:27.670, NVIDIA A100-SXM4-80GB, 0, 1, 54.02
2026/09/19 22:40:28.699, NVIDIA A100-SXM4-80GB, 0, 1, 54.02
2026/09/19 22:40:29.727, NVIDIA A100-SXM4-80GB, 0, 1, 54.02
2026/09/19 22:40:30.754, NVIDIA A100-SXM4-80GB, 0, 1, 75.77
2026/09/19 22:40:31.777, NVIDIA A100-SXM4-80GB, 0, 1, 77.61
2026/09/19 22:40:32.802, NVIDIA A100-SXM4-80GB, 0, 1, 54.34
2026/09/19 22:40:33.831, NVIDIA A100-SXM4-80GB, 0, 1, 54.02
2026/09/19 22:40:34.861, NVIDIA A100-SXM4-80GB, 0, 1, 54.02
2026/09/19 22:40:35.890, NVIDIA A100-SXM4-80GB, 0, 1, 54.02
2026/09/19 22:40:36.921, NVIDIA A100-SXM4-80GB, 0, 1, 54.02
2026/09/19 22:40:37.950, NVIDIA A100-SXM4-80GB, 0, 1, 54.02
2026/09/19 22:40:38.980, NVIDIA A100-SXM4-80GB, 0, 1, 54.02
2026/09/19 22:40:40.009, NVIDIA A100-SXM4-80GB, 0, 1, 54.34
2026/09/19 22:40:41.281, NVIDIA A100-SXM4-80GB, 0, 1, 61.89
2026/09/19 22:40:42.309, NVIDIA A100-SXM4-80GB, 0, 1, 75.50
2026/09/19 22:40:43.332, NVIDIA A100-SXM4-80GB, 0, 1, 54.34
2026/09/19 22:40:44.362, NVIDIA A100-SXM4-80GB, 0, 1, 54.02
2026/09/19 22:40:45.391, NVIDIA A100-SXM4-80GB, 0, 1, 54.02
2026/09/19 22:40:46.421, NVIDIA A100-SXM4-80GB, 0, 1, 54.02
2026/09/19 22:40:47.450, NVIDIA A100-SXM4-80GB, 0, 1, 54.02
2026/09/19 22:40:48.479, NVIDIA A100-SXM4-80GB, 0, 1, 54.02
2026/09/19 22:40:49.508, NVIDIA A100-SXM4-80GB, 0, 1, 54.02
2026/09/19 22:40:50.538, NVIDIA A100-SXM4-80GB, 0, 1, 54.02
2026/09/19 22:40:51.567, NVIDIA A100-SXM4-80GB, 0, 1, 54.02
2026/09/19 22:40:52.593, NVIDIA A100-SXM4-80GB, 0, 1, 75.50
2026/09/19 22:40:53.616, NVIDIA A100-SXM4-80GB, 0, 1, 75.50
2026/09/19 22:40:54.638, NVIDIA A100-SXM4-80GB, 0, 1, 54.34
2026/09/19 22:40:55.667, NVIDIA A100-SXM4-80GB, 0, 1, 54.02
2026/09/19 22:40:56.696, NVIDIA A100-SXM4-80GB, 0, 1, 54.02
2026/09/19 22:40:57.722, NVIDIA A100-SXM4-80GB, 0, 1, 54.02
2026/09/19 22:40:58.751, NVIDIA A100-SXM4-80GB, 0, 1, 54.02
2026/09/19 22:40:59.780, NVIDIA A100-SXM4-80GB, 0, 1, 54.02
2026/09/19 22:41:00.810, NVIDIA A100-SXM4-80GB, 0, 1, 54.02
2026/09/19 22:41:01.839, NVIDIA A100-SXM4-80GB, 0, 1, 54.02
2026/09/19 22:41:02.867, NVIDIA A100-SXM4-80GB, 0, 1, 54.02
2026/09/19 22:41:03.893, NVIDIA A100-SXM4-80GB, 0, 1, 75.50
2026/09/19 22:41:04.916, NVIDIA A100-SXM4-80GB, 0, 1, 76.69
2026/09/19 22:41:05.939, NVIDIA A100-SXM4-80GB, 0, 1, 54.02
2026/09/19 22:41:06.969, NVIDIA A100-SXM4-80GB, 0, 1, 54.02
2026/09/19 22:41:08.000, NVIDIA A100-SXM4-80GB, 0, 1, 54.02
2026/09/19 22:41:09.030, NVIDIA A100-SXM4-80GB, 0, 1, 54.34
2026/09/19 22:41:10.060, NVIDIA A100-SXM4-80GB, 0, 1, 54.02
2026/09/19 22:41:11.090, NVIDIA A100-SXM4-80GB, 0, 1, 54.02
2026/09/19 22:41:12.119, NVIDIA A100-SXM4-80GB, 0, 1, 54.02
2026/09/19 22:41:13.151, NVIDIA A100-SXM4-80GB, 0, 1, 54.34
2026/09/19 22:41:14.416, NVIDIA A100-SXM4-80GB, 0, 1, 61.89
2026/09/19 22:41:15.440, NVIDIA A100-SXM4-80GB, 0, 1, 75.77
2026/09/19 22:41:16.463, NVIDIA A100-SXM4-80GB, 0, 1, 54.34
2026/09/19 22:41:17.492, NVIDIA A100-SXM4-80GB, 0, 1, 54.02
2026/09/19 22:41:18.523, NVIDIA A100-SXM4-80GB, 0, 1, 54.02
2026/09/19 22:41:19.553, NVIDIA A100-SXM4-80GB, 0, 1, 54.02
2026/09/19 22:41:20.583, NVIDIA A100-SXM4-80GB, 0, 1, 54.34
2026/09/19 22:41:21.611, NVIDIA A100-SXM4-80GB, 0, 1, 54.02
2026/09/19 22:41:22.642, NVIDIA A100-SXM4-80GB, 0, 1, 54.02
2026/09/19 22:41:23.671, NVIDIA A100-SXM4-80GB, 0, 1, 54.02
2026/09/19 22:41:24.700, NVIDIA A100-SXM4-80GB, 0, 1, 54.34
2026/09/19 22:41:25.725, NVIDIA A100-SXM4-80GB, 0, 1, 75.77
2026/09/19 22:41:26.747, NVIDIA A100-SXM4-80GB, 0, 1, 76.09
2026/09/19 22:41:27.768, NVIDIA A100-SXM4-80GB, 0, 1, 54.34
2026/09/19 22:41:28.796, NVIDIA A100-SXM4-80GB, 0, 1, 54.02
2026/09/19 22:41:29.825, NVIDIA A100-SXM4-80GB, 0, 1, 54.02
2026/09/19 22:41:30.853, NVIDIA A100-SXM4-80GB, 0, 1, 54.02
2026/09/19 22:41:31.883, NVIDIA A100-SXM4-80GB, 0, 1, 54.02
2026/09/19 22:41:32.910, NVIDIA A100-SXM4-80GB, 0, 1, 54.02
2026/09/19 22:41:33.937, NVIDIA A100-SXM4-80GB, 0, 1, 76.09
2026/09/19 22:41:34.961, NVIDIA A100-SXM4-80GB, 0, 1, 75.77
2026/09/19 22:41:35.984, NVIDIA A100-SXM4-80GB, 0, 1, 54.02
2026/09/19 22:41:37.010, NVIDIA A100-SXM4-80GB, 0, 1, 75.77
2026/09/19 22:41:38.034, NVIDIA A100-SXM4-80GB, 0, 1, 75.77
2026/09/19 22:41:39.057, NVIDIA A100-SXM4-80GB, 0, 1, 54.02
2026/09/19 22:41:40.088, NVIDIA A100-SXM4-80GB, 0, 1, 54.02
2026/09/19 22:41:41.117, NVIDIA A100-SXM4-80GB, 0, 1, 54.02
2026/09/19 22:41:42.146, NVIDIA A100-SXM4-80GB, 0, 1, 54.02
2026/09/19 22:41:43.174, NVIDIA A100-SXM4-80GB, 0, 1, 54.02
2026/09/19 22:41:44.205, NVIDIA A100-SXM4-80GB, 0, 1, 54.02
2026/09/19 22:41:45.233, NVIDIA A100-SXM4-80GB, 0, 1, 54.02
2026/09/19 22:41:46.261, NVIDIA A100-SXM4-80GB, 0, 1, 54.02
2026/09/19 22:41:47.548, NVIDIA A100-SXM4-80GB, 0, 1, 61.56
2026/09/19 22:41:48.573, NVIDIA A100-SXM4-80GB, 0, 1, 75.17
2026/09/19 22:41:49.595, NVIDIA A100-SXM4-80GB, 0, 1, 54.34
2026/09/19 22:41:50.623, NVIDIA A100-SXM4-80GB, 0, 1, 53.75
2026/09/19 22:41:51.652, NVIDIA A100-SXM4-80GB, 0, 1, 54.02
2026/09/19 22:41:52.680, NVIDIA A100-SXM4-80GB, 0, 1, 54.02
2026/09/19 22:41:53.708, NVIDIA A100-SXM4-80GB, 0, 1, 54.02
2026/09/19 22:41:54.736, NVIDIA A100-SXM4-80GB, 0, 1, 54.02
2026/09/19 22:41:55.766, NVIDIA A100-SXM4-80GB, 0, 1, 53.75
2026/09/19 22:41:56.793, NVIDIA A100-SXM4-80GB, 0, 423, 60.09
2026/09/19 22:41:57.818, NVIDIA A100-SXM4-80GB, 0, 423, 60.37
2026/09/19 22:41:58.841, NVIDIA A100-SXM4-80GB, 0, 423, 76.09
2026/09/19 22:41:59.865, NVIDIA A100-SXM4-80GB, 0, 423, 75.50
2026/09/19 22:42:00.889, NVIDIA A100-SXM4-80GB, 0, 423, 60.37
2026/09/19 22:42:01.913, NVIDIA A100-SXM4-80GB, 0, 423, 60.37
2026/09/19 22:42:02.944, NVIDIA A100-SXM4-80GB, 0, 423, 60.37
2026/09/19 22:42:03.970, NVIDIA A100-SXM4-80GB, 0, 423, 60.96
2026/09/19 22:42:04.995, NVIDIA A100-SXM4-80GB, 0, 423, 60.37
2026/09/19 22:42:06.019, NVIDIA A100-SXM4-80GB, 0, 423, 60.37
2026/09/19 22:42:07.042, NVIDIA A100-SXM4-80GB, 1, 423, 60.09
2026/09/19 22:42:08.065, NVIDIA A100-SXM4-80GB, 1, 429, 60.09
2026/09/19 22:42:09.088, NVIDIA A100-SXM4-80GB, 2, 435, 60.96
2026/09/19 22:42:10.110, NVIDIA A100-SXM4-80GB, 2, 441, 75.50
2026/09/19 22:42:11.132, NVIDIA A100-SXM4-80GB, 24, 3655, 75.50
2026/09/19 22:42:12.155, NVIDIA A100-SXM4-80GB, 1, 4151, 60.69
2026/09/19 22:42:13.179, NVIDIA A100-SXM4-80GB, 0, 4157, 60.69
2026/09/19 22:42:14.206, NVIDIA A100-SXM4-80GB, 2, 4163, 60.37
2026/09/19 22:42:15.232, NVIDIA A100-SXM4-80GB, 2, 13877, 60.96
2026/09/19 22:42:16.260, NVIDIA A100-SXM4-80GB, 99, 21095, 83.03
2026/09/19 22:42:17.287, NVIDIA A100-SXM4-80GB, 0, 21095, 75.77
2026/09/19 22:42:18.313, NVIDIA A100-SXM4-80GB, 100, 21095, 83.64
2026/09/19 22:42:19.337, NVIDIA A100-SXM4-80GB, 100, 21095, 83.03
2026/09/19 22:42:20.361, NVIDIA A100-SXM4-80GB, 100, 21095, 83.31
2026/09/19 22:42:21.387, NVIDIA A100-SXM4-80GB, 100, 21095, 83.31
2026/09/19 22:42:22.412, NVIDIA A100-SXM4-80GB, 100, 21095, 99.04
2026/09/19 22:42:23.438, NVIDIA A100-SXM4-80GB, 2, 21007, 76.09
2026/09/19 22:42:24.463, NVIDIA A100-SXM4-80GB, 19, 10801, 76.96
2026/09/19 22:42:25.487, NVIDIA A100-SXM4-80GB, 8, 493, 78.48
2026/09/19 22:42:26.512, NVIDIA A100-SXM4-80GB, 0, 477, 75.77
2026/09/19 22:42:27.535, NVIDIA A100-SXM4-80GB, 0, 477, 60.37
2026/09/19 22:42:28.562, NVIDIA A100-SXM4-80GB, 0, 1, 60.69
2026/09/19 22:42:29.586, NVIDIA A100-SXM4-80GB, 0, 1, 54.61
2026/09/19 22:42:30.615, NVIDIA A100-SXM4-80GB, 0, 1, 54.02
2026/09/19 22:42:31.642, NVIDIA A100-SXM4-80GB, 0, 1, 75.77
2026/09/19 22:42:32.664, NVIDIA A100-SXM4-80GB, 0, 1, 76.09
2026/09/19 22:42:33.688, NVIDIA A100-SXM4-80GB, 0, 423, 60.69
2026/09/19 22:42:34.714, NVIDIA A100-SXM4-80GB, 0, 423, 60.96
2026/09/19 22:42:35.737, NVIDIA A100-SXM4-80GB, 0, 423, 60.69
2026/09/19 22:42:36.760, NVIDIA A100-SXM4-80GB, 0, 423, 60.69
2026/09/19 22:42:37.784, NVIDIA A100-SXM4-80GB, 0, 423, 60.69
2026/09/19 22:42:38.808, NVIDIA A100-SXM4-80GB, 0, 423, 60.69
2026/09/19 22:42:39.830, NVIDIA A100-SXM4-80GB, 0, 423, 60.09
2026/09/19 22:42:40.854, NVIDIA A100-SXM4-80GB, 0, 423, 60.69
2026/09/19 22:42:41.879, NVIDIA A100-SXM4-80GB, 0, 423, 60.69
2026/09/19 22:42:42.903, NVIDIA A100-SXM4-80GB, 0, 423, 76.09
2026/09/19 22:42:43.927, NVIDIA A100-SXM4-80GB, 0, 1, 76.09
2026/09/19 22:42:44.951, NVIDIA A100-SXM4-80GB, 0, 1, 54.34
